ID_Origen,ID_Destino,Tipo_Via
1771508499,1771508498,tertiary
1771508498,1771508499,tertiary
1771508498,8392135127,tertiary
8392135127,1771508498,tertiary
8392135127,571784200,tertiary
571784200,8392135127,tertiary
571784200,392350360,tertiary
392350360,571784200,tertiary
1260443489,12887932613,residential
12887932613,430557361,residential
446376377,392350369,residential
392350369,5909119725,residential
5909119725,4783628461,residential
4783628461,392350322,residential
392350322,392350310,residential
392350310,11624973513,residential
11624973513,1167270469,residential
430557360,6511026660,residential
6511026660,1260443004,residential
1260445595,12884511761,tertiary
12884511761,12884511764,tertiary
12884511764,1260445596,tertiary
1260445596,12884511750,tertiary
12884511750,12884511755,tertiary
12884511755,12884511753,tertiary
12884511753,12884511743,tertiary
12884511743,11418618545,tertiary
11418618545,446376365,tertiary
446387519,1824867758,residential
1824867758,2052322997,residential
2052322997,1167270291,residential
1167270291,1167269818,residential
1167269818,1167270074,residential
1167270074,1194373320,residential
1194373320,1167270015,residential
1167270015,1167270489,residential
1167269868,12884511747,residential
12884511747,6511026663,residential
6511026663,1260442998,residential
1167270363,1167270036,residential
1167269872,1167270444,residential
1167270444,1167269869,residential
1167269869,1824867778,residential
392350321,392350325,residential
392350325,3906638125,residential
3906638125,392350329,residential
392350329,12884511936,residential
12884511936,392350333,residential
567058874,567058875,residential
567058875,3591116673,residential
3591116673,1170591028,residential
1170591028,567058876,residential
1000789494,6728705699,tertiary
6728705699,1000789494,tertiary
6728705699,1260431092,tertiary
1260431092,6728705699,tertiary
1176386812,6728705698,residential
6728705698,1260437098,residential
595505138,12884512154,secondary
12884512154,4240297270,secondary
4240297270,4240297271,secondary
4240297271,4240297272,secondary
4240297272,3218158503,secondary
3218158503,1771984415,secondary
1771984415,5919488294,secondary
5919488294,12884512061,secondary
12884512061,1392330380,secondary
571784200,1771508509,residential
1771508509,571784198,residential
571784198,5133535172,residential
5133535172,1170612579,residential
1170612579,3460650658,residential
3460650658,1176386729,residential
1176386729,1176386762,residential
1387553556,595505141,primary
595505141,1771986545,primary
4240297268,4240297263,primary
4240297263,4240297264,primary
4240297264,4240297265,primary
4240297265,4240297266,primary
4240297266,3460650633,primary
3460650633,3313256783,primary
3313256783,12253568182,primary
12253568182,595505139,primary
595505139,11278127876,primary
11278127876,3460650637,primary
3460650637,12253568181,primary
12253568181,1387553589,primary
595505256,2935192036,secondary
2935192036,595505256,secondary
2935192036,1025603486,secondary
1025603486,2935192036,secondary
1025603486,2935192018,secondary
2935192018,1025603486,secondary
2935192018,12884512052,secondary
12884512052,2935192018,secondary
12884512052,595505253,secondary
595505253,12884512052,secondary
7799798728,985377295,residential
985377295,8958417897,residential
8958417897,1365467655,residential
985377401,12874338430,residential
12874338430,2080352488,residential
2080352488,2080352502,residential
2080352502,7686443989,residential
7686443989,12874338467,residential
12874338467,1551413598,residential
1551413598,7686443988,residential
7686443988,5921895345,residential
5921895345,1365467060,residential
1167270280,12875844268,secondary
12875844268,2068540654,secondary
2068540654,12874634510,secondary
12874634510,12874634505,secondary
12874634505,1168544500,secondary
1168544500,985377272,secondary
985377272,2052323184,secondary
2052323184,985377273,secondary
985377273,1170590918,secondary
1170590918,1365467110,secondary
1365467110,1170590849,secondary
1170590849,1170591158,secondary
1170591158,7805430459,secondary
7805430459,1365467434,secondary
1365467434,8399440892,secondary
8399440892,8420781609,secondary
8420781609,1365467465,secondary
1365467465,1365467497,secondary
1365467497,1365467518,secondary
1365467518,1365467544,secondary
1365467544,1365467573,secondary
1365467573,1365467610,secondary
1365467610,8421009346,secondary
8421009346,8421009331,secondary
8421009331,8421009349,secondary
8421009349,7799798726,secondary
7799798726,7799798730,secondary
567058873,11749456236,residential
11749456236,11749456238,residential
11749456238,1167270081,residential
1167270081,1167270286,residential
1390785577,1390785568,residential
1390785568,1390785577,residential
571784153,11747705607,secondary
11747705607,571784162,secondary
571784162,2068477171,secondary
2068477171,446390853,secondary
571784154,1000789497,secondary
1000789497,1000789486,secondary
571784169,12874338405,residential
12874338405,12875844262,residential
12875844262,12875844259,residential
12875844259,12872347842,residential
12872347842,2068540678,residential
2068540678,12875844260,residential
12875844260,12874338419,residential
12874338419,446376412,residential
446376412,8415593451,residential
8415593451,1170590884,residential
1170590884,8415593453,residential
8415593453,2052323186,residential
2052323186,8415593449,residential
8415593449,1170590967,residential
1170590967,8415593454,residential
8415593454,8415593433,residential
8415593433,1170590768,residential
1170590768,8415593452,residential
8415593452,1365467144,residential
1365467144,8415593440,residential
8415593440,1170590662,residential
1170590662,8415593436,residential
8415593436,8415593441,residential
8415593441,1170590690,residential
1170590690,8415593456,residential
8415593456,8415593462,residential
8415593462,1170591161,residential
1170591161,8415593459,residential
8415593459,1365467473,residential
1365467473,1365467484,residential
1365467484,8415593464,residential
8415593464,1170591093,residential
1170591093,8415593450,residential
8415593450,8415593455,residential
8415593455,1170591066,residential
1170591066,8415593444,residential
8415593444,8415593461,residential
8415593461,1170591131,residential
1170591131,8415593465,residential
8415593465,8415593460,residential
8415593460,1170590723,residential
1170590723,8415593473,residential
8415593473,8415593435,residential
8415593435,1170591186,residential
1170591186,8415593467,residential
8415593467,1170591103,residential
1170591103,7799798717,residential
7799798717,7799798720,residential
1015252999,7684408061,primary
7684408061,5912829456,primary
5912829456,12259700420,primary
12259700420,12259700431,primary
12259700431,12259700440,primary
12259700440,1391039172,primary
1391039172,1015253001,primary
595505254,12884512100,secondary
12884512100,12884512110,secondary
12884512110,1392302077,secondary
1392302077,12884512114,secondary
12884512114,5939416950,secondary
5939416950,12884512016,secondary
12884512016,1392271465,secondary
1392271465,12884512017,secondary
12884512017,12884512008,secondary
12884512008,1390875770,secondary
1025603485,1025603484,primary
1015252982,1365442071,secondary
1365442071,1015252982,secondary
1365442071,7686444005,secondary
7686444005,1365442071,secondary
7686444005,1365442004,secondary
1365442004,7686444005,secondary
1365442004,1365441942,secondary
1365441942,1365442004,secondary
1365441942,13713237259,secondary
13713237259,1365441942,secondary
13713237259,1365441891,secondary
1365441891,13713237259,secondary
1167270158,1167270171,residential
1167270171,1871063307,residential
1871063307,2077087070,residential
2077087070,1392271458,residential
1392271458,2077087074,residential
2077087074,1390875763,residential
1390875763,1791111681,residential
1791111681,7684408048,residential
7684408048,7684408046,residential
7684408046,1705192748,residential
1705192748,12884511828,residential
12884511828,1167270289,residential
1167270289,5910349672,residential
5910349672,1167269961,residential
1167269961,1167270458,residential
1167270458,1167269940,residential
1167269940,1167270046,residential
1167270046,1167270506,residential
1167270506,1167270167,residential
1167270167,1170590886,residential
1170590886,1167270473,residential
1167270473,1167270257,residential
1167270360,1167269962,residential
1167269962,1167270360,residential
446376376,1167270428,residential
1167270428,1170590707,residential
1170590707,1167270226,residential
571784192,571784194,residential
1194373379,7431777285,residential
7431777285,1194373379,residential
7431777285,7431777086,residential
7431777086,7431777285,residential
7431777086,7431752086,residential
7431752086,7431777086,residential
7431752086,1194373324,residential
1194373324,7431752086,residential
1387550357,1168564592,residential
1168564592,1167269985,residential
4240623471,4240623470,residential
4240623470,4240623471,residential
4240623470,7686443899,residential
7686443899,4240623470,residential
7686443899,4240623468,residential
4240623468,7686443899,residential
1167270257,1170590670,residential
1168544222,5486881997,residential
5486881997,1170590884,residential
1170590884,1170591171,residential
1170591171,985377272,residential
1170590707,1170590886,residential
1170590670,7686432652,residential
7686432652,4240571014,residential
4240571014,2118016424,residential
2118016424,1167270476,residential
1167270476,2118016402,residential
2118016402,1167269895,residential
1170590731,1170591282,tertiary
1170591282,5923317307,tertiary
5923317307,1170591150,tertiary
1170591150,1365467208,tertiary
1365467208,1170590622,tertiary
1170590622,2470253580,tertiary
2470253580,1170590817,tertiary
1170590817,1365441744,tertiary
1365441744,2123976505,tertiary
2123976505,2123976475,tertiary
2123976475,1365467602,tertiary
1365467602,4240242109,tertiary
4240242109,1365467629,tertiary
1390858557,1170590699,tertiary
1170590699,1390875832,tertiary
1390875832,1170590958,tertiary
1170590958,1390875838,tertiary
1390875838,1170591135,tertiary
1170591135,1170591001,tertiary
1170591001,1170590778,tertiary
1170590778,1170591005,tertiary
1170591005,1170591115,tertiary
1365441768,1365441751,tertiary
1365441751,1365441736,tertiary
1365441736,1365467440,tertiary
1365467440,1365441713,tertiary
1196732259,1365467108,residential
1365467108,1387614272,residential
1387614272,1365467097,residential
1365467097,1365467092,residential
1365467092,1387598411,residential
1387598411,1170591296,residential
1260445217,12887932664,residential
12887932664,1771508523,residential
1771508523,1771508522,residential
1771508522,1170612627,residential
1170612627,1170612579,residential
1176386770,12884508882,residential
12884508882,1176386730,residential
1176386730,12259994562,residential
12259994562,1176386810,residential
1167270231,1176386789,residential
1176386789,12882427365,residential
12882427365,1176386784,residential
1176386786,12259994544,residential
12259994544,12259994545,residential
12259994545,1176386769,residential
1176386769,12884511705,residential
12884511705,12884508873,residential
12884508873,1167269868,residential
1260445596,12884511742,residential
12884511742,1176386850,residential
1176386850,12259994525,residential
12259994525,1176386794,residential
1176386794,4236758013,residential
1176386734,4240297251,residential
4240297251,1387621149,residential
1387621149,1771509784,residential
1182784155,1182784185,residential
1182784185,1387612683,residential
6124295391,1392271465,residential
1392271465,1392271461,residential
1392271461,1392271458,residential
1392271458,1392271453,residential
1392271453,1390716830,residential
1260432719,1188226890,residential
2077087064,1188247559,tertiary
1188247559,2116945947,tertiary
2116945947,1392330374,tertiary
1392330374,1392334746,tertiary
1392334746,12886803313,tertiary
12886803313,1170612412,tertiary
1170612386,1392334750,residential
1392334750,1170612386,residential
1392334750,1392330375,residential
1392330375,1392334750,residential
1390875891,1390875887,residential
1390875887,4240682114,residential
4240682114,1170591113,residential
1170591113,1489824348,residential
1489824348,1170590640,residential
1170590640,1390875843,residential
1390875843,1390875838,residential
1390875838,1387511773,residential
1387511773,1387511772,residential
1387511772,1387511771,residential
1194373388,2116945948,tertiary
2116945948,1392330364,tertiary
1392330364,2091748230,tertiary
2091748230,1170612466,tertiary
1170612466,1392302072,tertiary
1392302072,3460650656,tertiary
3460650656,1392316149,tertiary
1392316149,3460650661,tertiary
3460650661,1390875710,tertiary
1390875710,1392330423,tertiary
1392330423,1392318164,tertiary
1392318164,2091748235,tertiary
2091748235,12886803115,tertiary
12886803115,1387606353,tertiary
1387606354,1392318167,residential
1392318167,1194373351,residential
1167269983,1167269961,residential
1167269961,1170590735,residential
1167269828,1194373326,residential
1194373326,2052323081,residential
2052323081,1167270262,residential
1167270262,1167270330,residential
1167269939,1392318171,residential
1211327785,1211327777,residential
1167270520,1167270516,tertiary
1167270516,1167270412,tertiary
1167270412,2052323157,tertiary
2052323157,1167269948,tertiary
1167269948,2133908589,tertiary
2133908589,1170591231,tertiary
1170591231,2133908594,tertiary
2133908594,1170591261,tertiary
1170591261,2134228916,tertiary
2134228916,1170590699,tertiary
1167270228,1167270329,residential
1167270329,2118016403,residential
2118016403,1167270422,residential
1167270422,2133908582,residential
2133908582,1167269871,residential
1167269871,3220983676,residential
3220983676,1170591162,residential
1170591162,1170591274,residential
1170591274,1170591135,residential
1167270059,1167270316,residential
1167270316,4240571035,residential
4240571035,7686432653,residential
7686432653,1167270420,residential
1167270420,2133908579,residential
2133908579,1167270125,residential
1167270125,1170590819,residential
1170590819,1170590977,residential
1170590977,2134228918,residential
2134228918,1170590958,residential
1188226906,1553059378,tertiary
1553059378,1188226906,tertiary
1553059378,1553059448,tertiary
1553059448,1553059378,tertiary
1553059448,1553059524,tertiary
1553059524,1553059448,tertiary
1553059524,1553059459,tertiary
1553059459,1553059524,tertiary
1553059459,1553059667,tertiary
1553059667,1553059459,tertiary
1553059667,1553059484,tertiary
1553059484,1553059667,tertiary
1553059484,1553059399,tertiary
1553059399,1553059484,tertiary
1553059399,1553059565,tertiary
1553059565,1553059399,tertiary
1553059565,1553059450,tertiary
1553059450,1553059565,tertiary
1553059450,1553059487,tertiary
1553059487,1553059450,tertiary
1553059487,1553059548,tertiary
1553059548,1553059487,tertiary
1553059548,1553059572,tertiary
1553059572,1553059548,tertiary
1553059572,1553059367,tertiary
1553059367,1553059572,tertiary
1553059367,1553059385,tertiary
1553059385,1553059367,tertiary
1553059385,1553059700,tertiary
1553059700,1553059385,tertiary
1553059700,1553059418,tertiary
1553059418,1553059700,tertiary
1553059418,1553059629,tertiary
1553059629,1553059418,tertiary
1553059629,1553059316,tertiary
1553059316,1553059629,tertiary
1553059316,1553059664,tertiary
1553059664,1553059316,tertiary
1553059664,1553059643,tertiary
1553059643,1553059664,tertiary
1553059643,7684407685,tertiary
7684407685,1553059643,tertiary
7684407685,1553059705,tertiary
1553059705,7684407685,tertiary
1553059705,1553059443,tertiary
1553059443,1553059705,tertiary
1553059443,1553059439,tertiary
1553059439,1553059443,tertiary
1553059439,1553059596,tertiary
1553059596,1553059439,tertiary
1553059596,1553059401,tertiary
1553059401,1553059596,tertiary
1553059401,6067604753,tertiary
6067604753,1553059401,tertiary
6067604753,1553059502,tertiary
1553059502,6067604753,tertiary
1553059502,1553059426,tertiary
1553059426,1553059502,tertiary
1553059426,1553059481,tertiary
1553059481,1553059426,tertiary
1553059481,1553059425,tertiary
1553059425,1553059481,tertiary
1553059425,1553059559,tertiary
1553059559,1553059425,tertiary
1553059559,1553059615,tertiary
1553059615,1553059559,tertiary
1553059615,11280289118,tertiary
11280289118,1553059615,tertiary
11280289118,1553059437,tertiary
1553059437,11280289118,tertiary
1553059437,1553059434,tertiary
1553059434,1553059437,tertiary
1553059434,1553059639,tertiary
1553059639,1553059434,tertiary
1553059639,1553059494,tertiary
1553059494,1553059639,tertiary
1553059494,1553059395,tertiary
1553059395,1553059494,tertiary
1553059395,1553059526,tertiary
1553059526,1553059395,tertiary
1553059526,1553059701,tertiary
1553059701,1553059526,tertiary
1553059701,1553059584,tertiary
1553059584,1553059701,tertiary
1553059584,1553059364,tertiary
1553059364,1553059584,tertiary
1553059364,1188226909,tertiary
1188226909,1553059364,tertiary
1188226909,1553059607,tertiary
1553059607,1188226909,tertiary
1553059607,1553059349,tertiary
1553059349,1553059607,tertiary
1553059349,1553059429,tertiary
1553059429,1553059349,tertiary
1553059429,7684406582,tertiary
7684406582,1553059429,tertiary
7684406582,1553059611,tertiary
1553059611,7684406582,tertiary
1553059611,1553059511,tertiary
1553059511,1553059611,tertiary
1553059511,1553059421,tertiary
1553059421,1553059511,tertiary
1553059421,1553059466,tertiary
1553059466,1553059421,tertiary
1553059466,1553059609,tertiary
1553059609,1553059466,tertiary
1553059609,1553059374,tertiary
1553059374,1553059609,tertiary
1553059374,12259994791,tertiary
12259994791,1553059374,tertiary
12259994791,1553059330,tertiary
1553059330,12259994791,tertiary
1553059330,1553059687,tertiary
1553059687,1553059330,tertiary
1553059687,12259994789,tertiary
12259994789,1553059687,tertiary
12259994789,1553059400,tertiary
1553059400,12259994789,tertiary
1553059400,1553059402,tertiary
1553059402,1553059400,tertiary
1553059402,12877511766,tertiary
12877511766,1553059402,tertiary
12877511766,1553059610,tertiary
1553059610,12877511766,tertiary
1553059610,1553059649,tertiary
1553059649,1553059610,tertiary
1553059649,12259994790,tertiary
12259994790,1553059649,tertiary
12259994790,1553059315,tertiary
1553059315,12259994790,tertiary
1553059315,1553059536,tertiary
1553059536,1553059315,tertiary
1553059536,1553059372,tertiary
1553059372,1553059536,tertiary
1553059372,1553059617,tertiary
1553059617,1553059372,tertiary
1553059617,1553059313,tertiary
1553059313,1553059617,tertiary
1553059313,1553059593,tertiary
1553059593,1553059313,tertiary
1553059593,1553059640,tertiary
1553059640,1553059593,tertiary
1553059640,1553059674,tertiary
1553059674,1553059640,tertiary
1553059674,1553059613,tertiary
1553059613,1553059674,tertiary
1553059613,1553059637,tertiary
1553059637,1553059613,tertiary
1553059637,1553059361,tertiary
1553059361,1553059637,tertiary
1553059361,1553059709,tertiary
1553059709,1553059361,tertiary
1553059709,1553059482,tertiary
1553059482,1553059709,tertiary
1553059482,1553059480,tertiary
1553059480,1553059482,tertiary
1553059480,7684406578,tertiary
7684406578,1553059480,tertiary
7684406578,1553059317,tertiary
1553059317,7684406578,tertiary
1553059317,1553059550,tertiary
1553059550,1553059317,tertiary
1553059550,7684406579,tertiary
7684406579,1553059550,tertiary
7684406579,7684406580,tertiary
7684406580,7684406579,tertiary
7684406580,1553059579,tertiary
1553059579,7684406580,tertiary
1553059579,7684406581,tertiary
7684406581,1553059579,tertiary
7684406581,1553059587,tertiary
1553059587,7684406581,tertiary
1553059587,1553059634,tertiary
1553059634,1553059587,tertiary
1553059634,1553059451,tertiary
1553059451,1553059634,tertiary
1553059451,7684406577,tertiary
7684406577,1553059451,tertiary
7684406577,1553059474,tertiary
1553059474,7684406577,tertiary
1553059474,1553059503,tertiary
1553059503,1553059474,tertiary
1553059503,1553059720,tertiary
1553059720,1553059503,tertiary
1553059720,1553059461,tertiary
1553059461,1553059720,tertiary
1553059461,1553059684,tertiary
1553059684,1553059461,tertiary
1553059684,1553059545,tertiary
1553059545,1553059684,tertiary
1553059545,1553059327,tertiary
1553059327,1553059545,tertiary
1553059327,1553059703,tertiary
1553059703,1553059327,tertiary
1553059703,1553059708,tertiary
1553059708,1553059703,tertiary
1553059708,1553059675,tertiary
1553059675,1553059708,tertiary
1553059675,7684406576,tertiary
7684406576,1553059675,tertiary
7684406576,1553059510,tertiary
1553059510,7684406576,tertiary
1553059510,1553059508,tertiary
1553059508,1553059510,tertiary
1553059508,1553059351,tertiary
1553059351,1553059508,tertiary
1553059351,1553059328,tertiary
1553059328,1553059351,tertiary
1553059328,1553059396,tertiary
1553059396,1553059328,tertiary
1553059396,1553059359,tertiary
1553059359,1553059396,tertiary
1553059359,1553059563,tertiary
1553059563,1553059359,tertiary
1553059563,1553059333,tertiary
1553059333,1553059563,tertiary
1553059333,1553059525,tertiary
1553059525,1553059333,tertiary
1553059525,1553059519,tertiary
1553059519,1553059525,tertiary
1553059519,1553059560,tertiary
1553059560,1553059519,tertiary
1553059560,1553059380,tertiary
1553059380,1553059560,tertiary
1553059380,7684406575,tertiary
7684406575,1553059380,tertiary
7684406575,7684406574,tertiary
7684406574,7684406575,tertiary
7684406574,1553059334,tertiary
1553059334,7684406574,tertiary
1553059334,8138806472,tertiary
8138806472,1553059334,tertiary
8138806472,1553059505,tertiary
1553059505,8138806472,tertiary
1553059505,1553059538,tertiary
1553059538,1553059505,tertiary
1553059538,1553059528,tertiary
1553059528,1553059538,tertiary
1553059528,1553059706,tertiary
1553059706,1553059528,tertiary
1553059706,1553059441,tertiary
1553059441,1553059706,tertiary
1553059441,1553059574,tertiary
1553059574,1553059441,tertiary
1553059574,1553059449,tertiary
1553059449,1553059574,tertiary
1553059449,1553059345,tertiary
1553059345,1553059449,tertiary
1553059345,1553059489,tertiary
1553059489,1553059345,tertiary
1553059489,1553059492,tertiary
1553059492,1553059489,tertiary
1553059492,1553059530,tertiary
1553059530,1553059492,tertiary
1553059530,7684406573,tertiary
7684406573,1553059530,tertiary
7684406573,1553059471,tertiary
1553059471,7684406573,tertiary
1553059471,1553059588,tertiary
1553059588,1553059471,tertiary
1553059588,1553059521,tertiary
1553059521,1553059588,tertiary
1553059521,1553059325,tertiary
1553059325,1553059521,tertiary
1553059325,1553059501,tertiary
1553059501,1553059325,tertiary
1553059501,1553059307,tertiary
1553059307,1553059501,tertiary
1553059307,1553059632,tertiary
1553059632,1553059307,tertiary
1553059632,1553059397,tertiary
1553059397,1553059632,tertiary
1553059397,1553059685,tertiary
1553059685,1553059397,tertiary
1553059685,1553059428,tertiary
1553059428,1553059685,tertiary
1553059428,1553059681,tertiary
1553059681,1553059428,tertiary
1553059681,1553059669,tertiary
1553059669,1553059681,tertiary
1553059669,1553059398,tertiary
1553059398,1553059669,tertiary
1553059398,1553059337,tertiary
1553059337,1553059398,tertiary
1553059337,1553059616,tertiary
1553059616,1553059337,tertiary
1553059616,1553059469,tertiary
1553059469,1553059616,tertiary
1553059469,1553059423,tertiary
1553059423,1553059469,tertiary
1553059423,1553059310,tertiary
1553059310,1553059423,tertiary
1553059310,1553059357,tertiary
1553059357,1553059310,tertiary
1553059357,1553059463,tertiary
1553059463,1553059357,tertiary
1553059463,1553059540,tertiary
1553059540,1553059463,tertiary
1553059540,1553059370,tertiary
1553059370,1553059540,tertiary
1553059370,1553059414,tertiary
1553059414,1553059370,tertiary
1553059414,1553059570,tertiary
1553059570,1553059414,tertiary
1553059570,1553059542,tertiary
1553059542,1553059570,tertiary
1553059542,1553059369,tertiary
1553059369,1553059542,tertiary
1553059369,1553059445,tertiary
1553059445,1553059369,tertiary
1553059445,1553059662,tertiary
1553059662,1553059445,tertiary
1553059662,7684406572,tertiary
7684406572,1553059662,tertiary
7684406572,1553059419,tertiary
1553059419,7684406572,tertiary
1553059419,1553059504,tertiary
1553059504,1553059419,tertiary
1553059504,8138806471,tertiary
8138806471,1553059504,tertiary
8138806471,1553059476,tertiary
1553059476,8138806471,tertiary
1553059476,7684406571,tertiary
7684406571,1553059476,tertiary
7684406571,1553059354,tertiary
1553059354,7684406571,tertiary
1553059354,1553059323,tertiary
1553059323,1553059354,tertiary
1553059323,1553059677,tertiary
1553059677,1553059323,tertiary
1553059677,12259994788,tertiary
12259994788,1553059677,tertiary
12259994788,1553059382,tertiary
1553059382,12259994788,tertiary
1553059382,7684406570,tertiary
7684406570,1553059382,tertiary
7684406570,1553059527,tertiary
1553059527,7684406570,tertiary
1553059527,1553059552,tertiary
1553059552,1553059527,tertiary
1553059552,1553059557,tertiary
1553059557,1553059552,tertiary
1553059557,1553059647,tertiary
1553059647,1553059557,tertiary
1553059647,1553059507,tertiary
1553059507,1553059647,tertiary
1553059507,7684406569,tertiary
7684406569,1553059507,tertiary
7684406569,1553059678,tertiary
1553059678,7684406569,tertiary
1553059678,1553059652,tertiary
1553059652,1553059678,tertiary
1553059652,1260407741,tertiary
1260407741,1553059652,tertiary
1260407741,1260407739,tertiary
1260407739,1260407741,tertiary
1260407739,1260407743,tertiary
1260407743,1260407739,tertiary
1260407743,1260407806,tertiary
1260407806,1260407743,tertiary
1260407806,1260407804,tertiary
1260407804,1260407806,tertiary
1260407804,1260407799,tertiary
1260407799,1260407804,tertiary
1260407799,1260407801,tertiary
1260407801,1260407799,tertiary
1260407801,1260407800,tertiary
1260407800,1260407801,tertiary
1260407800,1260407798,tertiary
1260407798,1260407800,tertiary
1260407798,1260407802,tertiary
1260407802,1260407798,tertiary
1260407802,8138806470,tertiary
8138806470,1260407802,tertiary
8138806470,1260407773,tertiary
1260407773,8138806470,tertiary
1260407773,8138806469,tertiary
8138806469,1260407773,tertiary
8138806469,1260407805,tertiary
1260407805,8138806469,tertiary
1260407805,8138806468,tertiary
8138806468,1260407805,tertiary
8138806468,1260407803,tertiary
1260407803,8138806468,tertiary
1260407803,12259994787,tertiary
12259994787,1260407803,tertiary
12259994787,1260407747,tertiary
1260407747,12259994787,tertiary
1260407747,1260407796,tertiary
1260407796,1260407747,tertiary
1260407796,12259994786,tertiary
12259994786,1260407796,tertiary
12259994786,1260407792,tertiary
1260407792,12259994786,tertiary
1260407792,8138806467,tertiary
8138806467,1260407792,tertiary
8138806467,1260407807,tertiary
1260407807,8138806467,tertiary
1260407807,1260407797,tertiary
1260407797,1260407807,tertiary
1260407797,1260407795,tertiary
1260407795,1260407797,tertiary
1260407795,1260407793,tertiary
1260407793,1260407795,tertiary
1260407793,12287227901,tertiary
12287227901,1260407793,tertiary
12287227901,1260407788,tertiary
1260407788,12287227901,tertiary
1260407788,1260407790,tertiary
1260407790,1260407788,tertiary
1260407790,1260407786,tertiary
1260407786,1260407790,tertiary
1260407786,12259994797,tertiary
12259994797,1260407786,tertiary
12259994797,1260407791,tertiary
1260407791,12259994797,tertiary
1260407791,1260407789,tertiary
1260407789,1260407791,tertiary
1260407789,1260407787,tertiary
1260407787,1260407789,tertiary
1260407787,1260407785,tertiary
1260407785,1260407787,tertiary
1260407785,1260407783,tertiary
1260407783,1260407785,tertiary
1260407783,1260407762,tertiary
1260407762,1260407783,tertiary
1260407762,11280378945,tertiary
11280378945,1260407762,tertiary
11280378945,1260407760,tertiary
1260407760,11280378945,tertiary
1260407760,1260407764,tertiary
1260407764,1260407760,tertiary
1260407764,1260407770,tertiary
1260407770,1260407764,tertiary
1260407770,12877511778,tertiary
12877511778,1260407770,tertiary
12877511778,1260407757,tertiary
1260407757,12877511778,tertiary
1260407757,1260407766,tertiary
1260407766,1260407757,tertiary
1260407766,1260407767,tertiary
1260407767,1260407766,tertiary
1260407767,1260407768,tertiary
1260407768,1260407767,tertiary
1260407768,1260407755,tertiary
1260407755,1260407768,tertiary
1260407755,1260407763,tertiary
1260407763,1260407755,tertiary
1260407763,13241688452,tertiary
13241688452,1260407763,tertiary
13241688452,13241688453,tertiary
13241688453,13241688452,tertiary
13241688453,13241688454,tertiary
13241688454,13241688453,tertiary
1260351965,1260427710,tertiary
1260427710,1260427715,tertiary
1260427715,1260427711,tertiary
1260427711,1260427714,tertiary
1260427714,1260427712,tertiary
446390858,12872347563,primary
12872347563,1260438511,primary
1260438511,12259994706,primary
12259994706,1260431119,primary
1260431119,12872322239,primary
12872322239,12259994710,primary
12259994710,12259994712,primary
12259994712,1260428341,primary
1260428341,446376371,primary
446376371,12259994713,primary
12259994713,1260428343,primary
1260428343,12259994685,primary
12259994685,12882427076,primary
12882427076,1260428344,primary
1260428344,1000789494,primary
1000789494,12882427088,primary
12882427088,1260438015,primary
1260438015,6096841894,primary
6096841894,12259994656,primary
12259994656,12882427107,primary
12882427107,446376367,primary
1260427715,11280289115,residential
11280289115,12259994699,residential
12259994699,12259994698,residential
12259994698,3917293114,residential
3917293114,3917293116,residential
3917293116,12259994693,residential
12259994693,1260428142,residential
12259994784,12259994785,residential
12259994785,12259994784,residential
12259994785,12259994777,residential
12259994777,12259994785,residential
12259994777,12259994776,residential
12259994776,12259994777,residential
12259994776,12259994775,residential
12259994775,12259994776,residential
12259994775,3917170716,residential
3917170716,12259994775,residential
3917170716,7681388442,residential
7681388442,3917170716,residential
7681388442,1260429782,residential
1260429782,7681388442,residential
1260429782,1260429779,residential
1260429779,1260429782,residential
1260429779,7029422221,residential
7029422221,1260429779,residential
7029422221,12259994766,residential
12259994766,7029422221,residential
12259994766,1260429781,residential
1260429781,12259994766,residential
1260429781,11280378928,residential
11280378928,1260429781,residential
11280378928,1260429783,residential
1260429783,11280378928,residential
2068540710,2068540716,residential
2068540716,7686443986,residential
7686443986,1260431089,residential
1260431089,12872347606,residential
12872347606,1260431088,residential
1260431088,12875844253,residential
12875844253,1260431087,residential
1260431087,1260431090,residential
1260431090,1260431083,residential
1260431083,12873890211,residential
12873890211,1260431082,residential
1260431082,12872322262,residential
12872322262,1260431075,residential
1260431110,12259994707,primary_link
12259994707,1260431106,primary_link
1260431106,1260431113,primary_link
1260431113,1260431115,primary_link
1260431115,7681050343,primary_link
7681050343,1260431105,primary_link
1260431105,3916353491,primary_link
3916353491,3916353490,primary_link
3916353490,1260431119,primary_link
392350369,11877258532,residential
11877258532,567058872,residential
567058872,571784162,residential
571784162,11747705611,residential
11747705611,571784157,residential
571784157,11747705612,residential
11747705612,11747705617,residential
11747705617,1167270428,residential
1167270428,1167270473,residential
1167270473,1167270390,residential
1167270390,1167270479,residential
1167270479,1824867768,residential
1824867768,1167270393,residential
1167270393,4240571032,residential
4240571032,3954626667,residential
3954626667,1194373326,residential
1194373326,392350367,residential
392350367,2052323087,residential
2052323087,1390858540,residential
1390858540,1390673961,residential
1390673961,1390944724,residential
1390944724,2052323083,residential
2052323083,1824867767,residential
1824867767,1824867766,residential
1824867766,1824867765,residential
1824867765,1167269821,residential
1167269821,1167270023,residential
1167270023,1167270032,residential
446390856,12882427160,residential
12882427160,1176386766,residential
1176386766,446390855,residential
1167270298,7681050334,secondary
7681050334,1260437106,secondary
392350352,1260437531,secondary
1260437531,1260437524,secondary
1260437524,1260437525,secondary
1260437525,1260437522,secondary
1260437522,1260437526,secondary
1260437526,1260437527,secondary
1260437527,1260437523,secondary
1260437523,1260437546,secondary
1260437094,1260438015,residential
1260438015,1260437094,residential
1260431108,3916353494,primary_link
3916353494,3916353495,primary_link
3916353495,1260438516,primary_link
1260438516,7681050342,primary_link
7681050342,1260438513,primary_link
1260438513,1260438510,primary_link
1260438510,3916353493,primary_link
3916353493,1260438511,primary_link
1176386775,12887932920,residential
12887932920,11418685881,residential
11418685881,12887932926,residential
12887932926,1260442992,residential
1260442992,1260442990,residential
1260442990,6096841888,residential
1771508499,1771508502,tertiary
1771508502,1771508512,tertiary
1771508512,1260445236,tertiary
1260445236,1260445234,tertiary
1260445234,1260445230,tertiary
430557364,3902947984,primary
3902947984,1260445231,primary
1260445231,1454272005,primary
1454272005,12254108861,primary
12254108861,12254108829,primary
12254108829,1454272006,primary
1454272006,12254108828,primary
12254108828,12254108827,primary
12254108827,1454272009,primary
1454272009,1454272002,primary
392350307,9118967665,residential
9118967665,12887630854,residential
12887630854,1791264276,residential
1365441727,1365467436,secondary
1365467436,1390825939,secondary
1015252983,1365441727,secondary
1365441722,1365441729,secondary
484686355,1365441718,secondary
1365441718,7686432682,secondary
7686432682,1365441722,secondary
1365441729,2537451812,primary
2537451812,1390825960,primary
1390825960,1365441749,primary
1365441749,1365441776,primary
1365441776,1392454728,primary
1365442082,1390688820,residential
1390688820,1365442082,residential
1390688820,1365442077,residential
1365442077,1390688820,residential
1365442077,1365442075,residential
1365442075,1365442077,residential
1365442075,1365442074,residential
1365442074,1365442075,residential
1365442074,1365442070,residential
1365442070,1365442074,residential
1365442070,1365442062,residential
1365442062,1365442070,residential
1365442062,1365442060,residential
1365442060,1365442062,residential
1365442060,1365442052,residential
1365442052,1365442060,residential
1365442052,1365442035,residential
1365442035,1365442052,residential
1365442035,7686444025,residential
7686444025,1365442035,residential
7686444025,7686444026,residential
7686444026,7686444025,residential
1365442004,1365442000,secondary
1365442000,1365441994,secondary
1365441994,1365441986,secondary
1365441986,1365441978,secondary
1365441978,1365441969,secondary
1365441969,1365441964,secondary
1365441964,1365441949,secondary
1365441949,1365441930,secondary
1365441930,1365441928,secondary
1365441928,1365441923,secondary
1365441923,8419694259,secondary
8419694259,1365441919,secondary
1365441919,1365441913,secondary
1365441839,6273351063,primary
6273351063,5018689840,primary
1365441804,1365441770,residential
1365441913,8415593475,secondary
8415593475,1365441908,secondary
1365441908,1365441905,secondary
1365467629,1365441832,tertiary
1365441821,1365441774,residential
1365441784,1365441768,tertiary
1365441987,1365441972,residential
1365441972,1365441987,residential
1365441845,1365441791,residential
1365441791,1365441845,residential
1365441784,1365441787,residential
1365441787,1365441789,residential
1365441789,1365441802,residential
1365441802,1365441832,residential
1365441832,7799471550,residential
7799471550,1365441881,residential
1365441881,1365441889,residential
1365441889,1365441898,residential
1365441898,1365441913,residential
1365441913,7686444035,residential
7686444035,1365441926,residential
1365441926,7686444036,residential
7686444036,1365441954,residential
1365441954,7806159696,residential
7806159696,1365442008,residential
1365442008,7686444028,residential
7686444028,7686444029,residential
7686444029,7686444026,residential
7686444026,7686444027,residential
1365441749,1365441753,residential
1365441753,1365441773,residential
1365441923,1365441847,residential
1365441847,1365441923,residential
1365441847,1365441842,residential
1365441842,1365441847,residential
1365441832,1365441842,tertiary
1365441842,1365441832,tertiary
1365441806,3953899674,secondary
3953899674,5018689841,secondary
5018689841,6273351060,secondary
6273351060,6273351062,secondary
6273351062,5018689840,secondary
1365441919,1365441972,residential
1365441972,1365441919,residential
1365441972,7686444026,residential
7686444026,1365441972,residential
1365442108,1390688820,residential
1390688820,1365442000,residential
1365442000,1365441942,residential
1365442171,1365442077,residential
1365442077,1365442171,residential
1365442077,1365441994,residential
1365441994,1365442077,residential
1365441847,1365441863,residential
1365441863,1365441847,residential
1365441863,4240242108,residential
4240242108,1365441863,residential
4240242108,1365441919,residential
1365441919,4240242108,residential
1365441807,1365441884,residential
1365441884,13713228751,residential
13713228751,1365441986,residential
1365441986,1365442075,residential
1365442075,1365442180,residential
1365442180,3119079629,residential
3119064728,1365442174,residential
1365442174,3119064728,residential
1365442174,1365442074,residential
1365442074,1365442174,residential
1365442074,1365441978,residential
1365441978,1365442074,residential
1365442070,1365441969,residential
1365441969,1365442070,residential
1365441969,1365441871,residential
1365441871,1365441969,residential
1365441871,1365441805,residential
1365441805,1365441871,residential
1365441805,1365441760,residential
1365441760,1365441805,residential
1365442115,1365442052,residential
1365442052,1365442115,residential
1365442052,1365441930,residential
1365441930,1365442052,residential
1365442215,7686444006,residential
7686444006,1365442215,residential
7686444006,1365442198,residential
1365442198,7686444006,residential
1365442198,1365442177,residential
1365442177,1365442198,residential
1365442177,1365442163,residential
1365442163,1365442177,residential
1365442163,1365442070,residential
1365442070,1365442163,residential
1365442148,1365442062,residential
1365442062,1365442148,residential
1365442062,1365441964,residential
1365441964,1365442062,residential
1365441964,1365441865,residential
1365441865,1365441964,residential
1365441865,1365441800,residential
1365441800,1365441865,residential
1365442080,1365442035,residential
1365442035,1365442080,residential
1365442035,1365441987,residential
1365441987,1365442035,residential
1365441987,1365441928,residential
1365441928,1365441987,residential
1365441928,1365441846,residential
1365441846,1365441928,residential
1365441860,1365441949,residential
1365441949,1365442060,residential
1365442060,1365442140,residential
1365441759,1365441760,residential
1170591273,1365467060,tertiary
1365467592,1365467581,residential
1365467581,1365467546,residential
1365467546,1365467543,residential
1365467543,1365441751,residential
1365441751,1365467479,residential
1365467479,1390825955,residential
1390825955,1365467469,residential
1365467469,1365467455,residential
8398987638,8398987616,residential
8398987616,1387614275,residential
1387614275,4240242099,residential
4240242099,1365467561,residential
1365467561,1365467535,residential
1365467535,1365467510,residential
1365467510,1365467454,residential
1365467454,1365467418,residential
1365467418,1365467390,residential
1365467390,1170591263,residential
1170591263,1170590998,residential
1170590998,1170591273,residential
1170591273,1168544222,residential
1168544222,12875844281,residential
12875844281,12875844277,residential
12875844277,12875844278,residential
12875844278,12874338477,residential
12874338477,12874338475,residential
12874338475,1261033591,residential
1551413589,1551413590,residential
1551413590,1551413589,residential
1551413590,1551413607,residential
1551413607,1551413590,residential
1365441905,2463512461,residential
2463512461,2463512460,residential
2463512460,2463512459,residential
2463512459,2463512458,residential
2463512458,2463512457,residential
2463512457,8958417892,residential
8958417892,9300898814,residential
9300898814,1365467655,residential
1365467655,4240242107,residential
4240242107,1365467653,residential
1365467653,1365467607,residential
1365467607,1365467567,residential
1365467567,1365467542,residential
1365467542,1365467511,residential
1365467511,1365467490,residential
1365467490,1365467447,residential
1365467447,1365467433,residential
1551413600,1551413597,residential
1551413597,1365467070,residential
1170590674,1170591131,residential
1170591131,1365467552,residential
1365467552,1365467561,residential
1365467533,12287227703,residential
12287227703,1365467530,residential
1365467530,1365467527,residential
1365467527,1365467526,residential
1365467526,1365467521,residential
1365467521,1365467520,residential
1365467520,1387608901,residential
1387608901,1365467516,residential
1365467516,1365467512,residential
1365467439,1365467435,residential
1365467435,1365467439,residential
1365467708,1365467664,residential
1365467569,1365467520,residential
1365467520,1365467569,residential
1365467473,1365467481,residential
1365467481,1365467473,residential
1365467417,1365467471,residential
1365467471,1365467417,residential
8421009372,8421009348,residential
8421009348,1365467633,residential
1365467583,1365467527,residential
1365467527,1365467583,residential
1365467449,1365467367,residential
1365467550,1365467554,residential
1365467554,1365467550,residential
1365467545,1365467548,residential
1365467548,1365467545,residential
1365467307,1365467415,residential
1365467046,1365467074,residential
1365467150,1365467340,residential
1365467705,1365467657,residential
1390825939,1365467403,tertiary
1365467403,1365467415,tertiary
1365467415,1365441713,tertiary
985377295,8421009356,residential
8421009356,985377295,residential
8421009356,1365467608,residential
1365467608,8421009356,residential
1365467375,1365467364,residential
1365467364,1365467375,residential
1365467364,1365467353,residential
1365467353,1365467364,residential
1365467594,1170590723,residential
1170590723,1365467594,residential
1170590723,1365467576,residential
1365467576,1170590723,residential
1365467208,1365467193,residential
1365467193,1365467184,residential
1365467347,1365467361,residential
1365467361,1365467347,residential
1365467361,1365467370,residential
1365467370,1365467361,residential
1365467465,8427252020,residential
8427252020,1365467465,residential
8427252020,1365467477,residential
1365467477,8427252020,residential
1365467477,1365467484,residential
1365467484,1365467477,residential
1365467542,8427230114,residential
8427230114,1365467544,residential
1365467544,8427230115,residential
8427230115,1170590674,residential
1365467110,1170591074,residential
1170591074,1365467144,residential
2470253587,1365467420,residential
1365467420,2470253587,residential
1365467420,1365467491,residential
1365467491,1365467420,residential
1365467567,8427230113,residential
8427230113,1365467567,residential
8427230113,1365467573,residential
1365467573,8427230113,residential
1365467573,8427230112,residential
8427230112,1365467573,residential
8427230112,1365467585,residential
1365467585,8427230112,residential
1365441736,1365467491,residential
1365467491,1365441736,residential
1365467491,1365441744,residential
1365441744,1365467491,residential
1365467257,1551414624,residential
1551414624,1365467097,residential
1365467097,1365467066,residential
1365467066,1551413603,residential
1551413603,1551413604,residential
1365467628,1365467631,residential
1365467631,1365467628,residential
1365467631,1365467632,residential
1365467632,1365467631,residential
1365467632,1365467636,residential
1365467636,1365467632,residential
1365467636,4240242096,residential
4240242096,1365467636,residential
1365467597,12287227718,residential
12287227718,4240242097,residential
4240242097,1365467636,residential
1365467636,1365467682,residential
1365467682,1365467686,residential
8421009356,8421009336,residential
8421009336,8421009356,residential
8421009336,8421009331,residential
8421009331,8421009336,residential
8421009331,8421009347,residential
8421009347,8421009331,residential
8421009347,1170590952,residential
1170590952,8421009347,residential
1170590952,1170591103,residential
1170591103,1170590952,residential
1365467230,1365467347,residential
1365467347,1365467230,residential
1365467347,1365467397,residential
1365467397,1365467347,residential
1365467397,1390673965,residential
1390673965,1365467397,residential
1390673965,4240242098,residential
4240242098,1390673965,residential
4240242098,1365467499,residential
1365467499,4240242098,residential
1365467499,7686443998,residential
7686443998,1365467499,residential
7686443998,1365467501,residential
1365467501,7686443998,residential
1365467501,1365467503,residential
1365467503,1365467501,residential
1365467503,1365467509,residential
1365467509,1365467503,residential
1365467509,12287227704,residential
12287227704,1365467509,residential
12287227704,1365467514,residential
1365467514,12287227704,residential
1365467511,8427230116,residential
8427230116,1365467511,residential
8427230116,1365467518,residential
1365467518,8427230116,residential
1365467518,8427252017,residential
8427252017,1365467518,residential
8427252017,1170590922,residential
1170590922,8427252017,residential
1170590922,1170591066,residential
1170591066,1170590922,residential
1170591066,1365467528,residential
1365467528,1170591066,residential
1365467154,1390775446,residential
1390775446,1365467156,residential
1365467156,1551414626,residential
1551414626,1365467315,residential
1365467315,1365467375,residential
1365467375,1365467422,residential
1365467422,1365467482,residential
1365467713,1390825967,residential
1390825967,1390785561,residential
1390785561,1390785574,residential
1390785574,1390775448,residential
1390775448,3242559803,residential
3242559803,1390785596,residential
1390785596,3242559806,residential
3242559806,1390775449,residential
1365467060,1387598410,residential
1387598410,1170591296,residential
1170591296,4240242141,residential
4240242141,1365467226,residential
1365467226,1365467393,residential
1365467393,1365467467,residential
595505253,12884512103,tertiary
12884512103,1167270086,tertiary
4990034988,12253568167,primary
12253568167,4990034988,primary
12253568167,4236827701,primary
4236827701,12253568167,primary
4236827701,1387553554,primary
1387553554,4236827701,primary
1387553554,12253568165,primary
12253568165,1387553554,primary
12253568165,1387553558,primary
1387553558,12253568165,primary
1387553558,1387553561,primary
1387553561,1387553558,primary
1387553561,12253568177,primary
12253568177,1387553561,primary
12253568177,1387553563,primary
1387553563,12253568177,primary
1387553563,1387553564,primary
1387553564,1387553563,primary
1387553564,1387553573,primary
1387553573,1387553564,primary
1387553573,12253568179,primary
12253568179,1387553573,primary
12253568179,1387553581,primary
1387553581,12253568179,primary
1387553581,12253568180,primary
12253568180,1387553581,primary
12253568180,1387553589,primary
1387553589,12253568180,primary
1167270469,11624973514,residential
11624973514,11624973504,residential
11624973504,392350318,residential
392350318,12884511899,residential
12884511899,5910349677,residential
392350339,11624973508,tertiary
11624973508,2068445554,tertiary
2068445554,11624973511,tertiary
11624973511,392350343,tertiary
392350343,11624973509,tertiary
11624973509,11303618786,tertiary
11303618786,392350347,tertiary
392350347,392350351,tertiary
392350351,392350355,tertiary
1167270469,567058879,residential
392350343,11624973512,residential
11624973512,2068445557,residential
2068445557,11624973515,residential
11624973515,1167270469,residential
392350318,11624973503,residential
11624973503,11624973507,residential
11624973507,392350339,residential
392350339,11624973505,residential
11624973505,5485258839,residential
5485258839,5939416945,residential
5939416945,392350338,residential
392350338,392350337,residential
1387569564,1365442140,residential
1365442140,1387569564,residential
1365442168,1387569564,residential
1387569564,1365442168,residential
1167270245,1167269991,residential
1167270491,1167270390,residential
1167270390,1167270077,residential
1167270077,1167270302,residential
1167270302,1167269819,residential
1167269819,1167269959,residential
1167269959,4240571025,residential
4240571025,1167270317,residential
1167270317,1170590735,residential
1170590735,5910349670,residential
5910349670,1167269931,residential
1387598409,1387598411,residential
1387598411,1387598410,residential
1387621151,1387621150,residential
1387621150,1387621151,residential
1170590697,1365467184,residential
1365467184,1365467262,residential
1365467262,1387621150,residential
1260437546,1390703268,secondary_link
1390703268,1390703266,secondary_link
1390703266,1390703264,secondary_link
1390703264,1390703262,secondary_link
1390703262,1167270305,secondary_link
1260437532,12259994602,residential
12259994602,12882427188,residential
12882427188,1260437542,residential
1260437542,12882427191,residential
12882427191,1260437833,residential
1260437833,1260437832,residential
1390712224,2052323018,residential
2052323018,1390712222,residential
1390712222,1167270489,residential
1390716832,1390716833,residential
1390716833,1390716832,residential
1390775444,1390775446,residential
1390775446,1390775444,residential
1390785591,8421944935,residential
8421944935,1390785591,residential
8421944935,1390785584,residential
1390785584,8421944935,residential
1390785573,1390785574,residential
1390785574,1390785573,residential
1390785574,1390788620,residential
1390788620,1390785574,residential
1390788620,1390788617,residential
1390788617,1390788620,residential
1390785603,8421864278,secondary
8421864278,8421864296,secondary
8421864296,1390785587,secondary
1390795675,8416711852,residential
8416711852,1390795675,residential
8416711852,8703252294,residential
8703252294,8416711852,residential
8703252294,1390785575,residential
1390785575,8703252294,residential
1390785587,8399048264,secondary
8399048264,1390785587,secondary
8399048264,8421009335,secondary
8421009335,8399048264,secondary
8421009335,8415593466,secondary
8415593466,8421009335,secondary
8421009375,8421009368,residential
8421009368,8421009375,residential
8421009368,1824889153,residential
1824889153,8421009368,residential
1390825973,7806159874,residential
7806159874,1390825973,residential
7806159874,2055464170,residential
2055464170,7806159874,residential
2055464170,7686444021,residential
7686444021,2055464170,residential
7686444021,1390825978,residential
1390825978,7686444021,residential
1390825978,2055464171,residential
2055464171,1390825978,residential
2055464171,1390825979,residential
1390825979,2055464171,residential
1390825979,2055464174,residential
2055464174,1390825979,residential
2055464209,2135274846,residential
2135274846,2055464209,residential
2135274846,1390825987,residential
1390825987,2135274846,residential
1390825987,1390788631,residential
1390788631,1390825987,residential
1390788631,1390795680,residential
1390795680,1390788631,residential
1390795680,1390788622,residential
1390788622,1390795680,residential
1390788622,8416711849,residential
8416711849,1390788622,residential
8416711849,1390788613,residential
1390788613,8416711849,residential
1390788613,1390788609,residential
1390788609,1390788613,residential
1390795673,8427358085,residential
8427358085,1390795673,residential
8427358085,8416711848,residential
8416711848,8427358085,residential
8416711848,8427351001,residential
8427351001,8416711848,residential
8427351001,1390795682,residential
1390795682,8427351001,residential
1390795682,1390795701,residential
1390795701,1390795682,residential
1390785585,8964419974,residential
8964419974,1390795679,residential
7799471502,7799471501,residential
7799471501,1390795685,residential
1390825924,1390825923,residential
1390825923,1365467101,residential
1365467101,1170591152,residential
1390825960,2537451813,residential
2537451813,1365441742,residential
1365441742,2471309442,residential
2471309442,1390825961,residential
1390825961,6067663711,residential
6067663711,6067663710,residential
6067663710,1390825962,residential
1390825947,1211327785,residential
1211327785,1390825947,residential
1365441734,1365467472,residential
1365467472,1365441734,residential
1390825920,1390825919,residential
1390825919,1390825920,residential
1390825955,1390825946,residential
1390825949,1390825947,residential
1390825947,1390825949,residential
1390825972,7799595929,residential
7799595929,1390825972,residential
7799595929,2055464172,residential
2055464172,7799595929,residential
1390825933,1390825934,residential
1390825934,1390825933,residential
7686432683,1390825949,residential
1390825949,7686432683,residential
1211327756,1392486562,residential
1392486562,1211327756,residential
1392486562,2065924269,residential
2065924269,1392486562,residential
2065924269,1392570776,residential
1392570776,2065924269,residential
1392570776,1390825954,residential
1390825954,1392570776,residential
1390825968,1390825967,residential
1390825967,1551414630,residential
1390825937,1390825930,residential
1390825930,1390825937,residential
1390785577,8415593434,residential
8415593434,1390785577,residential
8415593434,1390825977,residential
1390825977,8415593434,residential
1390825940,1390825937,residential
1390825937,1390825936,residential
8421009366,8421009334,residential
8421009334,1390825972,residential
1390825972,7686444033,residential
7686444033,7686444034,residential
7686444034,1390825973,residential
8415593474,8415593457,residential
8415593457,8415593474,residential
8415593457,8421864271,residential
8421864271,8415593457,residential
8421864271,1390825980,residential
1390825980,8421864271,residential
1390825934,1390825935,residential
1390825935,1390825934,residential
1390825935,2052323226,residential
2052323226,1390825935,residential
2052323226,1390875895,residential
1390875895,2052323226,residential
1390875895,2052323230,residential
2052323230,1390875895,residential
2052323230,1390825942,residential
1390825942,2052323230,residential
4240682118,4240682117,residential
4240682117,4240682118,residential
4240682117,1390825945,residential
1390825945,4240682117,residential
1390825945,2065924256,residential
2065924256,1390825945,residential
2065924256,2134281469,residential
2134281469,2065924256,residential
2134281469,2065924259,residential
2065924259,2134281469,residential
2065924259,1390825948,residential
1390825948,2065924259,residential
1390825948,1390825951,residential
1390825951,1390825948,residential
1390825951,1390825950,residential
1390825950,1390825951,residential
1390825950,7686443887,residential
7686443887,1390825950,residential
7686443887,7686443889,residential
7686443889,7686443887,residential
7686443889,7686432683,residential
7686432683,7686443889,residential
1390825929,6917297150,residential
6917297150,1390825927,residential
1390825927,3374876586,residential
3374876586,1489824338,residential
1489824338,1390825922,residential
1390825922,1170591005,residential
1170591005,1390825918,residential
484686355,1170591175,residential
1170591175,2052323238,residential
2052323238,1211327785,residential
1211327785,2537451802,residential
2537451802,1390825941,residential
1390825941,7686443893,residential
7686443893,3374849373,residential
1365467403,1365467437,residential
1365467437,1365467455,residential
1365467455,1365467472,residential
1390825933,1390875887,residential
1390875887,2052323220,residential
2052323220,1211327776,residential
1393656502,4240682120,secondary
4240682120,1390875902,secondary
1390875902,4240682125,secondary
4240682125,7686443895,secondary
7686443895,1392454694,secondary
1392454694,11281803443,secondary
11281803443,1392454689,secondary
1392454689,1392459426,secondary
1390858565,1390858564,residential
1390858564,1390858565,residential
1390858564,1211327763,residential
1211327763,1390858564,residential
1211327763,1390875843,residential
1390875843,1211327763,residential
1390875843,1390858562,residential
1390858562,1390875843,residential
1390858562,1390875841,residential
1390875841,1390858562,residential
1390875841,1390858561,residential
1390858561,1390875841,residential
1390858561,1390858559,residential
1390858559,1390858561,residential
1390858559,4240682121,residential
4240682121,1390858559,residential
1390875851,1390875854,residential
1390875854,1390825935,residential
1390825935,1392459411,residential
1392459411,1390825945,residential
1390825945,1211327756,residential
1390825954,4240682118,residential
4240682118,1392459415,residential
1392459415,1390875895,residential
1390875895,1390875849,residential
1390875849,1489824359,residential
1489824359,1393665892,residential
1393665892,1390875846,residential
1390875846,1390875841,residential
1390875841,1390875832,residential
1194373351,1390875710,residential
1390875710,1194373351,residential
1390875710,1390875706,residential
1390875706,1390875710,residential
1390875706,1391039169,residential
1391039169,1390875706,residential
1391039169,1392318126,residential
1392318126,1391039169,residential
1392318126,1392330416,residential
1392330416,1392318126,residential
1392330416,2134281448,residential
2134281448,1392330416,residential
2134281448,1390875700,residential
1390875700,2134281448,residential
1390875766,1390875770,residential
1390875770,6124295390,residential
1167270036,1390944720,residential
1390944720,4240571041,residential
4240571041,1390944722,residential
1390944722,1390944724,residential
1392330359,1392330361,residential
1392330361,1392330363,residential
1392330363,1392330364,residential
1392330364,4890760996,residential
4890760996,2116945953,residential
2116945953,1392330374,residential
1392330374,1392330375,residential
5910349668,1182784157,residential
1182784157,12886768060,residential
12886768060,1390716832,residential
1390716832,1167270201,residential
1167270201,2077087075,residential
2077087075,1390875722,residential
1392271418,5919488293,residential
5919488293,5939416953,residential
5939416953,11554795965,residential
4990034986,12253568166,primary_link
12253568166,1771986552,primary_link
1771986552,5003238956,primary_link
5003238956,5003238954,primary_link
5003238954,4990034988,primary_link
3903403426,1392316139,residential
1392316139,3903403426,residential
1392316139,1392316140,residential
1392316140,1392316139,residential
1392312383,1392312382,residential
1392312382,1392312383,residential
1392312380,1392312384,residential
1392316135,2052322900,residential
2052322900,1392316135,residential
2052322900,1392316139,residential
1392316139,2052322900,residential
1392316139,2052322922,residential
2052322922,1392316139,residential
2052322922,1392316145,residential
1392316145,2052322922,residential
6067596625,1392316152,residential
1392316152,12886803300,residential
12886803300,1392316151,residential
1392316151,1392316149,residential
1392316149,1392316148,residential
1392316148,1392316146,residential
1194373422,1392318128,residential
1392318128,1194373422,residential
1392318186,3534053833,residential
3534053833,1392318186,residential
3534053833,1392330428,residential
1392330428,3534053833,residential
1392318124,1392318126,residential
1392318126,1392318124,residential
1015253001,1392318148,primary
1392318148,1015253003,primary
1015253003,2052322966,primary
2052322966,2052322964,primary
2052322964,1015253005,primary
1015253005,5912829600,primary
5912829600,1392340208,primary
1392340208,1015253008,primary
1392330428,1392330426,residential
1392330426,5912829463,residential
5912829463,4240571043,residential
4240571043,3534067755,residential
3534067755,3534067756,residential
3534067756,4240571050,residential
4240571050,3534067757,residential
1392330423,1392330420,residential
1392330420,1392330423,residential
1392330420,1392330418,residential
1392330418,1392330420,residential
1392330376,1392330400,residential
1392330400,1392330376,residential
1392330400,1392330411,residential
1392330411,1392330400,residential
1392330819,1392330817,residential
1392330817,1392330819,residential
1392334776,1392334750,residential
1392334750,1392334776,residential
1392334750,1392334746,residential
1392334746,1392334750,residential
1871063312,6275545212,secondary
6275545212,2065924321,secondary
2065924321,3954626673,secondary
3954626673,1392454718,secondary
1392454718,1392454715,secondary
1392454715,1392621875,secondary
1392621875,1211327781,secondary
3374849373,3374849374,residential
3374849374,1390875891,residential
1390875891,7686443894,residential
7686443894,1392459409,residential
1392459409,1392459410,residential
1392459410,8816526759,residential
1392570777,3242551369,residential
3242551369,1392454715,residential
1392454715,1392486563,residential
1392486560,1392570779,residential
1392570779,1392486560,residential
1392570779,1392570781,residential
1392570781,1392570779,residential
1392570781,5938132080,residential
5938132080,1392570781,residential
5938132080,3113163092,residential
3113163092,5938132080,residential
3113163092,3113163091,residential
3113163091,3113163092,residential
3113163091,1392454718,residential
1392454718,3113163091,residential
1392454718,1392454721,residential
1392454721,1392454718,residential
1392454721,2065924311,residential
2065924311,1392454721,residential
2065924311,2065924323,residential
2065924323,2065924311,residential
2065924323,1392634607,residential
1392634607,2065924323,residential
1392634607,2065924351,residential
2065924351,1392634607,residential
2065924351,1392621881,residential
1392621881,2065924351,residential
1392621881,2065924395,residential
2065924395,1392621881,residential
2065924395,2065924418,residential
2065924418,2065924395,residential
2065924418,2065924424,residential
2065924424,2065924418,residential
1392570776,1392570777,residential
1392570777,1392570776,residential
1392570777,5938132080,residential
5938132080,1392570777,residential
1392621884,3735854281,residential
3735854281,1392621884,residential
3735854281,7686443904,residential
7686443904,3735854281,residential
7686443904,4240682110,residential
4240682110,7686443904,residential
4240682110,1392486565,residential
1392486565,4240682110,residential
1392486565,7686443903,residential
7686443903,1392486565,residential
7686443903,1392621886,residential
1392621886,7686443903,residential
1392621886,1392621881,residential
1392621881,1392621886,residential
1392634600,2134281482,residential
2134281482,1392634600,residential
2134281482,1392634602,residential
1392634602,2134281482,residential
5750550017,2445267943,secondary
2445267943,5750550017,secondary
2445267943,1392459425,secondary
1392459425,2445267943,secondary
2065924401,2065924383,residential
2065924383,2065924401,residential
2065924383,2065924374,residential
2065924374,2065924383,residential
2065924374,2065924368,residential
2065924368,2065924374,residential
2065924368,2065924362,residential
2065924362,2065924368,residential
2065924362,2065924346,residential
2065924346,2065924362,residential
2065924346,5938132081,residential
5938132081,2065924346,residential
5938132081,7686443937,residential
7686443937,5938132081,residential
7686443937,2065924315,residential
2065924315,7686443937,residential
2065924315,1392634601,residential
1392634601,2065924315,residential
1392634601,2134281479,residential
2134281479,1392634601,residential
2134281479,1393656504,residential
1393656504,2134281479,residential
1393656504,1393656502,residential
1393656502,1393656504,residential
1393656502,1393656501,residential
1393656501,1393656502,residential
1392459425,7686443942,secondary
7686443942,1392459425,secondary
7686443942,1392454685,secondary
1392454685,7686443942,secondary
1392454685,1392459426,secondary
1392459426,1392454685,secondary
1393664787,1393664804,tertiary
1393664804,2052323202,tertiary
2052323202,1489824362,tertiary
1489824362,1170591300,tertiary
1170591300,1390825942,tertiary
1393664781,1393665900,residential
1393665900,1393664781,residential
1393665900,1393664786,residential
1393664786,1393665900,residential
1393664768,3954626668,residential
3954626668,1393664770,residential
1393664770,1393664771,residential
1393664771,2052323153,residential
2052323153,1393664772,residential
1393665911,2077106924,residential
2077106924,3242551363,residential
3242551363,2052323210,residential
2052323210,1394251357,residential
1394251357,1394251380,residential
1393665910,2052323197,residential
2052323197,1393665908,residential
1393665908,1393665900,residential
1393665900,1393665892,residential
1393665892,3954626672,residential
3954626672,1393665891,residential
1393667418,1393667419,residential
1393667419,1393667418,residential
1393667419,1393667422,residential
1393667422,1393667419,residential
1393667427,1394253682,residential
1394253682,1393667427,residential
1394253682,1393667418,residential
1393667418,1394253682,residential
1393667418,1394253715,residential
1394253715,1393667418,residential
1394253715,1394251341,residential
1394251341,1394253715,residential
1394251341,1394251367,residential
1394251367,1394251341,residential
1394251367,1394251337,residential
1394251337,1394251367,residential
1394251337,1394253739,residential
1394253739,1394251337,residential
1394253739,1394251334,residential
1394251334,1394253739,residential
1394251334,1394253725,residential
1394253725,1394251334,residential
1394253725,1393667387,residential
1393667387,1394253725,residential
1394251353,1394251348,residential
1394251348,5923384872,residential
5923384872,1394251335,residential
1394251365,1394253703,residential
1394253703,1394251362,residential
1394251362,1394251355,residential
1394251355,1394251343,residential
1394251343,1394251350,residential
1394251350,1394251334,residential
1394251334,1394251379,residential
1393667394,1394251337,residential
1394251337,2537435465,residential
2537435465,1393685710,residential
1393685710,1394251370,residential
1394251370,1394251360,residential
1394251360,1393656483,residential
1393656483,1394251372,residential
1394251380,1394251351,residential
1394251351,1394251380,residential
1394251340,1394251363,residential
1394251363,1394251340,residential
1394251363,1394251357,residential
1394251357,1394251363,residential
1394251357,1392454667,residential
1392454667,1394251357,residential
1394251352,1394251351,residential
1394251351,1394251363,residential
1394251363,3242549658,residential
3242549658,2077106921,residential
1394253688,1394253725,residential
1394253725,1394253688,residential
1394253725,1394253690,residential
1394253690,1394253725,residential
1394253690,1394253719,residential
1394253719,1394253690,residential
1394253719,1394253721,residential
1394253721,1394253719,residential
1394253721,1394253679,residential
1394253679,1394253721,residential
1394253748,1394253739,residential
1394253739,1394253748,residential
1167270426,1387550356,residential
1489824350,1489824340,residential
1489824340,1489824350,residential
1489824340,1170591215,residential
1170591215,1489824340,residential
1170590789,5923385194,residential
5923385194,1489824338,residential
1489824338,1489824360,residential
1489824360,1211327772,residential
1211327772,1489824340,residential
1489824340,1211327764,residential
1211327764,3242549659,residential
3242549659,1489824348,residential
1489824348,3242549660,residential
3242549660,1489824361,residential
1489824361,3242551361,residential
3242551361,1489824359,residential
1489824359,3242551362,residential
3242551362,1489824362,residential
1489824362,2052323205,residential
2052323205,1393665911,residential
1390825970,1390825966,primary
1390825966,3953899678,primary
3953899678,3953899677,primary
3953899677,1390825965,primary
1390825965,1365441844,primary
1365441844,7686444002,primary
7686444002,2537434140,primary
2537434140,1365441839,primary
1551402665,1551402679,residential
1551402679,1551402665,residential
1551402679,1551402661,residential
1551402661,1551402679,residential
1551402663,1551402665,residential
1551402665,1551402663,residential
1551402665,5072463274,residential
5072463274,1551402665,residential
5072463274,7029815948,residential
7029815948,5072463274,residential
1551412267,1551402684,residential
1551402684,1551412267,residential
1551402684,6077476407,residential
6077476407,1551402684,residential
6077476407,1551402687,residential
1551402687,6077476407,residential
1551402687,12287197516,residential
12287197516,1551402687,residential
12287197516,12287197517,residential
12287197517,12287197516,residential
12287197517,1551402660,residential
1551402660,12287197517,residential
1551402660,11280378934,residential
11280378934,1551402660,residential
11280378934,12287197518,residential
12287197518,11280378934,residential
12287197518,1551402661,residential
1551402661,12287197518,residential
1551402661,11280378935,residential
11280378935,1551402661,residential
11280378935,1551402664,residential
1551402664,11280378935,residential
1551402664,12287197523,residential
12287197523,1551402664,residential
12287197523,1551402662,residential
1551402662,12287197523,residential
1551402662,12287197524,residential
12287197524,1551402662,residential
12287197524,12287197522,residential
12287197522,12287197524,residential
12287197522,1551402679,residential
1551402679,12287197522,residential
1551402679,11280378927,residential
11280378927,1551402679,residential
11280378927,985377341,residential
985377341,11280378927,residential
985377341,13241688473,residential
13241688473,985377341,residential
1551412278,7029422238,residential
7029422238,1551412278,residential
7029422238,12259994756,residential
12259994756,7029422238,residential
12259994756,7029422237,residential
7029422237,12259994756,residential
7029422237,1551412276,residential
1551412276,7029422237,residential
3795842737,12259994772,residential
12259994772,3795842737,residential
12259994772,12259994771,residential
12259994771,12259994772,residential
12259994771,1551412290,residential
1551412290,12259994771,residential
1551412290,1551412281,residential
1551412281,1551412290,residential
1551412281,12259994770,residential
12259994770,1551412281,residential
12259994770,1551412279,residential
1551412279,12259994770,residential
1551412279,1551412291,residential
1551412291,1551412279,residential
1551412291,1551412292,residential
1551412292,1551412291,residential
1551412292,1551412305,residential
1551412305,1551412292,residential
1551412305,12259994769,residential
12259994769,1551412305,residential
12259994769,1551412294,residential
1551412294,12259994769,residential
1551402672,6077476406,tertiary
6077476406,1551402674,tertiary
1551402674,1551412270,tertiary
1551412270,1551412266,tertiary
1551412266,1551412269,tertiary
1551412269,1551412268,tertiary
1551412268,12882417099,tertiary
12882417099,12882417100,tertiary
12882417100,12882427001,tertiary
12882427001,12882427002,tertiary
12882427002,1551402672,tertiary
1551412298,1551412301,tertiary
1551412301,12259994744,tertiary
12259994744,1551412299,tertiary
1551412299,1551412262,tertiary
1551412262,1551412263,tertiary
1551412263,12259994743,tertiary
12259994743,1551412306,tertiary
1551412306,1551412264,tertiary
1551412264,12259994745,tertiary
12259994745,985377321,tertiary
3704914695,1551412278,residential
1551412278,3704914695,residential
1260352040,12259994735,residential
12259994735,2424959496,residential
2424959496,1551413600,residential
1551413600,1551413604,residential
1551413604,12873890199,residential
12873890199,1551413593,residential
1551413593,2068540774,residential
1365467463,1365467435,residential
1365467435,1365467399,residential
1365467399,1365467361,residential
1365467361,1365467246,residential
1365467246,4240242142,residential
4240242142,1551414623,residential
1551414623,1365467092,residential
1365467092,1365467062,residential
1365467062,1551413599,residential
1551413599,1551413593,residential
1551413591,12887630893,residential
12887630893,1551413591,residential
12887630893,1551413594,residential
1551413594,12887630893,residential
1551413594,1551413595,residential
1551413595,1551413594,residential
1551413595,1551413597,residential
1551413597,1551413595,residential
1551413597,1551413603,residential
1551413603,1551413597,residential
1551413603,1551413599,residential
1551413599,1551413603,residential
1551414626,1551414628,residential
1551414628,1551414625,residential
1551414625,1551414624,residential
1551414624,1551414623,residential
878834964,1551415508,residential
1551415508,878834964,residential
1551415508,7681388438,residential
7681388438,1551415508,residential
7681388438,7681388439,residential
7681388439,7681388438,residential
7681388439,12259994750,residential
12259994750,7681388439,residential
12259994750,7681388440,residential
7681388440,12259994750,residential
7681388440,2585486712,residential
2585486712,7681388440,residential
2052323248,12287197565,tertiary
12287197565,2052323248,tertiary
12287197565,7686444103,tertiary
7686444103,12287197565,tertiary
7686444103,1553070326,tertiary
1553070326,7686444103,tertiary
1553070326,1553070276,tertiary
1553070276,1553070326,tertiary
1553070276,3894362285,tertiary
3894362285,1553070276,tertiary
3894362285,1553070321,tertiary
1553070321,3894362285,tertiary
1553070321,2052323252,tertiary
2052323252,1553070321,tertiary
2052323252,1553070280,tertiary
1553070280,2052323252,tertiary
1553070280,1553070328,tertiary
1553070328,1553070280,tertiary
1553070328,1365467492,tertiary
1365467492,1553070328,tertiary
2052323248,3894362287,tertiary
3894362287,2052323248,tertiary
3894362287,1553070268,tertiary
1553070268,3894362287,tertiary
1553070268,1553070335,tertiary
1553070335,1553070268,tertiary
1553070335,12287197580,tertiary
12287197580,1553070335,tertiary
12287197580,7686444129,tertiary
7686444129,12287197580,tertiary
7686444129,2052323271,tertiary
2052323271,7686444129,tertiary
1553070327,3894362286,residential
3894362286,1553070327,residential
3894362286,12287197596,residential
12287197596,3894362286,residential
12287197596,1553070280,residential
1553070280,12287197596,residential
1553070318,2109826777,residential
2109826777,1553070318,residential
2109826777,1553070293,residential
1553070293,2109826777,residential
1553070293,12287197595,residential
12287197595,1553070293,residential
12287197595,1553070327,residential
1553070327,12287197595,residential
1365467492,12471001678,tertiary
12471001678,1553070299,tertiary
1553070299,1553070327,tertiary
1553070327,1553070291,tertiary
1790882876,1577968379,residential
1577968379,1577968399,residential
1577968399,392350314,residential
392350314,392350327,residential
392350327,392350326,residential
1167270013,2077087076,residential
2077087076,1167269878,residential
1167270304,1705192748,residential
1705192748,1705192789,residential
1705192789,4240571020,residential
4240571020,1167269931,residential
5910349674,12884511859,secondary
12884511859,11555151031,secondary
11555151031,13701394982,secondary
13701394982,11960088280,secondary
11960088280,571784192,secondary
571784192,11960088281,secondary
11960088281,1387566320,secondary
1387566320,1167270146,secondary
1771508478,4236827696,tertiary
4236827696,446376408,tertiary
1454272013,5639068461,tertiary
5639068461,1454272013,tertiary
5639068461,12889150700,tertiary
12889150700,5639068461,tertiary
12889150700,1770948770,tertiary
1770948770,12889150700,tertiary
1771508501,8385668778,residential
8385668778,1771508501,residential
8385668778,1771508502,residential
1771508502,8385668778,residential
1454329854,12887932827,residential
12887932827,1454329854,residential
12887932827,1771508504,residential
1771508504,12887932827,residential
1771508484,1771508483,residential
1771508483,1771508484,residential
1771508491,1771508490,residential
1771508490,1771508491,residential
1771508472,1771508482,tertiary
1771508482,1771508472,tertiary
392350360,1771508486,tertiary
1771508486,1771508476,tertiary
1771508497,1771508496,residential
1771508496,1771508497,residential
1771508496,1771508495,residential
1771508495,1771508496,residential
1260445227,1771508513,residential
1771508513,1260445227,residential
1771508513,7681050193,residential
7681050193,1771508513,residential
7681050193,1771508501,residential
1771508501,7681050193,residential
1771508501,7681050194,residential
7681050194,1771508501,residential
7681050194,1771508496,residential
1771508496,7681050194,residential
1454272011,12254108805,primary_link
12254108805,3903206591,primary_link
3903206591,1771508505,primary_link
1771508505,6511035637,primary_link
6511035637,3903206592,primary_link
3903206592,1771508506,primary_link
1771508506,12254108806,primary_link
12254108806,1771508508,primary_link
1771508507,1771508509,residential
1771508509,1771508507,residential
1771508509,1771508511,residential
1771508511,1771508509,residential
1771508511,1771508512,residential
1771508512,1771508511,residential
1771508481,12253944754,tertiary
12253944754,1771508481,tertiary
12253944754,1771508480,tertiary
1771508480,12253944754,tertiary
1771508480,3903119236,tertiary
3903119236,1771508480,tertiary
1771508518,1771508519,primary_link
1771508519,12254108868,primary_link
12254108868,1771508520,primary_link
1771508520,11959371582,primary_link
11959371582,12254108869,primary_link
12254108869,1260445212,primary_link
1771508489,1771508488,residential
1771508488,1771508489,residential
1771508488,446376408,residential
446376408,1771508488,residential
446376408,1771508486,residential
1771508486,446376408,residential
1771508486,1771508485,residential
1771508485,1771508486,residential
7681050199,12254108844,primary_link
12254108844,12254108830,primary_link
12254108830,1771508514,primary_link
1771508514,1771508515,primary_link
1771508515,12254108813,primary_link
12254108813,1771508516,primary_link
1771508516,12254108812,primary_link
12254108812,1454272009,primary_link
2052322931,12887932741,residential
12887932741,1771508522,residential
1771508522,1260445235,residential
1260445235,1771508511,residential
1771508511,1771508498,residential
1771508498,4236827699,residential
4236827699,1771508488,residential
1771508488,4236827695,residential
4236827695,1771508480,residential
1771508474,1771508487,residential
1771508487,1771508474,residential
1771508487,1771508490,residential
1771508490,1771508487,residential
1771508490,1771508495,residential
1771508495,1771508490,residential
1771508495,1771508500,residential
1771508500,1771508495,residential
1771508500,7681050195,residential
7681050195,1771508500,residential
7681050195,1771508504,residential
1771508504,7681050195,residential
1771508504,12254108860,residential
12254108860,1771508504,residential
430557359,1771509761,residential
1771509761,430557359,residential
1771509761,4240297254,residential
4240297254,1771509761,residential
1771508470,5116196082,residential
5116196082,1771508470,residential
5116196082,1771509711,residential
1771509711,5116196082,residential
1771509711,3903119237,residential
3903119237,1771509711,residential
3903119237,1771509726,residential
1771509726,3903119237,residential
1771509726,1771509713,residential
1771509713,1771509726,residential
1771509742,1643743931,residential
1643743931,1771509737,residential
1771509737,1771509736,residential
1260445211,12887932749,primary
12887932749,1260445213,primary
1260445213,1260445225,primary
1260445225,1260445224,primary
1260445224,3902947990,primary
3902947990,1260445223,primary
1260445223,12887932688,primary
12887932688,3902947989,primary
1771535221,12889336124,residential
12889336124,1771535221,residential
12889336124,1771535245,residential
1771535245,12889336124,residential
1771535245,1771535271,residential
1771535271,1771535245,residential
1771535271,12254077654,residential
12254077654,1771535271,residential
12254077654,1771535299,residential
1771535299,12254077654,residential
1771535299,7681050253,residential
7681050253,1771535299,residential
7681050253,1771535318,residential
1771535318,7681050253,residential
1771535318,12254077656,residential
12254077656,1771535318,residential
12254077656,1771535376,residential
1771535376,12254077656,residential
1771535376,12253944755,residential
12253944755,1771535376,residential
12253944755,1771535395,residential
1771535395,12253944755,residential
1771535395,1771535445,residential
1771535445,1771535395,residential
1771535445,1771535447,residential
1771535447,1771535445,residential
1771535447,1771509713,residential
1771509713,1771535447,residential
430557364,1260445216,primary_link
1260445216,3902947993,primary_link
3902947993,12887932703,primary_link
12887932703,12254108863,primary_link
12254108863,1260445218,primary_link
1260445218,12254108864,primary_link
12254108864,1260445211,primary_link
1771535403,5116196129,residential
5116196129,1771535403,residential
5116196129,1770948767,residential
1770948767,5116196129,residential
1770948767,1771535435,residential
1771535435,1770948767,residential
1771535435,5117504150,residential
5117504150,1771535435,residential
5117504150,1771535427,residential
1771535427,5117504150,residential
1771951177,12254108874,residential
12254108874,1771951177,residential
12254108874,1771951161,residential
1771951161,12254108874,residential
1771951161,12254108801,residential
12254108801,1771951161,residential
12254108801,12254108800,residential
12254108800,12254108801,residential
12254108800,1771951152,residential
1771951152,12254108800,residential
1771951152,12254108799,residential
12254108799,1771951152,residential
12254108799,1771951151,residential
1771951151,12254108799,residential
1771951151,11280289094,residential
11280289094,1771951151,residential
11280289094,1771951148,residential
1771951148,11280289094,residential
1771951148,12254108781,residential
12254108781,1771951148,residential
12254108781,1771951146,residential
1771951146,12254108781,residential
1771951146,12254108782,residential
12254108782,1771951146,residential
12254108782,8138806235,residential
8138806235,12254108782,residential
8138806235,1771951142,residential
1771951142,8138806235,residential
1771951142,11280289095,residential
11280289095,1771951142,residential
11280289095,1771951144,residential
1771951144,11280289095,residential
1771951144,12254108795,residential
12254108795,1771951144,residential
12254108795,1771951150,residential
1771951150,12254108795,residential
1771951181,12254108873,residential
12254108873,1771951181,residential
12254108873,1771951169,residential
1771951169,12254108873,residential
1771951169,1771951166,residential
1771951166,1771951169,residential
1771951166,12254108798,residential
12254108798,1771951166,residential
12254108798,1771951163,residential
1771951163,12254108798,residential
1771951163,12254108797,residential
12254108797,1771951163,residential
12254108797,1771951160,residential
1771951160,12254108797,residential
1771951160,12254108796,residential
12254108796,1771951160,residential
12254108796,1771951156,residential
1771951156,12254108796,residential
1771951156,1771951158,residential
1771951158,1771951156,residential
1771951158,12254108794,residential
12254108794,1771951158,residential
12254108794,12254108793,residential
12254108793,12254108794,residential
12254108793,1771951157,residential
1771951157,12254108793,residential
1771951157,1771951162,residential
1771951162,1771951157,residential
1771951162,1771951167,residential
1771951167,1771951162,residential
1771951167,1771951170,residential
1771951170,1771951167,residential
4236758061,5639068460,residential
5639068460,1454272000,residential
1454272000,12889150650,residential
12889150650,1771951155,residential
1771951155,13713151587,residential
13713151587,1771951124,residential
1771951124,7681050206,residential
7681050206,1771951120,residential
1771951120,11280289088,residential
11280289088,1771951111,residential
1771951111,1771951087,residential
1771951087,2052322787,residential
2052322787,1771951072,residential
1771951072,1771951062,residential
1771951062,1771951053,residential
1771951053,1771951043,residential
1771951043,8138806260,residential
8138806260,1771951032,residential
1771951207,2117071023,residential
2117071023,1771951207,residential
2117071023,1771951228,residential
1771951228,2117071023,residential
1771951192,1771951185,residential
1771951185,1771951192,residential
1771951185,1771951175,residential
1771951175,1771951185,residential
1771951175,6733310031,residential
6733310031,1771951175,residential
6733310031,6733310032,residential
6733310032,6733310031,residential
6733310032,6733310033,residential
6733310033,6733310032,residential
1454272002,1771951195,residential
1771951195,3903206585,residential
3903206585,1771951196,residential
1771951196,3903206586,residential
3903206586,1771951201,residential
1771951232,3915265164,residential
3915265164,1771951232,residential
3915265164,3915265163,residential
3915265163,3915265164,residential
3915265163,1771951224,residential
1771951224,3915265163,residential
1771951224,3915265162,residential
3915265162,1771951224,residential
3915265162,2952524404,residential
2952524404,3915265162,residential
2952524404,12254108908,residential
12254108908,2952524404,residential
12254108908,1771951222,residential
1771951222,12254108908,residential
1771951222,1771951217,residential
1771951217,1771951222,residential
1771951217,1771951208,residential
1771951208,1771951217,residential
1771951209,12254108901,residential
12254108901,1771951209,residential
12254108901,12254108900,residential
12254108900,12254108901,residential
12254108900,1771951223,residential
1771951223,12254108900,residential
1771951223,3902947986,residential
3902947986,1771951223,residential
3902947986,12254108906,residential
12254108906,3902947986,residential
12254108906,1771951225,residential
1771951225,12254108906,residential
1771951225,3915265165,residential
3915265165,1771951225,residential
3915265165,3915265166,residential
3915265166,3915265165,residential
3915265166,1771951226,residential
1771951226,3915265166,residential
1771951226,2952524399,residential
2952524399,1771951226,residential
2952524399,12254108907,residential
12254108907,2952524399,residential
12254108907,12254108899,residential
12254108899,12254108907,residential
12254108899,7681050196,residential
7681050196,12254108899,residential
7681050196,7681050198,residential
7681050198,7681050196,residential
7681050198,1771951217,residential
1771951217,7681050198,residential
1771951188,1771951179,residential
1771951179,1771951188,residential
1771951179,1771951176,residential
1771951176,1771951179,residential
1260445231,12254108862,residential
12254108862,1771951207,residential
1771951207,1771951209,residential
1771951209,1771951212,residential
1771951212,1771951215,residential
1771951215,7681050197,residential
7681050197,1771951217,residential
1771986554,1771986550,residential
1771986545,12253568162,residential
12253568162,12253568163,residential
12253568163,11280288964,residential
11280288964,12253568160,residential
12253568160,1771986544,residential
1771986544,12253568158,residential
12253568158,1771986538,residential
1771986538,1771986531,residential
1771986531,12253568156,residential
12253568156,1771986527,residential
1771986527,1771986515,residential
1771986543,12253568328,residential
12253568328,1771986543,residential
12253568328,1771986537,residential
1771986537,12253568328,residential
1771986537,1771986529,residential
1771986529,1771986537,residential
1771986529,5120795213,residential
5120795213,1771986529,residential
5120795213,1771986520,residential
1771986520,5120795213,residential
1771986520,12253568332,residential
12253568332,1771986520,residential
12253568332,1775330108,residential
1775330108,12253568332,residential
1771986549,1643743934,tertiary
1643743934,1771986547,tertiary
1771986547,1771986546,tertiary
1771986546,12253568159,tertiary
12253568159,12253568162,tertiary
12253568162,12253568161,tertiary
1771986538,1771986539,residential
1771986539,1771986538,residential
1771986539,1771986540,residential
1771986540,1771986539,residential
1771986540,1643743928,residential
1643743928,1771986540,residential
1643743928,1771986541,residential
1771986541,1643743928,residential
1771986541,1771986542,residential
1771986542,1771986541,residential
1771986542,12253568327,residential
12253568327,1771986542,residential
12253568327,1771986543,residential
1771986543,12253568327,residential
1771986531,12253568329,residential
12253568329,1771986531,residential
12253568329,1771986532,residential
1771986532,12253568329,residential
1771986532,1392312369,residential
1392312369,1771986532,residential
1392312369,1643743949,residential
1643743949,1392312369,residential
1643743949,1771986534,residential
1771986534,1643743949,residential
1771986534,1771986536,residential
1771986536,1771986534,residential
1771986536,1771986537,residential
1771986537,1771986536,residential
1365441891,1365441813,secondary
1392454685,1392454696,secondary
1392454696,5750550020,secondary
5750550020,5750550019,secondary
5750550019,11281803442,secondary
11281803442,1392454698,secondary
1365467423,1365467422,residential
1365467422,1365467419,residential
1365467419,1365467417,residential
1365467417,1365467413,residential
1365467413,1365467399,residential
1365467399,1365467397,residential
1365467397,1365467393,residential
1170590888,1170591115,residential
1170591115,1170590789,residential
1791111682,1791111681,residential
1791111681,1791111682,residential
1167269873,1167270402,residential
1167270402,2052323060,residential
2052323060,1167270505,residential
1167270505,1167270065,residential
1167270065,1167270479,residential
1167270479,1167270228,residential
1387553579,4990034990,tertiary
4990034990,4990034989,tertiary
4990034989,595505148,tertiary
1791167734,1260437832,residential
1260437832,12882427112,residential
12882427112,1260437104,residential
1387550356,1170590888,residential
1791264276,1577968399,residential
1577968399,1167270239,residential
1167270239,1167270457,residential
446390858,12872347553,primary
12872347553,12259994725,primary
12259994725,12872347567,primary
12872347567,1167270284,primary
1390858557,2134228915,tertiary
2134228915,1390858548,tertiary
1390858548,2133908591,tertiary
2133908591,1390858546,tertiary
1390858546,2133908587,tertiary
2133908587,2445304786,tertiary
2445304786,2133908575,tertiary
2133908575,1167270429,tertiary
1167270429,1167269845,tertiary
1167269845,2052323130,tertiary
2052323130,1167270472,tertiary
1824867774,1824867777,residential
1390875832,2134228917,residential
2134228917,1390875787,residential
1390875787,2052323168,residential
2052323168,1390875782,residential
1390875782,1390875779,residential
1390875779,2118016427,residential
2118016427,1390875775,residential
1390875775,4240571034,residential
4240571034,1390875773,residential
1390875773,1167269828,residential
1393667380,1824867767,residential
1824867767,2065925640,residential
2065925640,1824867763,residential
1170590699,1390858561,tertiary
1390858561,1170591298,tertiary
1170591298,1393665908,tertiary
1393665908,1393664787,tertiary
1824867771,2065925687,residential
2065925687,1167269821,residential
1167269821,2134241676,residential
2134241676,1167270474,residential
1167270474,2134241674,residential
2134241674,2065925560,residential
1824867781,1824867778,residential
1824867778,1824867781,residential
1824867778,2105952193,residential
2105952193,1824867778,residential
2105952193,1824867776,residential
1824867776,2105952193,residential
3374876587,1824867791,residential
1824867791,1824867790,residential
1824867790,1824867786,residential
1824867786,1387550357,residential
1824867768,1167270241,residential
1170591001,1390825919,residential
1390825919,1170591297,residential
1170591297,1170590906,residential
1170590906,3220983677,residential
3220983677,1167269876,residential
1167269876,2133908585,residential
2133908585,1167270503,residential
1167270503,2133908570,residential
2133908570,1167269805,residential
1390858526,1390858524,tertiary
1390858524,1167270334,tertiary
1167270334,1167270443,tertiary
1167270443,2134228911,tertiary
2134228911,1167269818,tertiary
1167269818,2052322995,tertiary
2052322995,2052322990,tertiary
2052322990,2052322986,tertiary
2052322986,2052322983,tertiary
2052322983,12886803127,tertiary
12886803127,5912829455,tertiary
5912829455,1015252999,tertiary
1170591135,1211327763,residential
1211327763,1170591094,residential
1170591094,1211327764,residential
1211327764,1211327737,residential
1211327737,1211327776,residential
1211327776,3374849373,residential
1170590958,1390858562,residential
1390858562,1211327773,residential
1211327773,1393665891,residential
1393665891,1489824361,residential
1489824361,1211327733,residential
1211327733,4240682115,residential
4240682115,1390875851,residential
1824867759,4240623477,residential
4240623477,4240623819,residential
4240623819,4240623825,residential
4240623825,2052323051,residential
2052323051,1824867761,residential
1824867761,2065925613,residential
2065925613,2065925635,residential
2065925635,1824867765,residential
1824867765,1824867772,residential
1824867789,1824867788,residential
1824867784,1824867785,residential
1824867785,1824867784,residential
1824867766,1824867773,residential
1167270103,1167269990,residential
1365467561,1365467563,residential
1365467563,1365467565,residential
1365467565,1365467569,residential
1365467569,1365467571,residential
1365467571,1365467578,residential
1365467578,1365467583,residential
1365467583,1365467589,residential
1365467589,12287227717,residential
12287227717,1365467597,residential
1365467510,1365467505,residential
1365467505,1170591093,residential
1170591093,1170590761,residential
1170590761,8427252019,residential
8427252019,1365467497,residential
1365467497,8427252018,residential
8427252018,1365467490,residential
1365467490,2471329355,residential
1390785563,1365467715,residential
1365467715,1390785563,residential
1365467715,1390785561,residential
1390785561,1365467715,residential
1390785561,1390785562,residential
1390785562,1390785561,residential
1387614279,1365467657,tertiary
1365467657,1387614278,tertiary
1387614278,1387614277,tertiary
1387614277,1387614276,tertiary
1387614276,1387614275,tertiary
1390785552,1390785551,residential
1390785551,1390785552,residential
1387614279,1365467631,tertiary
1365467631,1365467578,tertiary
1365467578,1365467548,tertiary
1365467548,1365467526,tertiary
1365467526,1365467503,tertiary
1365467503,1365467474,tertiary
1365467474,1365467419,tertiary
1365467419,1365467364,tertiary
1365467364,1365467289,tertiary
1365467289,1551414628,tertiary
1551414628,1390775444,tertiary
1390775444,1365467108,tertiary
1365467108,5919417234,tertiary
5919417234,1551413606,tertiary
1871063311,1871063310,tertiary
1871063310,1871063311,tertiary
1871063310,1393665910,tertiary
1393665910,1170590739,tertiary
1170590739,1390858559,tertiary
1390858559,1390858557,tertiary
1260445225,1260445227,tertiary
1260445227,1260445229,tertiary
1260445229,1260445230,tertiary
1260428142,12872322274,primary
12872322274,12873507142,primary
12873507142,446390858,primary
392350353,13711224024,secondary
13711224024,10760869020,secondary
10760869020,392350352,secondary
392350352,1260437831,residential
1260437831,446390857,residential
446390857,1176386736,residential
1176386736,12882427189,residential
12882427189,1260437542,residential
392350349,2068477174,residential
2068477174,392350353,residential
392350370,446376382,residential
392350349,11303618804,residential
11303618804,392350350,residential
392350350,392350351,residential
392350351,392350322,residential
392350322,1188226890,residential
1188226890,2080106169,residential
2080106169,567058870,residential
567058870,1167269803,residential
1167269803,1167270203,residential
1167270203,1167270117,residential
1167270117,1167270506,residential
1167270506,1167270302,residential
1167270302,1167270505,residential
1167270505,1167270410,residential
1167270410,2052323064,residential
2052323064,1167270442,residential
1167270442,1167270330,residential
1167270330,1387608900,residential
1387608900,1167270374,residential
1167270374,1390858524,residential
446376402,12884511870,secondary
12884511870,12884511855,secondary
12884511855,12884511964,secondary
12884511964,446376392,secondary
392350333,12884511938,secondary
12884511938,12884511952,secondary
12884511952,12884511951,secondary
12884511951,12884511924,secondary
12884511924,392350334,secondary
392350333,5910349680,residential
446376402,12884511867,residential
12884511867,1167270001,residential
1176386786,12259994547,residential
12259994547,1176386786,residential
12259994547,12259994548,residential
12259994548,12259994547,residential
12259994548,12259994546,residential
12259994546,12259994548,residential
12259994546,2052323039,residential
2052323039,12259994546,residential
2052323039,3902947995,residential
3902947995,2052323039,residential
3902947995,7053285167,residential
7053285167,3902947995,residential
7053285167,12259994549,residential
12259994549,7053285167,residential
12259994549,2052323036,residential
2052323036,12259994549,residential
2052323036,2052323038,residential
2052323038,2052323036,residential
2052323038,12259994550,residential
12259994550,2052323038,residential
12259994550,12259994551,residential
12259994551,12259994550,residential
12259994551,12259994555,residential
12259994555,12259994551,residential
12259994555,7053285169,residential
7053285169,12259994555,residential
7053285169,7053285170,residential
7053285170,7053285169,residential
7053285170,2052323062,residential
2052323062,7053285170,residential
2052323062,7053285171,residential
7053285171,2052323062,residential
7053285171,5623359750,residential
5623359750,7053285171,residential
5623359750,12259994557,residential
12259994557,5623359750,residential
12259994557,7053285172,residential
7053285172,12259994557,residential
7053285172,12259994556,residential
12259994556,7053285172,residential
12259994556,2052323061,residential
2052323061,12259994556,residential
2052323061,6258381782,residential
6258381782,2052323061,residential
6258381782,2052323042,residential
2052323042,6258381782,residential
2052323210,3242549658,residential
3242549658,2052323210,residential
3242549658,2052323187,residential
2052323187,3242549658,residential
2052323236,12287197557,residential
12287197557,2052323236,residential
12287197557,12287197560,residential
12287197560,12287197557,residential
878834941,2052323170,residential
2052323170,878834941,residential
2052323153,2133908575,residential
2133908575,2052323157,residential
2052323184,2052323182,residential
2052323081,2052323080,residential
2052323014,2076357326,residential
2076357326,1176386794,residential
2052323192,3242549659,residential
3242549659,2052323192,residential
3242549659,3242551364,residential
3242551364,3242549659,residential
3242551364,2052323220,residential
2052323220,3242551364,residential
2052322936,3460650660,residential
3460650660,2052322936,residential
3460650660,3460650661,residential
3460650661,3460650660,residential
3460650661,2052322944,residential
2052322944,3460650661,residential
2052323050,2052323058,residential
2052323058,5982075008,residential
5982075008,2052323070,residential
2052323242,12287197561,residential
12287197561,2052323242,residential
12287197561,2052323240,residential
2052323240,12287197561,residential
2052323234,3242551367,residential
3242551367,2052323234,residential
3242551367,2052323205,residential
2052323205,3242551367,residential
1365467375,2052323224,residential
2052323224,1365467375,residential
2052322932,2081308265,residential
2081308265,2052322932,residential
2081308265,1771951228,residential
1771951228,2081308265,residential
1771951228,2052322926,residential
2052322926,1771951228,residential
2052323049,2052323052,residential
2052323052,2052323049,residential
1824867772,2105952201,residential
2105952201,1824867772,residential
2105952201,2052323146,residential
2052323146,2105952201,residential
2052323018,3904841065,residential
3904841065,2052323018,residential
3904841065,2052323013,residential
2052323013,3904841065,residential
2052323102,2052323099,residential
2052323099,2052323102,residential
2052322997,2052322978,residential
2052323015,2134208072,residential
2134208072,2052323009,residential
2052323126,2052323123,residential
2052323123,2052323126,residential
2052322930,8099065231,residential
8099065231,2052322930,residential
8099065231,3705597399,residential
3705597399,8099065231,residential
3705597399,2052322938,residential
2052322938,3705597399,residential
2052322984,2052322986,residential
2052322986,2052322984,residential
1167269980,11955937526,residential
11955937526,11955937528,residential
11955937528,2052323056,residential
2052323056,11955937523,residential
11955937523,11955937521,residential
11955937521,2052323051,residential
2052322946,2052322948,residential
2052322948,2052322946,residential
2052323197,2052323189,residential
2052323189,2052323197,residential
2052323231,2052323227,residential
2052323227,2052323231,residential
2052323211,3242549660,residential
3242549660,2052323211,residential
3242549660,2052323191,residential
2052323191,3242549660,residential
2052323174,2052323169,residential
2052323169,2052323174,residential
2052323160,2133908587,residential
2133908587,2052323160,residential
2133908587,2133908589,residential
2133908589,2133908587,residential
2133908589,2052323161,residential
2052323161,2133908589,residential
2052323074,2052323087,residential
2052323087,2052323074,residential
2052323193,2052323195,residential
2052323195,2052323193,residential
2052323195,2052323201,residential
2052323201,2052323195,residential
2052323238,2596530333,residential
2596530333,2052323238,residential
2596530333,2052323204,residential
2052323204,2596530333,residential
12886803248,2052322993,residential
2052322993,12886803248,residential
2052322993,2052322989,residential
2052322989,2052322993,residential
2052322927,3460650658,residential
3460650658,12887932742,residential
12887932742,2052322931,residential
2052322900,3460650651,residential
3460650651,2052322900,residential
3460650651,2052322904,residential
2052322904,3460650651,residential
2052323134,1260438014,residential
2052323051,11955937522,residential
11955937522,11955937524,residential
11955937524,4240623821,residential
4240623821,2052323050,residential
2052323050,4240623823,residential
4240623823,2134241674,residential
2134241674,2052323046,residential
2052323002,1824867759,residential
1824867759,6579921757,residential
1015252889,6936105057,residential
6936105057,1015252889,residential
6936105057,1392318186,residential
1392318186,6936105057,residential
2052323243,2052323258,residential
2052323258,2052323243,residential
1771951226,2052322932,residential
2052322932,1771951226,residential
2052322932,12254108910,residential
12254108910,2052322932,residential
12254108910,12254108914,residential
12254108914,12254108910,residential
12254108914,2123976420,residential
2123976420,12254108914,residential
2052323055,2052323060,residential
2052323128,3954626668,residential
3954626668,2052323128,residential
3954626668,2052323130,residential
2052323130,3954626668,residential
2052322998,2080152229,residential
2052323247,7686444112,residential
7686444112,2052323247,residential
7686444112,12287197567,residential
12287197567,7686444112,residential
12287197567,2052323251,residential
2052323251,12287197567,residential
1771951213,12254108897,residential
12254108897,1771951213,residential
12254108897,2117071018,residential
2117071018,12254108897,residential
2117071018,2052322939,residential
2052322939,2117071018,residential
2134228910,2052322990,residential
2052322990,2134228910,residential
2052323019,3705557426,residential
3705557426,2052323019,residential
3705557426,2052323025,residential
2052323025,3705557426,residential
2052323025,2052323029,residential
2052323029,2052323025,residential
2052323094,2155874680,residential
2155874680,2052323092,residential
2052323140,2105952199,residential
2105952199,2052323140,residential
2105952199,2105952198,residential
2105952198,2105952199,residential
2105952198,2105952193,residential
2105952193,2105952198,residential
2105952193,2052323147,residential
2052323147,2105952193,residential
2052323147,5982075007,residential
5982075007,2052323147,residential
5982075007,7684408072,residential
7684408072,5982075007,residential
7684408072,2052323146,residential
2052323146,7684408072,residential
2052322937,2052322938,residential
2052322938,2052322937,residential
2052322938,2052322939,residential
2052322939,2052322938,residential
2052322939,2052322941,residential
2052322941,2052322939,residential
2052322941,2052322940,residential
2052322940,2052322941,residential
2052322940,2052322942,residential
2052322942,2052322940,residential
2052323203,2052323202,residential
2052323202,2052323203,residential
2052323222,12287197555,residential
12287197555,2052323222,residential
12287197555,12287197554,residential
12287197554,12287197555,residential
12287197554,2052323225,residential
2052323225,12287197554,residential
2052323188,2052323198,residential
2052323198,2052323188,residential
3795863979,2052323167,residential
2052323167,3795863979,residential
2052323239,12287197562,residential
12287197562,2052323239,residential
12287197562,2052323237,residential
2052323237,12287197562,residential
878834938,2052323171,residential
2052323171,878834938,residential
2052323186,2052323185,residential
2052322896,2116945953,residential
2116945953,2052322896,residential
2116945953,2052322865,residential
2052322865,2116945953,residential
2052322869,2116945947,residential
2116945947,2052322869,residential
2116945947,2052322865,residential
2052322865,2116945947,residential
2052322865,4890760995,residential
4890760995,2052322865,residential
4890760995,2116945948,residential
2116945948,4890760995,residential
2116945948,2116945942,residential
2116945942,2116945948,residential
2116945942,2079099540,residential
2079099540,2116945942,residential
2079099540,1392330357,residential
1392330357,2079099540,residential
1392330357,2052322862,residential
2052322862,1392330357,residential
6074176262,6074176261,residential
6074176261,6074176262,residential
6074176261,6074176263,residential
6074176263,6074176261,residential
6074176263,6074176258,residential
6074176258,6074176263,residential
6074176258,6074176264,residential
6074176264,6074176258,residential
6074176264,6074176259,residential
6074176259,6074176264,residential
6074176259,6074176265,residential
6074176265,6074176259,residential
6074176265,6074176260,residential
6074176260,6074176265,residential
6074176260,3242551361,residential
3242551361,6074176260,residential
3242551361,3954626672,residential
3954626672,3242551361,residential
3954626672,2052323190,residential
2052323190,3954626672,residential
2052322922,3460650654,residential
3460650654,2052322922,residential
3460650654,3460650655,residential
3460650655,3460650654,residential
3460650655,3460650656,residential
3460650656,3460650655,residential
3460650656,2052322928,residential
2052322928,3460650656,residential
1176386793,12259994654,residential
12259994654,12259994645,residential
12259994645,2052323144,residential
2052323144,12259994647,residential
12259994647,12259994650,residential
12259994650,2052323142,residential
2052323065,2052323056,residential
2052323056,2052323065,residential
2052323057,2052323058,residential
2052323058,2052323057,residential
2052323118,2052323091,residential
2052323091,2052323118,residential
2052323000,12259994527,residential
12259994527,2052323000,residential
12259994527,12259994528,residential
12259994528,12259994527,residential
12259994528,12259994529,residential
12259994529,12259994528,residential
12259994529,2052323020,residential
2052323020,12259994529,residential
2052323216,2052323214,residential
2052323214,2052323216,residential
2052322919,2117071023,residential
2117071023,2052322919,residential
2117071023,2081308253,residential
2081308253,2117071023,residential
2081308253,1771951225,residential
1771951225,2081308253,residential
2052323064,2052323037,residential
2052323116,2052323128,residential
2052323128,2052323116,residential
2052323128,2052323131,residential
2052323131,2052323128,residential
2052323293,2052323292,residential
2052323292,2052323293,residential
2052322947,1260445205,residential
2052323246,2052323248,residential
2052323248,2052323246,residential
2052323098,2052323096,residential
2052323096,2052323098,residential
2052322991,2052322995,residential
2052322995,2052322991,residential
2052323008,2052323006,residential
2052322929,2052322940,residential
2052322940,2052322929,residential
2052322982,2052322983,residential
2052322983,2052322982,residential
2052323166,2133908591,residential
2133908591,2052323166,residential
2133908591,2133908594,residential
2133908594,2133908591,residential
2133908594,2052323168,residential
2052323168,2133908594,residential
2052322987,2052322994,residential
2052322994,2052322987,residential
3313256787,4240297258,primary
4240297258,3313256790,primary
3313256790,6077476405,primary
6077476405,6077476392,primary
6077476392,12253568197,primary
12253568197,3460650627,primary
3460650627,9434472331,primary
9434472331,2082842190,primary
2082842190,3313256782,primary
3313256782,7684408052,primary
7684408052,12253568226,primary
12253568226,4240571021,primary
4240571021,3903488892,primary
1551402685,12882427050,tertiary
12882427050,1551402685,tertiary
12882427050,12882427051,tertiary
12882427051,12882427050,tertiary
12882427051,6077476411,tertiary
6077476411,12882427051,tertiary
6077476411,6077476428,tertiary
6077476428,6077476411,tertiary
6077476428,2052323194,tertiary
2052323194,6077476428,tertiary
2052323194,2052323207,tertiary
2052323207,2052323194,tertiary
2052323142,1551415519,residential
1551415519,1551415520,residential
1551415520,12259994653,residential
12259994653,1551415502,residential
1551415502,1551415514,residential
1551415514,5923385060,residential
5923385060,12259994661,residential
12259994661,1551415489,residential
1551415489,1551415516,residential
1551415516,12259994676,residential
12259994676,1551415505,residential
1551415505,1551415498,residential
1551415498,11280289114,residential
11280289114,1551415494,residential
1551415494,12259994677,residential
12259994677,12259994678,residential
12259994678,12259994679,residential
12259994679,12259994680,residential
12259994680,1551415496,residential
1551415496,12259994688,residential
12259994688,12259994687,residential
12259994687,1551415511,residential
1551415511,11280289113,residential
11280289113,1551415507,residential
1551415507,1260427712,residential
2052323195,5919417233,residential
5919417233,2052323195,residential
5919417233,5919417234,residential
5919417234,5919417233,residential
5919417234,7686443987,residential
7686443987,5919417234,residential
7686443987,2052323199,residential
2052323199,7686443987,residential
2052323097,2052323095,residential
2052323095,2052323097,residential
2052323095,2052323083,residential
2052323083,2052323095,residential
2052322919,4236758055,residential
4236758055,2052322919,residential
4236758055,4236758053,residential
4236758053,4236758055,residential
4236758053,2052322921,residential
2052322921,4236758053,residential
2052322921,4236758054,residential
4236758054,2052322921,residential
4236758054,12254108909,residential
12254108909,4236758054,residential
12254108909,2052322926,residential
2052322926,12254108909,residential
2052323267,12287197579,residential
12287197579,2052323267,residential
12287197579,7686444108,residential
7686444108,12287197579,residential
7686444108,2052323265,residential
2052323265,7686444108,residential
2052323265,2052323254,residential
2052323254,2052323265,residential
2052323137,2052323141,residential
2052323141,2052323152,residential
1553074549,8138806560,residential
8138806560,1553074549,residential
8138806560,12287197587,residential
12287197587,8138806560,residential
12287197587,7686444136,residential
7686444136,12287197587,residential
7686444136,2052323267,residential
2052323267,7686444136,residential
2052323267,2052323255,residential
2052323255,2052323267,residential
2052323213,2052323214,tertiary
2052323214,2052323213,tertiary
2052323214,4236752124,tertiary
4236752124,2052323214,tertiary
4236752124,12287197552,tertiary
12287197552,4236752124,tertiary
12287197552,12287197553,tertiary
12287197553,12287197552,tertiary
12287197553,4236752126,tertiary
4236752126,12287197553,tertiary
4236752126,2052323225,tertiary
2052323225,4236752126,tertiary
2052323225,1553070295,tertiary
1553070295,2052323225,tertiary
2052323253,7686444587,residential
7686444587,2052323253,residential
7686444587,7686444109,residential
7686444109,7686444587,residential
7686444109,2052323254,residential
2052323254,7686444109,residential
2052323254,2052323255,residential
2052323255,2052323254,residential
2052323255,1553070268,residential
1553070268,2052323255,residential
2052323252,12287197597,residential
12287197597,2052323252,residential
12287197597,2052323256,residential
2052323256,12287197597,residential
2052323256,7686444123,residential
7686444123,2052323256,residential
7686444123,2052323262,residential
2052323262,7686444123,residential
4240571047,2052322961,residential
2052322961,4240571049,residential
4240571049,1392318144,residential
1392318144,4240571051,residential
4240571051,4240571043,residential
4240571043,4240571052,residential
4240571052,4240571053,residential
4240571053,4240571044,residential
2052323106,12259994619,residential
12259994619,2052323106,residential
12259994619,12259994614,residential
12259994614,12259994619,residential
12259994614,12259994613,residential
12259994613,12259994614,residential
12259994613,4236758007,residential
4236758007,12259994613,residential
4236758007,12259994612,residential
12259994612,4236758007,residential
12259994612,2052323103,residential
2052323103,12259994612,residential
2052323103,11280289104,residential
11280289104,2052323103,residential
11280289104,2052323100,residential
2052323100,11280289104,residential
2052323100,2052323104,residential
2052323104,2052323100,residential
2076357328,12884511748,residential
12884511748,12884511704,residential
12884511704,1176386822,residential
1176386822,12259994543,residential
12259994543,2052323033,residential
2052323033,12259994536,residential
12259994536,12259994537,residential
12259994537,12259994538,residential
2077106921,3242551363,residential
3242551363,2052323217,residential
2052323111,2052323112,residential
2052323112,12259994629,residential
12259994629,4236758005,residential
4236758005,12259994630,residential
12259994630,4236758006,residential
4236758006,12259994631,residential
12259994631,2052323115,residential
2052323115,7681388433,residential
7681388433,12259994637,residential
12259994637,12259994638,residential
12259994638,2052323126,residential
2052323151,2052323150,residential
2052323150,2052323151,residential
2052323150,4236758004,residential
4236758004,2052323150,residential
4236758004,7681388435,residential
7681388435,4236758004,residential
7681388435,2052323149,residential
2052323149,7681388435,residential
2052323149,7681388437,residential
7681388437,2052323149,residential
7681388437,12259994652,residential
12259994652,7681388437,residential
12259994652,12259994651,residential
12259994651,12259994652,residential
12259994651,2052323138,residential
2052323138,12259994651,residential
2052323138,12259994640,residential
12259994640,2052323138,residential
12259994640,7681388436,residential
7681388436,12259994640,residential
7681388436,2052323139,residential
2052323139,7681388436,residential
5107779228,12259994514,residential
12259994514,5107779228,residential
12259994514,2052323000,residential
2052323000,12259994514,residential
2052323000,2052322992,residential
2052322992,2052323000,residential
2052322992,12259994511,residential
12259994511,2052322992,residential
12259994511,4236758049,residential
4236758049,12259994511,residential
4236758049,4236758050,residential
4236758050,4236758049,residential
4236758050,12259994512,residential
12259994512,4236758050,residential
12259994512,12259994513,residential
12259994513,12259994512,residential
12259994513,8138806474,residential
8138806474,12259994513,residential
8138806474,4236758048,residential
4236758048,8138806474,residential
4236758048,2052322979,residential
2052322979,4236758048,residential
8138806567,8138806566,residential
8138806566,8138806567,residential
8138806566,7686444137,residential
7686444137,8138806566,residential
7686444137,2052323287,residential
2052323287,7686444137,residential
2052323287,3905055323,residential
3905055323,2052323287,residential
3905055323,3905055324,residential
3905055324,3905055323,residential
3905055324,3905055325,residential
3905055325,3905055324,residential
3905055325,12287197594,residential
12287197594,3905055325,residential
12287197594,12287227721,residential
12287227721,12287197594,residential
12287227721,12287227723,residential
12287227723,12287227721,residential
12287227723,12287227722,residential
12287227722,12287227723,residential
12287227722,2052323289,residential
2052323289,12287227722,residential
2052323123,12259994635,residential
12259994635,2052323123,residential
12259994635,12259994634,residential
12259994634,12259994635,residential
12259994634,12259994633,residential
12259994633,12259994634,residential
12259994633,8138806473,residential
8138806473,12259994633,residential
8138806473,12259994632,residential
12259994632,8138806473,residential
12259994632,4236758008,residential
4236758008,12259994632,residential
4236758008,2052323109,residential
2052323109,4236758008,residential
2052323109,2052323106,residential
2052323106,2052323109,residential
2052323106,12259994618,residential
12259994618,2052323106,residential
12259994618,12259994617,residential
12259994617,12259994618,residential
12259994617,2052323101,residential
2052323101,12259994617,residential
2052323101,12259994616,residential
12259994616,2052323101,residential
12259994616,7681388434,residential
7681388434,12259994616,residential
7681388434,2052323088,residential
2052323088,7681388434,residential
2052323090,12259994608,residential
12259994608,2052323090,residential
12259994608,2052323089,residential
2052323089,12259994608,residential
2052323089,12259994609,residential
12259994609,2052323089,residential
12259994609,4236758009,residential
4236758009,12259994609,residential
4236758009,12259994610,residential
12259994610,4236758009,residential
12259994610,12259994615,residential
12259994615,12259994610,residential
12259994615,2052323088,residential
2052323088,12259994615,residential
2052323088,4236758010,residential
4236758010,2052323088,residential
4236758010,2052323082,residential
2052323082,4236758010,residential
2052323082,12259994611,residential
12259994611,2052323082,residential
12259994611,12259994588,residential
12259994588,12259994611,residential
12259994588,12259994585,residential
12259994585,12259994588,residential
2052323021,2052323025,residential
2052323025,12259994534,residential
12259994534,2052323023,residential
2052323023,4236758024,residential
4236758024,12259994532,residential
12259994532,4236758013,residential
4236758013,1176386808,residential
1176386808,2052323024,residential
2052323024,12259994533,residential
12259994533,4236758029,residential
4236758029,2076357304,residential
2076357304,2052323028,residential
2052323068,2052323066,residential
2052323066,3916321191,residential
3916321191,2052323067,residential
2052323067,12259994574,residential
12259994574,2052323069,residential
2052323069,12259994575,residential
12259994575,12259994576,residential
12259994576,12259994579,residential
12259994579,5938185382,residential
5938185382,12259994584,residential
12259994584,12259994593,residential
3903181353,13712875718,residential
13712875718,3903181353,residential
13712875718,13712875717,residential
13712875717,13712875718,residential
13712875717,13712875719,residential
13712875719,13712875717,residential
13712875719,13712875720,residential
13712875720,13712875719,residential
13712875720,13712875721,residential
13712875721,13712875720,residential
13712875721,12254108915,residential
12254108915,13712875721,residential
12254108915,11280289102,residential
11280289102,12254108915,residential
11280289102,2052322955,residential
2052322955,11280289102,residential
2052323285,12287227712,residential
12287227712,2052323285,residential
12287227712,12287227711,residential
12287227711,12287227712,residential
12287227711,2052323286,residential
2052323286,12287227711,residential
2052323286,7686444127,residential
7686444127,2052323286,residential
7686444127,12287227710,residential
12287227710,7686444127,residential
12287227710,7686444126,residential
7686444126,12287227710,residential
7686444126,2052323280,residential
2052323280,7686444126,residential
2052323280,2109826777,residential
2109826777,2052323280,residential
2109826777,12287227709,residential
12287227709,2109826777,residential
12287227709,2052323282,residential
2052323282,12287227709,residential
2052323282,7686444125,residential
7686444125,2052323282,residential
7686444125,7686444124,residential
7686444124,7686444125,residential
7686444124,12287227707,residential
12287227707,7686444124,residential
12287227707,3894362292,residential
3894362292,12287227707,residential
3894362292,2109826776,residential
2109826776,3894362292,residential
2109826776,12287227706,residential
12287227706,2109826776,residential
12287227706,12287227705,residential
12287227705,12287227706,residential
12287227705,2052323281,residential
2052323281,12287227705,residential
2052323281,12287227702,residential
12287227702,2052323281,residential
12287227702,3905055322,residential
3905055322,12287227702,residential
3905055322,2052323273,residential
2052323273,3905055322,residential
2052323273,2052323275,residential
2052323275,2052323273,residential
1392318186,2078075954,residential
2078075954,1392318186,residential
2055464171,2135274842,residential
2135274842,2055464171,residential
2135274842,2055464172,residential
2055464172,2135274842,residential
2055464172,7799595931,residential
7799595931,2055464172,residential
2135274842,2055464175,residential
2055464175,2135274842,residential
2055464175,2055464189,residential
2055464189,2055464175,residential
2065924414,2065924378,residential
2065924378,2065924414,residential
2065924378,2065924351,residential
2065924351,2065924378,residential
2537451810,2134281469,residential
2134281469,2537451810,residential
2134281469,2065924267,residential
2065924267,2134281469,residential
2065924376,2134281488,residential
2134281488,2065924376,residential
2134281488,2065924323,residential
2065924323,2134281488,residential
2065924259,2065924271,residential
2065924271,2065924259,residential
2065924387,2065924395,residential
2065924395,2065924387,residential
2065924258,4240682117,residential
4240682117,2065924258,residential
4240682117,2065924269,residential
2065924269,4240682117,residential
2065924418,2065924416,residential
2065924416,2065924418,residential
2065924321,2134281487,residential
2134281487,2065924321,residential
2134281487,2134281488,residential
2134281488,2134281487,residential
2134281488,2065924378,residential
2065924378,2134281488,residential
1392454698,2065924277,residential
2065924277,1392454698,residential
1392454696,7686443941,residential
7686443941,1392454696,residential
7686443941,4240682127,residential
4240682127,7686443941,residential
4240682127,2065924270,residential
2065924270,4240682127,residential
2065924307,7686443938,residential
7686443938,2065924307,residential
7686443938,2065924315,residential
2065924315,7686443938,residential
2065924315,7686443939,residential
7686443939,2065924315,residential
7686443939,2065924328,residential
2065924328,7686443939,residential
2065924328,7686443905,residential
7686443905,2065924328,residential
3242551368,1390825948,residential
1390825948,3242551368,residential
1390825948,1390825956,residential
1390825956,1390825948,residential
1390825956,6074876885,residential
6074876885,1390825956,residential
6074876885,13697932240,residential
13697932240,6074876885,residential
13697932240,1392570782,residential
1392570782,13697932240,residential
1392570782,3113163093,residential
3113163093,1392570782,residential
3113163093,3954626673,residential
3954626673,3113163093,residential
3954626673,2065924317,residential
2065924317,3954626673,residential
2065924256,2065924266,residential
2065924266,2065924256,residential
1365441806,4870242380,residential
4870242380,1365441806,residential
4870242380,11281803441,residential
11281803441,4870242380,residential
11281803441,2065924376,residential
2065924376,11281803441,residential
2065924376,2065924414,residential
2065924414,2065924376,residential
2065924414,2065924431,residential
2065924431,2065924414,residential
2065924431,4870242364,residential
4870242364,2065924431,residential
4870242364,3953899679,residential
3953899679,4870242364,residential
2065924391,2065924359,tertiary
2065924359,2065924391,tertiary
2065924359,4236848035,tertiary
4236848035,2065924359,tertiary
4236848035,2065924293,tertiary
2065924293,4236848035,tertiary
2065924293,2065924285,tertiary
2065924285,2065924293,tertiary
2065924285,7686443943,tertiary
7686443943,2065924285,tertiary
7686443943,7686443944,tertiary
7686443944,7686443943,tertiary
7686443944,5750550016,tertiary
5750550016,7686443944,tertiary
2065925602,2065925607,residential
2065925607,2065925602,residential
2065925607,4240623842,residential
4240623842,2065925607,residential
4240623842,2065925624,residential
2065925624,4240623842,residential
2065925624,4240623841,residential
4240623841,2065925624,residential
4240623841,2065925632,residential
2065925632,4240623841,residential
2065925632,7684408075,residential
7684408075,2065925632,residential
7684408075,2134241676,residential
2134241676,7684408075,residential
2134241676,2065925638,residential
2065925638,2134241676,residential
2065925638,4240623827,residential
4240623827,2065925638,residential
4240623827,2065925633,residential
2065925633,4240623827,residential
2065925633,2065925623,residential
2065925623,2065925633,residential
2065925623,2065925616,residential
2065925616,2065925623,residential
2445259627,2445259312,primary
2445259312,2065925660,primary
2065925660,2065925644,primary
2065925644,7686432666,primary
7686432666,2065925621,primary
2065925621,2065925598,primary
2065925598,2065925585,primary
2065925585,2065925553,primary
2065925553,2065925512,primary
2065925512,4240623478,primary
4240623478,2065925445,primary
2065925445,2065925403,primary
2065925403,4240623464,primary
4240623464,4240623466,primary
4240623466,11449410637,primary
11449410637,11449410635,primary
2065925495,2065925511,residential
2065925511,2065925495,residential
2065925939,2065925926,residential
2065925926,2065925939,residential
2065925926,2065925893,residential
2065925893,2065925926,residential
2065925596,1167270474,secondary
1167270474,2052323070,secondary
2052323070,1824867761,secondary
1824867761,1824867763,secondary
2065925851,2065925844,residential
2065925635,2065925640,residential
2065925640,2065925635,residential
2065925945,2065925961,residential
2065925961,2065925945,residential
2065925532,2065925523,residential
2065925523,2065925532,residential
2065925839,2065925842,residential
2065925687,2065925686,residential
2065925686,2065925687,residential
2065925854,2065925880,residential
2065925937,2065925939,residential
2065925939,2065925937,residential
2065925939,2134228913,residential
2134228913,2065925939,residential
2134228913,2065925942,residential
2065925942,2134228913,residential
2065925552,6096472689,residential
6096472689,2065925552,residential
2065925474,2065925487,residential
2065925487,2065925474,residential
2065925926,2065925927,residential
2065925927,2065925926,residential
2065925417,4240719015,residential
4240719015,2065925417,residential
4240719015,7686720683,residential
7686720683,4240719015,residential
1824867781,7684408074,residential
7684408074,1824867781,residential
7684408074,7684408073,residential
7684408073,7684408074,residential
7684408073,2065925819,residential
2065925819,7684408073,residential
2065925819,2105952195,residential
2105952195,2065925819,residential
2105952195,2105952202,residential
2105952202,2105952195,residential
2105952202,2065925811,residential
2065925811,2105952202,residential
11623939971,2065925585,secondary
2065925585,2134241675,secondary
2134241675,7390730283,secondary
7390730283,2065925596,secondary
2065925885,2065925881,residential
2065925906,2065925946,residential
2065925946,2065925906,residential
2065925946,7686443901,residential
7686443901,2065925946,residential
7686443901,5923317797,residential
5923317797,7686443901,residential
5923317797,2065925945,residential
2065925945,5923317797,residential
2065925945,13803302916,residential
13803302916,2065925945,residential
13803302916,2065925941,residential
2065925941,13803302916,residential
2065925896,2065925927,residential
2065925927,2065925896,residential
2065925927,2065925937,residential
2065925937,2065925927,residential
2065925937,2065925963,residential
2065925963,2065925937,residential
2065925609,2065925616,residential
2065925616,2065925609,residential
2065925616,2065925613,residential
2065925613,2065925616,residential
2065925683,2065925686,residential
2065925686,2065925683,residential
2065925686,2065925693,residential
2065925693,2065925686,residential
2065925910,2065925913,residential
2065925913,2065925910,residential
2065925913,7686443900,residential
7686443900,2065925913,residential
7686443900,2065925906,residential
2065925906,7686443900,residential
2065925906,2065925896,residential
2065925896,2065925906,residential
2065925896,7686443902,residential
7686443902,2065925896,residential
7686443902,2065925892,residential
2065925892,7686443902,residential
2065925892,2065925893,residential
2065925893,2065925892,residential
2065925893,3217884133,residential
3217884133,2065925893,residential
3217884133,2065925894,residential
2065925894,3217884133,residential
2067986612,13251088156,residential
13251088156,13523339848,residential
13523339848,595505255,residential
2067986628,2117071014,residential
2117071014,2067986628,residential
2067986612,2067986593,residential
1167270305,7681050333,residential
7681050333,1390703260,residential
1390703260,3898617082,residential
3898617082,392350348,residential
392350348,392350349,residential
1167270284,12872347582,secondary
12872347582,12875844244,secondary
12875844244,12873411257,secondary
12873411257,12872347857,secondary
12872347857,2068540646,secondary
446390862,1167269985,secondary
3374876587,7439686385,secondary
7439686385,1387612683,secondary
1387612683,3374876591,secondary
3374876591,1390825926,secondary
1390825926,6917297151,secondary
6917297151,1390825928,secondary
1390825928,1390825936,secondary
1390825936,484686355,secondary
446390862,1015252956,secondary
1015252956,2068477199,secondary
2068477199,1824867784,secondary
1824867784,1170591219,secondary
1170591219,1824867788,secondary
1824867788,1170591138,secondary
1170591138,3374876587,secondary
3374876587,1170590789,residential
1394251353,1393667394,tertiary
1393667394,1394251353,tertiary
1393667394,1394251379,tertiary
1394251379,1393667394,tertiary
1394251379,1394253688,tertiary
1394253688,1394251379,tertiary
1394253688,1393667390,tertiary
1393667390,1394253688,tertiary
1393667390,2134228913,tertiary
2134228913,1393667390,tertiary
2134228913,3217884133,tertiary
3217884133,2134228913,tertiary
3217884133,13803302913,tertiary
13803302913,3217884133,tertiary
13803302913,4240623471,tertiary
4240623471,13803302913,tertiary
4240623471,1393667385,tertiary
1393667385,4240623471,tertiary
1170591304,1824867789,secondary
1824867789,1170591107,secondary
1170591304,1170591156,tertiary
1167270284,1260431112,primary
1260431112,12872347584,primary
12872347584,12875844238,primary
12875844238,12875844237,primary
12875844237,12872347533,primary
12872347533,12875844236,primary
12875844236,12875844254,primary
12875844254,12872322269,primary
12872322269,1260431075,primary
1260437109,12882427164,primary
12882427164,12882427146,primary
12882427146,1260437098,primary
1260437098,12882427155,primary
12882427155,5941408755,primary
5941408755,5941408758,primary
5941408758,12882427111,primary
12882427111,1260437104,primary
1260437534,12882427214,tertiary
12882427214,12882427330,tertiary
12882427330,1260437555,tertiary
1260437555,12882427334,tertiary
12882427334,12882427338,tertiary
12882427338,1260437556,tertiary
985377401,12873890029,residential
12873890029,2068540759,residential
2068540759,12872347602,residential
12872347602,12872347722,residential
12872347722,12872347605,residential
12872347605,12872347603,residential
12872347603,12873890083,residential
12873890083,2068540710,residential
2068540634,12874634506,residential
12874634506,2068540637,residential
2068540637,2068540654,residential
2068540654,2068540677,residential
1167269921,12873890080,secondary
12873890080,12875844269,secondary
12875844269,12874282564,secondary
12874282564,571784169,secondary
392350337,392350341,residential
392350341,5941408761,residential
5941408761,2068477168,residential
2068477168,392350345,residential
392350345,392350349,residential
392350337,392350336,residential
392350336,1167270361,residential
571784194,567058878,residential
567058878,2068445549,residential
2068445549,11624973502,residential
11624973502,392350318,residential
1167269921,12873890078,residential
12873890078,12873752319,residential
12873752319,1260431218,residential
1260431218,878835003,residential
878835003,1176386807,residential
571784194,12884511872,secondary
12884511872,5910349675,secondary
1167270523,1167270223,residential
1167270223,1167270282,residential
1167270282,1167269983,residential
1167269983,12884511839,residential
12884511839,5910349673,residential
1167269894,12884511848,residential
12884511848,1167270006,residential
8415593438,8415593443,residential
8415593443,392350362,residential
392350362,392350363,residential
392350363,5909120207,residential
5909120207,392350364,residential
392350364,392350365,residential
392350365,392350361,residential
392350361,1167270081,residential
1167270081,1167270180,residential
1167270180,13701254477,residential
13701254477,1000789497,residential
1000789497,11747705619,residential
11747705619,1167270243,residential
1167270243,4240571013,residential
4240571013,1170590670,residential
1170590670,1167270245,residential
1167270245,1167269805,residential
1167269805,1167270329,residential
1167270329,1824867777,residential
1824867777,1167270103,residential
1167270103,1167270461,residential
1167270461,1167270316,residential
1167270316,1390875773,residential
1390875773,1167270516,residential
1167270516,1167269845,residential
1167269845,1393664770,residential
1393664770,1393667383,residential
1393667383,2052323137,residential
2052323137,1387511770,residential
1387511770,2105952201,residential
2105952201,1824867776,residential
1824867776,1824867775,residential
1824867775,2105952200,residential
2105952200,2052323129,residential
392350355,1260432442,secondary
1260432442,994612648,secondary
994612648,1260432445,secondary
1260432445,392350354,secondary
1167269894,12884511840,secondary
12884511840,12884511826,secondary
12884511826,1167270289,secondary
1167270289,12884511829,secondary
12884511829,12884511843,secondary
12884511843,12884511820,secondary
12884511820,1167269931,secondary
1167269931,1387507807,secondary
1387507807,12886768063,secondary
12886768063,12886768058,secondary
12886768058,1182784157,secondary
1182784157,12886768061,secondary
12886768061,12886768069,secondary
12886768069,12886768078,secondary
12886768078,1167270384,secondary
392350335,12884511909,secondary
12884511909,12884511887,secondary
12884511887,12884511891,secondary
12884511891,12884511889,secondary
12884511889,12884511897,secondary
12884511897,392350311,secondary
571784169,12874338406,secondary
12874338406,12874634276,secondary
12874634276,1167270403,secondary
1167269985,4240571011,secondary
4240571011,4240571010,secondary
4240571010,1167270426,secondary
1167270426,1167269895,secondary
392350335,5910349678,tertiary
1167269985,1167270460,residential
1167270460,1167270243,residential
1167270243,13701300152,residential
13701300152,446376376,residential
567058867,567058868,residential
1260427712,12259994700,tertiary
12259994700,1260427712,tertiary
12259994700,5486881981,tertiary
5486881981,12259994700,tertiary
5486881981,1260438103,tertiary
1260438103,5486881981,tertiary
1260438103,878834969,tertiary
878834969,1260438103,tertiary
878834969,1260428340,tertiary
1260428340,878834969,tertiary
1260428340,11280289112,tertiary
11280289112,1260428340,tertiary
11280289112,878834971,tertiary
878834971,11280289112,tertiary
878834971,1260437097,tertiary
1260437097,878834971,tertiary
1260437097,1260443036,tertiary
1260443036,1260437097,tertiary
1260443036,12259994681,tertiary
12259994681,1260443036,tertiary
12259994681,1000789494,tertiary
1000789494,12259994681,tertiary
1168544500,1168544395,residential
567058867,11749456245,residential
11749456245,1170591049,residential
1170591049,1170590692,residential
1170590692,567058877,residential
985377311,985377313,tertiary
567058880,1188226907,residential
1188226907,392350310,residential
392350310,392350347,residential
392350347,392350346,residential
1167270523,1167270146,residential
1365467482,1365467488,tertiary
1260431075,12872322263,primary
12872322263,12872322265,primary
12872322265,12875844239,primary
12875844239,1260431085,primary
1260431085,12875844240,primary
12875844240,1260431077,primary
1260431077,1260431078,primary
1260431078,446376372,primary
8138806566,8138806565,residential
8138806565,8138806566,residential
8138806565,12287197589,residential
12287197589,8138806565,residential
12287197589,8138806564,residential
8138806564,12287197589,residential
8138806564,8138806563,residential
8138806563,8138806564,residential
8138806563,2052323274,residential
2052323274,8138806563,residential
2052323274,2052323272,residential
2052323272,2052323274,residential
2052323272,8138806561,residential
8138806561,2052323272,residential
8138806561,2052323270,residential
2052323270,8138806561,residential
2052323270,12287197590,residential
12287197590,2052323270,residential
12287197590,12287197591,residential
12287197591,12287197590,residential
12287197591,2052323269,residential
2052323269,12287197591,residential
2052323269,12287197592,residential
12287197592,2052323269,residential
12287197592,2052323266,residential
2052323266,12287197592,residential
2052323266,7686444115,residential
7686444115,2052323266,residential
7686444115,3142332001,residential
3142332001,7686444115,residential
3142332001,2052323253,residential
2052323253,3142332001,residential
2052323253,2052323247,residential
2052323247,2052323253,residential
2052323247,12287197568,residential
12287197568,2052323247,residential
12287197568,2052323244,residential
2052323244,12287197568,residential
2052323244,12287197566,residential
12287197566,2052323244,residential
12287197566,7686444104,residential
7686444104,12287197566,residential
7686444104,2052323241,residential
2052323241,7686444104,residential
2052323241,2052323235,residential
2052323235,2052323241,residential
2052323235,12287197559,residential
12287197559,2052323235,residential
12287197559,2052323232,residential
2052323232,12287197559,residential
2052323232,12287197556,residential
12287197556,2052323232,residential
12287197556,2052323229,residential
2052323229,12287197556,residential
2052323229,2052323227,residential
2052323227,2052323229,residential
2052323227,2052323222,residential
2052323222,2052323227,residential
2052323222,2052323218,residential
2052323218,2052323222,residential
2052323218,7686444102,residential
7686444102,2052323218,residential
7686444102,12287197551,residential
12287197551,7686444102,residential
12287197551,12287197550,residential
12287197550,12287197551,residential
12287197550,2052323215,residential
2052323215,12287197550,residential
2052323215,2052323213,residential
2052323213,2052323215,residential
2068540710,12872347751,residential
12872347751,12875844252,residential
12875844252,12875844249,residential
12875844249,12875844251,residential
12875844251,12875844247,residential
12875844247,12875844250,residential
12875844250,12875844248,residential
12875844248,12872347750,residential
12872347750,2068540646,residential
2068540774,12872347724,residential
12872347724,2068540759,residential
2052323271,1553074549,residential
1553074549,2052323271,residential
1553074549,8138806562,residential
8138806562,1553074549,residential
8138806562,8138806567,residential
8138806567,8138806562,residential
8138806567,8138806568,residential
8138806568,8138806567,residential
8138806568,8138806570,residential
8138806570,8138806568,residential
8138806570,8138806569,residential
8138806569,8138806570,residential
8138806569,12287197588,residential
12287197588,8138806569,residential
12287197588,8138806563,residential
8138806563,12287197588,residential
1365467482,1365467509,residential
1365467509,1365467530,residential
1365467530,1365467550,residential
1365467550,1365467589,residential
1365467589,1365467632,residential
1365467632,1365467680,residential
1365467680,1365467713,residential
567058880,567058870,residential
567058870,12125603264,residential
12125603264,567058871,residential
446424114,1365467686,secondary
1365467686,446424114,secondary
2068540646,12873411295,secondary
12873411295,12872347853,secondary
12872347853,12872347754,secondary
12872347754,1167270395,secondary
1261033591,2080352439,residential
2080352439,1168544260,residential
1168544260,2080352475,residential
2080352475,12873890039,residential
12873890039,985377401,residential
446376412,12874338422,residential
12874338422,12875844275,residential
12875844275,12875844280,residential
12875844280,12874338424,residential
12874338424,1261033591,residential
1365467682,1365467680,residential
1365467680,1365467664,residential
1365467664,1387614279,residential
7800030781,7800030779,tertiary
7800030779,5977169197,tertiary
5977169197,5977169199,tertiary
5977169199,5977169201,tertiary
5977169201,5977169203,tertiary
5977169203,1390785563,tertiary
1390751821,3242559802,tertiary
3242559802,1390788629,tertiary
1390788629,1390788620,tertiary
1390788620,1365467715,tertiary
1365467715,1390825968,tertiary
1390825968,1365467704,tertiary
1167270395,12872347756,secondary
12872347756,2068477196,secondary
2068477196,12873890079,secondary
12873890079,1167269921,secondary
1260428345,5909120113,residential
5909120113,5909120114,residential
5909120114,1260438016,residential
1167270226,1167270117,residential
1167270117,1167270523,residential
1167270226,571784167,secondary
446376392,12884511860,secondary
12884511860,12884511837,secondary
12884511837,1167269894,secondary
1167270457,12884511881,secondary
12884511881,2068477158,secondary
2068477158,12884511868,secondary
12884511868,446376402,secondary
1167270403,12874634275,secondary
12874634275,12874634379,secondary
12874634379,1167270280,secondary
1392330380,12884512064,secondary
12884512064,12884512075,secondary
12884512075,12884512039,secondary
12884512039,595505256,secondary
1390785563,1390788609,residential
1390788609,4240241487,residential
4240241487,1390795673,residential
1390795673,8416711854,residential
8416711854,1390785560,residential
1390785568,7799798724,secondary
7799798724,7799798725,secondary
1168544395,446376412,residential
3366913211,2081378726,secondary
2081378726,3366913211,secondary
2081378726,2935192029,secondary
2935192029,2081378726,secondary
2935192029,1025603509,secondary
1025603509,2935192029,secondary
1025603509,2935192030,secondary
2935192030,1025603509,secondary
2935192030,595505255,secondary
595505255,2935192030,secondary
1392330380,4240297275,residential
1167270457,5910349676,residential
1167270086,12884512104,residential
12884512104,1392271418,residential
1392302076,12884512106,residential
12884512106,1167270086,residential
1390875766,1392271461,residential
1392271461,2077087071,residential
2077087071,5939416954,residential
5939416954,1392302076,residential
1167270006,1167269943,residential
1167269943,1791111682,residential
1791111682,1390875766,residential
1167270001,12884511992,residential
12884511992,3366913213,residential
1167270006,1387612677,residential
1387612677,7684408044,residential
7684408044,1390716831,residential
1390716831,7684408045,residential
7684408045,1167270304,residential
1167270388,1167270158,residential
1167270158,1392271418,residential
1392330375,9170478073,residential
9170478073,1392330815,residential
1392330815,1392330376,residential
1392330376,1167270388,residential
2077087066,7684408051,primary
7684408051,3460650631,primary
3460650631,1410562256,primary
1410562256,11554795954,primary
11554795954,11554795945,primary
11554795945,9170478057,primary
9170478057,5919488310,primary
5919488310,5919488297,primary
5919488297,3313256789,primary
3313256789,4240297257,primary
4240297257,12253568196,primary
12253568196,3313256786,primary
1188247542,3903488897,primary
3903488897,1188247542,primary
3903488897,3903488898,primary
3903488898,3903488897,primary
3903488898,2077087067,primary
2077087067,3903488898,primary
2077087067,3903488895,primary
3903488895,2077087067,primary
3903488895,3903488896,primary
3903488896,3903488895,primary
3903488896,2077087066,primary
2077087066,3903488896,primary
571784167,446390853,secondary
446390860,11749456244,secondary
11749456244,567058866,secondary
567058866,2068477184,secondary
2068477184,571784152,secondary
571784152,446390862,secondary
571784167,571784157,secondary
571784157,571784154,secondary
1167270146,1167270203,secondary
1167270203,5909120090,secondary
5909120090,571784167,secondary
1390875770,1168544102,secondary
1168544102,12884512004,secondary
12884512004,5939416949,secondary
5939416949,12884511995,secondary
12884511995,1167269843,secondary
1167269965,1167270388,residential
1392302075,1167269965,residential
1167269878,2077087073,residential
2077087073,1392271453,residential
1392271453,2077087069,residential
2077087069,1392302075,residential
1390716830,7684408054,residential
7684408054,1390716830,residential
7684408054,1791162404,residential
1791162404,7684408054,residential
1791162404,4240571023,residential
4240571023,1791162404,residential
4240571023,4240571022,residential
4240571022,4240571023,residential
4240571022,1791162406,residential
1791162406,4240571022,residential
1791162406,1791162405,residential
1791162405,1791162406,residential
1365441842,1365441845,tertiary
1365441845,1365441846,tertiary
1365441846,1365441857,tertiary
1365441857,1365441860,tertiary
1365441860,1365441865,tertiary
1365441865,1365441871,tertiary
1365441871,1365441878,tertiary
1365441878,1365441884,tertiary
1365441884,1365441891,tertiary
1387614275,1824889153,tertiary
1365441930,1365441857,residential
1365441857,1365441791,residential
567058869,1170591049,residential
1170591049,446390860,residential
1170612412,12886803314,tertiary
12886803314,12337534555,tertiary
12337534555,1392302074,tertiary
1392302074,12337534558,tertiary
12337534558,12337534561,tertiary
12337534561,1392316152,tertiary
1392316152,12337534564,tertiary
12337534564,12337534568,tertiary
12337534568,1390875719,tertiary
12893847203,12886768095,residential
12886768095,4240571039,residential
4240571039,1167270015,residential
1167270015,2052323013,residential
2052323013,1167270521,residential
1167270521,4240571038,residential
4240571038,1387608898,residential
1387608898,1167270378,residential
567058868,1170591156,residential
1365441734,1390825962,residential
1390825962,1365441759,residential
1170612556,2091748229,tertiary
2091748229,1392330363,tertiary
1392330363,2116945942,tertiary
2116945942,4990034985,tertiary
1392330375,2052322869,residential
2052322869,1392330375,residential
2052322869,3460650625,residential
3460650625,2052322869,residential
3903488890,12253568225,primary
12253568225,3903488890,primary
12253568225,7684408056,primary
7684408056,12253568225,primary
7684408056,3903488887,primary
3903488887,7684408056,primary
3903488887,12253568224,primary
12253568224,3903488887,primary
12253568224,3903488886,primary
3903488886,12253568224,primary
3903488886,1188247542,primary
1188247542,3903488886,primary
1390875719,1390875714,residential
1390875714,1390875719,residential
1390875714,1194373351,residential
1194373351,1390875714,residential
1167269878,1390875763,residential
1390875763,1390875766,residential
1390875722,1390712221,residential
1390712221,1390875722,residential
1390712221,12337534567,residential
12337534567,1390712221,residential
12337534567,1392316153,residential
1392316153,12337534567,residential
1392302073,12886803273,residential
12886803273,1392302074,residential
1392302074,1392316143,residential
1392316143,12337534553,residential
12337534553,1188247534,residential
1188247534,4240571026,residential
4240571026,1791162405,residential
1791162405,1392330819,residential
1392330819,1392330411,residential
1392330411,1392302075,residential
1392302075,1871063307,residential
1871063307,1392302076,residential
2117071014,13713571054,residential
13713571054,2117071014,residential
13713571054,3366913210,residential
3366913210,13713571054,residential
3366913210,1392302077,residential
1392302077,3366913210,residential
1391039167,3460650651,residential
3460650651,1392316140,residential
1170591107,1824867785,secondary
1824867785,2068477202,secondary
2068477202,1015252985,secondary
1170591107,1170591219,residential
1170591219,1824867786,residential
985377272,1170591023,residential
1170591023,1170590624,residential
1170590624,13700512494,residential
13700512494,567058869,residential
1167270146,1167269880,residential
1167270378,2052323037,residential
2052323037,1167269897,residential
1167269897,1167270402,residential
1167270402,1167269819,residential
1167269819,1167270046,residential
1167270046,1167270523,residential
1365441791,4240242110,tertiary
4240242110,1365441788,tertiary
1365441788,1365441784,tertiary
2077087076,2077087075,residential
2077087075,2077087076,residential
3903488890,7684408055,primary
7684408055,2077087064,primary
2077087066,3903488894,primary
3903488894,2077087066,primary
3903488894,3460650620,primary
3460650620,3903488894,primary
3460650620,3903488893,primary
3903488893,3460650620,primary
3903488893,7684408053,primary
7684408053,3903488893,primary
7684408053,3903488892,primary
3903488892,7684408053,primary
2077087069,2077087070,residential
2077087070,2077087069,residential
2077087070,2077087071,residential
2077087071,2077087070,residential
1392330817,1392334776,residential
1392334776,1392330817,residential
1392334776,1392330815,residential
1392330815,1392334776,residential
595505253,2067986595,secondary
2067986595,595505253,secondary
2067986595,2935192019,secondary
2935192019,2067986595,secondary
2935192019,1025603459,secondary
1025603459,2935192019,secondary
1025603459,2935192020,secondary
2935192020,1025603459,secondary
2935192020,2081378724,secondary
2081378724,2935192020,secondary
2081378724,595505254,secondary
595505254,2081378724,secondary
3903488892,2077087065,primary
2077087065,3903488892,primary
2077087065,3903488891,primary
3903488891,2077087065,primary
3903488891,3903488889,primary
3903488889,3903488891,primary
3903488889,3903488890,primary
3903488890,3903488889,primary
1365467686,1551414630,residential
1551414630,8984509847,residential
8984509847,1390785562,residential
1390785562,1390785573,residential
1390785573,1390788627,residential
1390788627,3242559804,residential
3242559804,4236727490,residential
4236727490,1390751824,residential
7800030773,7800030770,tertiary
7800030770,1390785592,tertiary
1390785592,7799471506,tertiary
7799471506,1390795681,tertiary
1390795681,1390795675,tertiary
1170612556,1391039167,tertiary
1167270086,12884512105,tertiary
12884512105,1167270171,tertiary
1167270171,1167269965,tertiary
1167269965,1392330400,tertiary
1392330400,1392330817,tertiary
1392330817,4240571027,tertiary
4240571027,1170612386,tertiary
1170612386,12886803312,tertiary
12886803312,1170612412,tertiary
1170612412,12886803315,tertiary
12886803315,2052322896,tertiary
2052322896,4890760997,tertiary
4890760997,1170612466,tertiary
1170612466,1170612556,tertiary
1167270001,1790882876,residential
1390825942,1392459417,secondary
1392459417,1390875899,secondary
1390825932,1390825930,residential
1390825930,1390825929,residential
1390825929,1390825928,residential
1390825928,1390825931,residential
1211327777,1170591249,residential
1170591249,4240682104,residential
4240682104,1211327772,residential
1211327772,1170590911,residential
1170590911,1390858564,residential
1390858564,5923380436,residential
5923380436,5923380433,residential
5923380433,5923380434,residential
5923380434,5923380435,residential
5923380435,1170591001,residential
1394251352,1393667422,tertiary
1393667422,1394251352,tertiary
1393667422,1394251353,tertiary
1394251353,1393667422,tertiary
1392454664,1394253734,tertiary
1394253734,1392454664,tertiary
1394253734,1394251352,tertiary
1394251352,1394253734,tertiary
1170591152,1182784155,secondary
1182784155,1170591058,secondary
1170591058,1170591304,secondary
1170591152,1170590697,residential
1170590697,567058863,residential
567058863,1170591150,residential
1170591150,567058875,residential
567058875,1365467150,residential
1365467150,1170590849,residential
1170591249,2052323204,residential
2052323204,1170590765,residential
1170590765,1390825927,residential
1390825927,1390825926,residential
1170591300,3242551366,residential
3242551366,1390875849,residential
1390875849,3242551365,residential
3242551365,6074176262,residential
6074176262,1211327733,residential
1211327733,2052323211,residential
2052323211,1170591113,residential
1170591113,3242551364,residential
3242551364,1211327737,residential
1211327737,1170591215,residential
1170591215,1170591249,residential
1392454651,1393656485,secondary
1393656485,1392454651,secondary
1393656485,1394251347,secondary
1394251347,1393656485,secondary
1394251347,1392454655,secondary
1392454655,1394251347,secondary
1392454655,7686443953,secondary
7686443953,1392454655,secondary
7686443953,1393667427,secondary
1393667427,7686443953,secondary
1393667427,1392454660,secondary
1392454660,1393667427,secondary
1392454660,2720968511,secondary
2720968511,1392454660,secondary
2720968511,1392454664,secondary
1392454664,2720968511,secondary
1392454664,7686443898,secondary
7686443898,1392454664,secondary
7686443898,1392454665,secondary
1392454665,7686443898,secondary
1392454665,1392454667,secondary
1392454667,1392454665,secondary
1392454667,7686443897,secondary
7686443897,1392454667,secondary
7686443897,4240682156,secondary
4240682156,7686443897,secondary
4240682156,1392454669,secondary
1392454669,4240682156,secondary
1392454669,2052323217,secondary
2052323217,1392454669,secondary
2052323217,2471320092,secondary
2471320092,2052323217,secondary
2471320092,1170590703,secondary
1170590703,2471320092,secondary
2077106924,2077106926,residential
2077106926,2077106924,residential
2077106921,2052323198,residential
1390825942,2052323234,secondary
2052323234,1390825942,secondary
2445304785,2052323173,residential
2052323173,2052323177,residential
2052323177,2052323180,residential
2052323180,3242549657,residential
3242549657,2077106921,residential
1260442986,12887932654,residential
12887932654,1176386762,residential
392350319,392350320,residential
392350320,12887630877,residential
12887630877,1387569563,residential
1387569563,392350307,residential
1176386762,392350309,residential
392350309,392350321,residential
392350321,392350319,residential
1454272002,3903206587,primary
3903206587,1454272016,primary
1454272016,12887932845,primary
12887932845,12254108811,primary
12254108811,1454272008,primary
1454272008,1454272007,primary
1454272007,12254108810,primary
12254108810,3903206588,primary
3903206588,3903206589,primary
3903206589,12887932869,primary
12887932869,1454272020,primary
1454272020,1454272022,primary
1454272022,1454272003,primary
1454272003,12254108808,primary
12254108808,1454272011,primary
1454272011,12254108802,primary
12254108802,1454272015,primary
1454272015,1454272012,primary
1454272012,11280289089,primary
11280289089,1454272001,primary
1454272001,1454272000,primary
1454272000,12889150663,primary
12889150663,11902361875,primary
11902361875,1454272004,primary
1454272004,12889150668,primary
12889150668,12889150695,primary
12889150695,1454272013,primary
1167270385,1167270065,secondary
1167270065,1167270077,secondary
1167270077,1167270167,secondary
1167270167,3897148700,secondary
3897148700,1167270226,secondary
1365441813,1365441804,secondary
1365441804,1365441761,secondary
1365441761,1365441742,secondary
1365441742,1015252983,secondary
1167270280,2068477187,secondary
2068477187,12874634465,secondary
12874634465,1167270266,secondary
430557362,12887932636,primary
12887932636,1260445195,primary
1260445195,1260445206,primary
1260445206,1260445201,primary
1260445201,430557363,primary
430557363,12254108904,primary
12254108904,12259923367,primary
12259923367,1260445193,primary
1260445193,1260445194,primary
1260445194,1260445375,primary
1260445375,1260445212,primary
1392459426,1390825944,secondary
1390825944,1390858567,secondary
1390858567,1170590703,secondary
392350320,392350327,tertiary
392350327,392350331,tertiary
392350331,12884511910,tertiary
12884511910,392350335,tertiary
1167270483,1167270241,residential
1167270241,1824867774,residential
1824867774,1167270228,residential
1167270228,1167270491,residential
1167270491,1167269991,residential
1167269991,1167270257,residential
1167270257,446376376,residential
446376376,571784154,residential
571784154,13697041870,residential
13697041870,571784153,residential
1824867769,1824867771,residential
1167270520,1167269828,residential
1167269828,1167270059,residential
1167270059,4240571033,residential
4240571033,1167270483,residential
1824867771,1824867772,residential
1824867772,1824867773,residential
1824867773,1393667380,residential
1393667380,1387511769,residential
1387511769,2052323116,residential
2052323116,1393664768,residential
1393664768,2052323118,residential
2052323118,1167270472,residential
1167270472,1167270520,residential
2065925560,2065925523,residential
2065925523,2065925512,residential
392350326,392350319,tertiary
392350346,392350342,tertiary
392350342,392350338,tertiary
392350338,2052323006,tertiary
2052323006,12884511928,tertiary
12884511928,5910349679,tertiary
1000789486,13711243741,secondary
13711243741,446390862,secondary
1167270483,1167270393,residential
1167270393,1167270385,residential
1167270385,1167270410,residential
1167270410,2052323055,residential
2052323055,1167269897,residential
1167269897,1167270475,residential
392350326,392350325,residential
392350325,392350324,residential
392350324,1167269919,residential
1167269919,12887932607,residential
12887932607,1260443012,residential
430557362,12887932637,residential
12887932637,1260445192,residential
1771509784,1771508524,residential
1771508524,1176386821,residential
1176386821,1176386729,residential
1176386729,12887932653,residential
12887932653,1176386771,residential
1391039174,12886803147,residential
12886803147,2052322982,residential
2052322982,2052322984,residential
2052322984,2134228910,residential
2134228910,2052322991,residential
2052322991,1167270291,residential
1167270291,2052323005,residential
2052323005,1167270480,residential
1167270480,1167270036,residential
1392316140,3460650654,residential
3460650654,1392316146,residential
1392316146,2052322936,residential
2052322936,1391039169,residential
1391039169,1392330418,residential
1392330418,1392318157,residential
1392318157,2091748233,residential
2091748233,1391039172,residential
1391039172,12259700437,residential
12259700437,12259700439,residential
12259700439,12886803146,residential
12886803146,1391039174,residential
1167270405,2068477181,secondary
2068477181,1167270180,secondary
1167270180,571784153,secondary
430557359,1771508507,tertiary
1771508507,392350360,tertiary
1392454728,1871063312,primary
1167270446,2052323044,tertiary
2052323044,1167270374,tertiary
1167270374,1194373402,tertiary
1194373402,392350366,tertiary
392350366,2052323080,tertiary
2052323080,392350367,tertiary
392350367,1167270520,tertiary
1167269880,567058880,residential
1167270036,1167270334,residential
1167270334,1167270446,residential
1167270446,1167270440,residential
1167270440,1387608899,residential
1387608899,1167270378,residential
392350346,392350345,residential
392350345,392350344,residential
392350344,1167270196,residential
1167270196,1167269929,residential
1167269929,2109826778,residential
2109826778,1260443039,residential
1167270405,11749456243,residential
11749456243,1167270286,residential
1167270286,392350308,residential
392350308,392350359,residential
392350359,392350358,residential
392350358,392350357,residential
392350357,392350356,residential
392350356,8415593470,residential
8415593470,1260431217,residential
1260431217,8415593431,residential
8415593431,1260431218,residential
1260431218,12873752317,residential
12873752317,12873752387,residential
12873752387,1260438016,residential
1000789486,1167270405,residential
1176386762,1167269919,residential
1167269919,1167270062,residential
1167270062,12884511960,residential
12884511960,446376410,residential
5018689840,1365441821,primary
1365441821,1365441813,primary
1365441813,1365441807,tertiary
1365441807,1365441805,tertiary
1365441805,1365441800,tertiary
1365441800,1365441798,tertiary
1365441798,1365441791,tertiary
1770948770,12889150699,primary
12889150699,4236758061,primary
4236758061,12254108804,primary
12254108804,1454329886,primary
1454329886,12254108803,primary
12254108803,11280289090,primary
11280289090,1454329863,primary
1454329863,1771508508,primary
1771508508,12254108834,primary
12254108834,1454329874,primary
1454329874,1454329854,primary
1454329854,12254108836,primary
12254108836,11280289091,primary
11280289091,12254108837,primary
12254108837,12254108845,primary
12254108845,7681050199,primary
7681050199,12254108846,primary
12254108846,12254108847,primary
12254108847,12254108848,primary
12254108848,1454329887,primary
1454329887,12254108849,primary
12254108849,12254108856,primary
12254108856,12254108855,primary
12254108855,1260445207,primary
1260445207,12254108854,primary
12254108854,1771508517,primary
1771508517,1260445222,primary
1260445222,1260445221,primary
1260445221,2068445457,primary
2068445457,1260445211,primary
1260442986,12887932655,primary
12887932655,12887932605,primary
12887932605,1260443012,primary
3902947989,12254108865,primary
12254108865,1771508518,primary
1771508518,1260445219,primary
1260445219,12259923364,primary
12259923364,1260445208,primary
1260445208,1260445214,primary
1260445214,12887932707,primary
12887932707,1260445197,primary
1260445197,1260445210,primary
1260445210,12254108905,primary
12254108905,1260445217,primary
1260445217,1260445215,primary
1260445215,1260445199,primary
1260445199,1260445204,primary
1260445204,1260445203,primary
1260445203,12259923373,primary
12259923373,12259923375,primary
12259923375,12259923376,primary
12259923376,12887932639,primary
12887932639,1176386771,primary
11449410635,2052322976,primary
2052322976,1015252886,primary
1015252886,2078075954,primary
2078075954,1015252889,primary
1015252889,2052322978,primary
2052322978,12886803148,primary
12886803148,1391039174,primary
1391039174,12886803145,primary
12886803145,12259700442,primary
12259700442,12259700435,primary
12259700435,12259700417,primary
12259700417,5912829603,primary
5912829603,5912829455,primary
392350319,1771509784,tertiary
1771951208,1771951199,residential
1771951199,1771951208,residential
1771508476,1771508475,tertiary
1771508475,1771508476,tertiary
1771508476,5116196083,tertiary
5116196083,1771508478,tertiary
1771951213,8964090532,residential
8964090532,1771951213,residential
8964090532,8964090530,residential
8964090530,8964090532,residential
8964090530,1771951199,residential
1771951199,8964090530,residential
2065925560,4240623820,residential
4240623820,2065925532,residential
2065925532,2065925511,residential
2065925511,4240623476,residential
4240623476,2065925487,residential
2065925487,2052322999,residential
2052322999,446387519,residential
446387519,2052322994,residential
2052322994,5912829602,residential
5912829602,2078075954,residential
1393656498,2445267871,secondary
2445267871,1393656498,secondary
2445267871,2445267859,secondary
2445267859,2445267871,secondary
2445267859,5750550016,secondary
5750550016,2445267859,secondary
5750550016,5750550017,secondary
5750550017,5750550016,secondary
1771508479,1771509713,residential
1771509713,1771508479,residential
1771509713,1771535427,residential
1771535427,1771509713,residential
1771535427,7681050244,residential
7681050244,1771535427,residential
7681050244,1770948765,residential
1770948765,7681050244,residential
1771951168,1771951177,residential
1771951177,1771951181,residential
1771951181,1771951184,residential
1771951184,1771951188,residential
1771951217,1771951214,residential
1771951214,1771951217,residential
1771951214,8964090531,residential
8964090531,1771951214,residential
8964090531,1771951213,residential
1771951213,8964090531,residential
1771951213,1771951210,residential
1771951210,1771951213,residential
1771951201,1771951193,residential
1771951193,6143794181,residential
6143794181,1771951190,residential
1771951190,6143794182,residential
6143794182,1454272022,residential
1771951122,1771951125,residential
1771951125,1771951135,residential
1771951135,3903206596,residential
3903206596,1771951137,residential
1771951137,12889150692,residential
12889150692,12254108772,residential
12254108772,1454272013,residential
1392459411,1392459413,residential
1392459413,2065924258,residential
2065924258,1392459415,residential
1392459415,1392459417,residential
1770948770,12253944753,tertiary
12253944753,1770948770,tertiary
12253944753,1771508487,tertiary
1771508487,12253944753,tertiary
1771508487,1770948769,tertiary
1770948769,1771508487,tertiary
1770948769,1771508483,tertiary
1771508483,1770948769,tertiary
1771508483,1771508482,tertiary
1771508482,1771508483,tertiary
1771508482,1771508479,tertiary
1771508479,1771508482,tertiary
1770948768,1770948767,tertiary
1770948767,1770948768,tertiary
1770948767,1770948766,tertiary
1770948766,1770948767,tertiary
1770948766,5107824278,tertiary
5107824278,1770948766,tertiary
5107824278,7681050242,tertiary
7681050242,5107824278,tertiary
7681050242,1770948765,tertiary
1770948765,7681050242,tertiary
2065925705,2052323108,residential
2052323108,2065925695,residential
2065925695,2052323093,residential
2052323093,2065925678,residential
2065925678,1167270032,residential
1167270032,2065925642,residential
2065925642,1824867764,residential
1824867764,2065925602,residential
2065925602,2065925595,residential
2065925595,2134241675,residential
2134241675,2065925580,residential
2065925580,2052323046,residential
2052323046,6096472689,residential
6096472689,2065925560,residential
6273351063,6273351062,secondary
6273351062,6273351061,secondary
6273351061,5018689839,secondary
5018689839,7686444000,secondary
7686444000,2537434136,secondary
2537434136,5018689838,secondary
5018689838,3953899673,secondary
3953899673,7686444001,secondary
7686444001,1791043062,secondary
1791043062,1871063312,secondary
1167269880,10749357701,secondary
10749357701,2068477165,secondary
2068477165,10749357702,secondary
10749357702,10749357703,secondary
10749357703,1167270057,secondary
1167270057,571784194,secondary
1260442999,11418618550,secondary
11418618550,12884511958,secondary
12884511958,446376410,secondary
1393664772,1393667385,secondary
1393667385,1393664772,secondary
1167269895,1167269876,secondary
1167269876,1167269871,secondary
1167269871,1387511771,secondary
1170590883,1390825920,residential
1390825920,1170590778,residential
1170590778,1390858565,residential
1390858565,1170591208,residential
1170591208,1489824360,residential
1489824360,4240682105,residential
4240682105,1170590765,residential
1170590765,1390825932,residential
1390825932,1390825940,residential
1390825940,1170591175,residential
1167269895,1170591189,residential
1170591189,1170590883,residential
1393664777,1390858546,residential
1390858546,1170591231,residential
1170591231,1390875782,residential
1390875782,1170590819,residential
1170590819,1387511772,residential
1387511772,1170591162,residential
1170591162,1170590906,residential
1170590906,13690652326,residential
13690652326,1170591189,residential
1170591189,1387550356,residential
1015252985,567058867,residential
1015252985,571784152,secondary
571784152,1167270405,secondary
1775375176,4990034955,primary
4990034955,11278127975,primary
11278127975,4990034957,primary
4990034957,1771968812,primary
1771968812,1771968813,primary
1771968813,11278127973,primary
11278127973,1771968823,primary
1771968823,4990034959,primary
4990034959,4990034961,primary
4990034961,10701817553,primary
10701817553,4990034962,primary
4990034962,1771968827,primary
1771968827,1771984380,primary
1771984380,1771984391,primary
1771984391,4990034963,primary
4990034963,4990034964,primary
4990034964,1775375181,primary
1775375181,12253568142,primary
12253568142,12253568146,primary
12253568146,9366172543,primary
9366172543,1771968833,primary
1771968833,12253568148,primary
12253568148,4990034967,primary
4990034967,11278127889,primary
11278127889,1771986510,primary
1771986510,1771986525,primary
1771986525,11278127888,primary
11278127888,4990034968,primary
4990034968,11278127881,primary
11278127881,3242567065,primary
3242567065,11278127880,primary
11278127880,1771968846,primary
1771968846,3460650619,primary
3460650619,12253568164,primary
12253568164,1387553561,primary
1771986545,12253568161,primary
12253568161,12253568155,primary
12253568155,1771986526,primary
1771986526,1771986511,primary
1170590883,1170591297,residential
1170591297,1170591274,residential
1170591274,1387511773,residential
1387511773,1170590977,residential
1170590977,1390875787,residential
1390875787,1170591261,residential
1170591261,1390858548,residential
1390858548,1393664780,residential
1393664780,1170591262,residential
567058869,567058868,residential
567058868,1170591107,residential
1393664777,2052323166,residential
2052323166,1393664780,residential
1393664772,2052323160,residential
2052323160,1393664777,residential
1260442999,5910349682,primary
5910349682,11418618541,primary
11418618541,12259994524,primary
12259994524,6096841896,primary
6096841896,12884508878,primary
12884508878,1260442998,primary
1771509784,1771509763,tertiary
1771509763,4240297248,tertiary
4240297248,4240297253,tertiary
4240297253,1771509762,tertiary
595505255,2935192008,secondary
2935192008,595505255,secondary
2935192008,1025603480,secondary
1025603480,2935192008,secondary
1025603480,2935192004,secondary
2935192004,1025603480,secondary
2935192004,2081378696,secondary
2081378696,2935192004,secondary
1170591262,2445304785,residential
2445304785,2065925966,residential
2065925966,1393667390,residential
1393667390,2065925963,residential
2065925963,1393667387,residential
1393667387,2065925961,residential
2065925961,1393685685,residential
1393685685,2065925955,residential
2065925955,1393685683,residential
1393685683,1393656482,residential
1387553589,1387553595,primary
1387553595,1387553589,primary
1387553595,11278127877,primary
11278127877,1387553595,primary
11278127877,1387553593,primary
1387553593,11278127877,primary
1387553593,12253568185,primary
12253568185,1387553593,primary
12253568185,1387553588,primary
1387553588,12253568185,primary
1387553588,11278127878,primary
11278127878,1387553588,primary
11278127878,12253568186,primary
12253568186,11278127878,primary
12253568186,12253568187,primary
12253568187,12253568186,primary
12253568187,1387553579,primary
1387553579,12253568187,primary
1387553579,1387553567,primary
1387553567,1387553579,primary
1387553567,1771984399,primary
1771984399,1387553567,primary
1771984399,11278127879,primary
11278127879,1771984399,primary
11278127879,12253568190,primary
12253568190,11278127879,primary
12253568190,1387553562,primary
1387553562,12253568190,primary
1387553562,4990034988,primary
4990034988,1387553562,primary
4990034988,1387553556,primary
1387553556,4990034988,primary
1771509762,1643743936,residential
1643743936,1392312382,residential
1392312382,13694686562,residential
13694686562,1392302070,residential
1392302070,1392312380,residential
1392312380,2067986612,residential
1170591156,1170591009,residential
567058879,1167270057,residential
1167270057,1387566320,residential
1387566320,1167270223,residential
1167270223,1167269940,residential
1167269940,1167269962,residential
1167269962,1167269959,residential
1167269959,1167269873,residential
1167269873,1167270475,residential
1167270475,1387566319,residential
1387566319,1390712224,residential
1390712224,1167270521,residential
1167270521,1167270532,residential
1167270532,1167270386,residential
1167270386,1167270443,residential
1167270443,1167270480,residential
1167270480,1167270488,residential
392350342,5485258838,residential
5485258838,11624973510,residential
11624973510,392350343,residential
985377313,1551402673,tertiary
1551402673,12259994740,tertiary
12259994740,12882417081,tertiary
12882417081,1551402681,tertiary
1551402681,1551412298,tertiary
1170591156,1170590771,tertiary
1170590771,1170590731,tertiary
1170590731,567058876,tertiary
567058876,985377273,tertiary
985377273,1365467046,tertiary
1365467046,1170590795,tertiary
1170590795,1170590967,tertiary
1170590967,1170591273,tertiary
567058879,567058880,residential
1365441713,1365467332,residential
1365467332,2581630025,residential
1170591009,1170590697,residential
1170591009,1170591058,residential
1170591058,3374876587,residential
1390825939,1390825931,secondary
1390785563,1390788617,tertiary
1365467070,1551413606,tertiary
1551413606,1551413589,tertiary
1551413589,985377311,tertiary
1365441713,1365467420,tertiary
1365467420,1170590817,tertiary
1170590817,2123976453,tertiary
7799798748,7799798747,residential
7799798747,4240241483,residential
4240241483,1390785563,residential
567058871,1260432719,secondary
1260432719,4783628461,secondary
4783628461,392350355,secondary
1167270266,12874634484,secondary
12874634484,446390859,secondary
446390859,2068540626,secondary
2068540626,12874634504,secondary
12874634504,1000789479,secondary
1000789479,5915084199,secondary
5915084199,446390860,secondary
1167270266,392350358,residential
392350358,392350364,residential
392350364,12999251877,residential
12999251877,446376380,residential
1365467433,7805430544,tertiary
7805430544,1365467434,tertiary
1365467434,8399446000,tertiary
8399446000,1170590792,tertiary
1170590792,1170591161,tertiary
1170591161,1365467449,tertiary
1365467449,1365467451,tertiary
1365467451,1365467454,tertiary
1365467454,1365467456,tertiary
1365467433,567058874,residential
567058871,13701395297,residential
13701395297,567058872,residential
567058872,567058873,residential
446390853,3902992553,secondary
3902992553,567058871,secondary
446390853,1167269803,secondary
1167269803,1167269880,secondary
1260437542,12882427173,residential
12882427173,12882427167,residential
12882427167,1260437109,residential
1260438016,12873412803,residential
12873412803,12873411252,residential
12873411252,1260431219,residential
1260437832,8415593469,residential
8415593469,1260428345,residential
2080106169,1188226907,residential
2081308253,2081308265,residential
2081308265,2081308253,residential
2052322916,1771951221,residential
1771951221,2052322916,residential
1771951221,2952524400,residential
2952524400,1771951221,residential
2952524400,2952524396,residential
2952524396,2952524400,residential
2952524396,12254108898,residential
12254108898,2952524396,residential
12254108898,1771951227,residential
1771951227,12254108898,residential
1771951227,2052322929,residential
2052322929,1771951227,residential
2052322929,1771951229,residential
1771951229,2052322929,residential
1771951229,2117071018,residential
2117071018,1771951229,residential
2117071018,8099065229,residential
8099065229,2117071018,residential
8099065229,2052322930,residential
2052322930,8099065229,residential
2052322930,1771951232,residential
1771951232,2052322930,residential
1167269843,12884511997,residential
12884511997,1167270006,residential
567058877,2068540634,residential
2068540634,12874634467,residential
12874634467,1167270266,residential
567058877,1168544500,residential
392350332,12884511947,secondary
12884511947,2052322998,secondary
2052322998,12884511934,secondary
12884511934,392350333,secondary
1176386800,1167270037,residential
1167270037,392350340,residential
392350340,5941408751,residential
5941408751,392350341,residential
392350341,392350342,residential
392350332,12884511945,residential
12884511945,392350328,residential
392350328,392350324,residential
392350340,392350336,residential
392350336,2134208072,residential
2134208072,12884511949,residential
12884511949,5910349681,residential
392350354,11303618808,secondary
11303618808,392350353,secondary
392350354,392350350,tertiary
392350350,11303618794,tertiary
11303618794,392350346,tertiary
1771509733,1771986549,tertiary
430557361,12887932592,residential
12887932592,6511026658,residential
6511026658,1260442986,residential
2077087072,2077087073,residential
2077087073,2077087072,residential
2077087073,2077087074,residential
2077087074,2077087073,residential
1167270254,12887932599,residential
12887932599,1260442995,residential
2091748236,2052323032,residential
2052323032,2091748236,residential
2052323126,2052323134,residential
2091748235,2091748234,residential
2091748234,2091748235,residential
2091748234,2091748233,residential
2091748233,2091748234,residential
2091748232,2091748231,residential
2091748231,2091748232,residential
12259994593,12259994592,residential
12259994592,12259994593,residential
12259994592,2052323077,residential
2052323077,12259994592,residential
2052323077,12259994578,residential
12259994578,2052323077,residential
12259994578,12259994577,residential
12259994577,12259994578,residential
12259994577,2052323073,residential
2052323073,12259994577,residential
2052323073,2052323072,residential
2052323072,2052323073,residential
2052323072,2052323071,residential
2052323071,2052323072,residential
2052323071,12259994564,residential
12259994564,2052323071,residential
12259994564,2052323063,residential
2052323063,12259994564,residential
2052323063,12259994554,residential
12259994554,2052323063,residential
12259994554,2052323045,residential
2052323045,12259994554,residential
2052323045,12259994553,residential
12259994553,2052323045,residential
12259994553,2052323035,residential
2052323035,12259994553,residential
2052323035,12259994552,residential
12259994552,2052323035,residential
12259994552,12259994540,residential
12259994540,12259994552,residential
12259994540,2052323030,residential
2052323030,12259994540,residential
2052323030,12259994539,residential
12259994539,2052323030,residential
12259994539,7681388432,residential
7681388432,12259994539,residential
7681388432,2052323026,residential
2052323026,7681388432,residential
2052323026,2052323011,residential
2052323011,2052323026,residential
2052323011,12259994510,residential
12259994510,2052323011,residential
12259994510,12259994509,residential
12259994509,12259994510,residential
12259994509,2052322996,residential
2052322996,12259994509,residential
2052322996,12259923397,residential
12259923397,2052322996,residential
12259923397,2052322985,residential
2052322985,12259923397,residential
2052322985,8122351856,residential
8122351856,2052322985,residential
8122351856,2052322974,residential
2052322974,8122351856,residential
2052322974,2052322967,residential
2052322967,2052322974,residential
2052322967,12259923396,residential
12259923396,2052322967,residential
12259923396,12259923395,residential
12259923395,12259923396,residential
12259923395,12259923394,residential
12259923394,12259923395,residential
12259923394,2052322962,residential
2052322962,12259923394,residential
2052322962,3902947994,residential
3902947994,2052322962,residential
3902947994,12259923393,residential
12259923393,3902947994,residential
12259923393,2052322959,residential
2052322959,12259923393,residential
2052322959,2052322957,residential
2052322957,2052322959,residential
2052322957,1260443489,residential
1260443489,2052322957,residential
2109826778,2109826779,residential
2109826779,10701817536,residential
10701817536,5909157744,residential
2118016424,2133908570,residential
2133908570,2118016403,residential
4240571019,2118016402,residential
2118016402,2133908585,residential
2133908585,2133908582,residential
2133908582,2118016405,residential
2118016405,2133908579,residential
2133908579,2118016427,residential
2445304786,1393664772,secondary
1387511771,2118016405,residential
2118016405,1167270519,residential
1167270519,1167270461,residential
1167270461,1167270483,residential
1824867763,1390944722,secondary
1390944722,1390858526,secondary
1390858526,1390673959,secondary
1390673959,392350366,secondary
392350366,1167270262,secondary
1167270262,1167270447,secondary
1167270447,1167270385,secondary
1393667385,4240623472,secondary
4240623472,1393667385,secondary
4240623472,12241737524,secondary
12241737524,4240623472,secondary
12241737524,2065925836,secondary
2065925836,12241737524,secondary
2065925836,1392384735,secondary
1392384735,2065925836,secondary
1392384735,1387550353,secondary
1387550353,1392384735,secondary
1387550353,1392384734,secondary
1392384734,1387550353,secondary
1392384734,1824867782,secondary
1824867782,1392384734,secondary
1824867763,1167269980,residential
1167269980,1167270363,residential
1167270363,1167270488,residential
1167270488,2052323004,residential
2052323004,1824867758,residential
1824867758,1015252889,residential
1393667385,1393667384,residential
1393667384,1393667385,residential
1393667384,1393667383,residential
1393667383,1393667384,residential
1393667383,2052323131,residential
2052323131,1393667383,residential
2052323131,1393667382,residential
1393667382,2052323131,residential
1393667382,1393667380,residential
1393667380,1393667382,residential
2123976563,2123976475,residential
2123976475,2123976563,residential
4240242106,7686444038,residential
7686444038,4240242106,residential
7686444038,7686444037,residential
7686444037,7686444038,residential
7686444037,4240242105,residential
4240242105,7686444037,residential
4240242105,4240242104,residential
4240242104,4240242105,residential
4240242104,2123976459,residential
2123976459,4240242104,residential
2123976459,2123976563,residential
2123976563,2123976459,residential
2123976563,2123976403,residential
2123976403,2123976563,residential
2123976403,2123976505,residential
2123976505,2123976403,residential
2134228918,2134228917,residential
2134228917,2134228918,residential
2134228917,2134228916,residential
2134228916,2134228917,residential
2134228916,2134228915,residential
2134228915,2134228916,residential
2134228915,2134228914,residential
2134228914,2134228915,residential
2065925894,2065925942,residential
2065925942,2065925894,residential
2065925942,2065925966,residential
2065925966,2065925942,residential
2065925693,2065925692,residential
2065925692,2065925693,residential
2065925676,2065925683,residential
2065925683,2065925676,residential
2055464186,1824893807,residential
1824893807,2055464186,residential
1824893807,1390825979,residential
1390825979,1824893807,residential
1390825979,1365442168,residential
1365442168,1390825979,residential
4236827711,1643743946,tertiary
1643743946,1643743949,tertiary
1643743949,1643743928,tertiary
1643743928,1643743934,tertiary
1643743934,1643743943,tertiary
1643743943,1643743956,tertiary
1643743956,4240297288,tertiary
4240297288,3954626663,tertiary
3954626663,1643743931,tertiary
1643743931,1643743932,tertiary
1643743932,1643743936,tertiary
1643743936,4240297252,tertiary
4240297252,1176386734,tertiary
1176386734,9118967663,tertiary
9118967663,1170612603,tertiary
1170612603,9118967639,tertiary
9118967639,392350320,tertiary
1365467393,1365467390,residential
1365467390,1365467381,residential
1365467381,1365467377,residential
1365467377,1365467367,residential
1365467367,1170590690,residential
1170590690,1170590881,residential
1170590881,1170591158,residential
1170591158,1365467340,residential
1365467340,567058874,residential
567058874,1170590622,residential
1170590622,1365467286,residential
1365467286,1365467262,residential
1365467262,11875064307,residential
11875064307,2076357316,residential
2076357316,7686443992,residential
7686443992,2076357314,residential
2076357314,1365467203,residential
1365467226,1365467230,residential
1365467230,1365467246,residential
1365467246,1365467257,residential
1365467257,12097645655,residential
12097645655,1387614273,residential
1387614273,1365467289,residential
1365467289,1365467315,residential
1365467315,1196732258,residential
1170591296,1170590998,residential
1170590998,1365467083,residential
1365467083,1170590768,residential
1170590768,1170591043,residential
1170591043,1365467074,residential
1365467074,1170590918,residential
1170590918,1170591028,residential
1170591028,1170591282,residential
1170591282,1170590828,residential
1170590828,1170591009,residential
1365467467,1390673965,tertiary
1390673965,1365467463,tertiary
1365467463,1387614274,tertiary
1387614274,1365467471,tertiary
1365467471,1365467474,tertiary
1365467474,1365467482,tertiary
1365467060,1387598409,tertiary
1387598409,1365467062,tertiary
1365467062,1365467066,tertiary
1365467066,1365467070,tertiary
595505148,1392312370,tertiary
1392312370,2124600667,tertiary
2124600667,3954626662,tertiary
3954626662,7022454190,tertiary
7022454190,1643743943,tertiary
1643743943,1771509733,tertiary
1551413606,12887630891,residential
12887630891,1551413591,residential
1551413591,12887630892,residential
12887630892,1551413607,residential
1551413607,2424959496,residential
1387511771,13701263168,secondary
13701263168,1167270125,secondary
1167270125,1390875779,secondary
1390875779,1167269948,secondary
1167269948,2445304786,secondary
1390785557,1390785569,residential
1390785569,1390785557,residential
1553070299,12287197598,residential
12287197598,3894362291,residential
3894362291,2109826776,residential
2109826776,1553070292,residential
1553070292,3894362293,residential
3894362293,3894362295,residential
3894362295,3894362296,residential
3894362296,3894362297,residential
3894362297,3894362298,residential
3894362298,12287227724,residential
12287227724,3894362299,residential
3894362299,3894362300,residential
3894362300,2052323292,residential
2052323292,3894362301,residential
3894362301,12287227727,residential
12287227727,1553074559,residential
2470251142,2470251147,residential
2470251147,2470251151,residential
2470251151,2470251145,residential
2470251145,2470251149,residential
2470251149,2470251152,residential
2470251152,1365467238,residential
1365467332,2470253592,residential
2470253592,2470253594,residential
2470253594,2470253587,residential
2470253587,2470253576,residential
2470253576,2470253583,residential
2470253583,2470253580,residential
1365467238,1365467265,residential
1365467265,2470253588,residential
2470253588,1365467299,residential
1365467299,1365467307,residential
1365467307,1365467332,residential
2471309442,6067663712,residential
6067663712,2471309442,residential
6067663712,6067663713,residential
6067663713,6067663712,residential
6067663713,2471309443,residential
2471309443,6067663713,residential
2471309443,1365441734,residential
1365441734,2471309443,residential
1365441734,2471309444,residential
2471309444,1365441734,residential
2471309444,6067663709,residential
6067663709,2471309444,residential
6067663709,6067663708,residential
6067663708,6067663709,residential
6067663708,2471309445,residential
2471309445,6067663708,residential
2471309445,7686444024,residential
7686444024,2471309445,residential
7686444024,2471309446,residential
2471309446,7686444024,residential
2471309446,2471309447,residential
2471309447,2471309446,residential
2471309447,7686444023,residential
7686444023,2471309447,residential
7686444023,1365441784,residential
1365441784,7686444023,residential
2471320092,2077106926,residential
2077106926,1170590653,residential
1170590653,2471322181,residential
2471322181,3242551367,residential
3242551367,1170591300,residential
2471329353,2471329354,residential
2471329354,2471329353,residential
2471329354,2471329355,residential
2471329355,2471329354,residential
1365467203,2471335939,residential
2471335939,2471335940,residential
2471335940,2471335942,residential
2471335942,11875064306,residential
11875064306,2471335943,residential
2471335943,1365467101,residential
7439686385,1182784185,residential
1182784185,1365467101,residential
8421009335,8421009340,residential
8421009340,8421009335,residential
8421009340,2471601163,residential
2471601163,8421009340,residential
2471601163,7686444032,residential
7686444032,2471601163,residential
7686444032,7799595931,residential
7799595931,7686444032,residential
7799595931,7799595930,residential
7799595930,7799595931,residential
7799595930,2471601164,residential
2471601164,7799595930,residential
2471601164,7686444031,residential
7686444031,2471601164,residential
7686444031,1824893809,residential
1824893809,7686444031,residential
1824893809,2471601165,residential
2471601165,1824893809,residential
1365467456,1365467418,residential
1365467418,1365467381,residential
1365467381,1170591303,residential
1170591303,1365467083,residential
1365467456,1365467467,tertiary
1365467512,1365467510,residential
1365467535,1365467531,residential
1365467531,1365467512,residential
1170590703,1170590653,tertiary
1170590653,1393665911,tertiary
1393665911,2052323203,tertiary
2052323203,1871063311,tertiary
1170590703,2052323234,secondary
2052323234,1170590703,secondary
2052323198,1393665910,residential
2537435467,1394251367,residential
1394251367,2537435467,residential
1394251367,1394251348,residential
1394251348,1394251367,residential
2537445516,4240623473,residential
4240623473,2537445516,residential
4240623473,2052323152,residential
2052323152,4240623473,residential
7686443889,7686443888,residential
7686443888,7686443889,residential
7686443888,5982074994,residential
5982074994,7686443888,residential
5982074994,2537451776,residential
2537451776,5982074994,residential
2537451776,4240682102,residential
4240682102,2537451776,residential
4240682102,7686432684,residential
7686432684,4240682102,residential
7686432684,2537451778,residential
2537451778,7686432684,residential
2537451778,2537451793,residential
2537451793,2537451778,residential
2537451793,2537451795,residential
2537451795,2537451793,residential
2537451795,1365441729,residential
1365441729,2537451795,residential
1365441729,5982074993,residential
5982074993,1365441729,residential
5982074993,5982074992,residential
5982074992,5982074993,residential
1390825949,7686443886,residential
7686443886,1390825949,residential
7686443886,2537451782,residential
2537451782,7686443886,residential
2537451782,4240682103,residential
4240682103,2537451782,residential
4240682103,7686443885,residential
7686443885,4240682103,residential
7686443885,2537451783,residential
2537451783,7686443885,residential
2537451783,4240682098,residential
4240682098,2537451783,residential
4240682098,4240682097,residential
4240682097,4240682098,residential
4240682097,4240682101,residential
4240682101,4240682097,residential
4240682101,1365441722,residential
1365441722,4240682101,residential
1390825947,4240682099,residential
4240682099,1390825947,residential
4240682099,7686432681,residential
7686432681,4240682099,residential
7686432681,2537451786,residential
2537451786,7686432681,residential
2537451786,7686432680,residential
7686432680,2537451786,residential
7686432680,2537451787,residential
2537451787,7686432680,residential
2537451787,2537451790,residential
2537451790,2537451787,residential
2537451790,4240682100,residential
4240682100,2537451790,residential
4240682100,1365441718,residential
1365441718,4240682100,residential
1365441718,4240242120,residential
4240242120,1365441718,residential
4240242120,4240242113,residential
4240242113,4240242120,residential
4240242113,7686443993,residential
7686443993,4240242113,residential
7686443993,4240242114,residential
4240242114,7686443993,residential
4240242114,7686443994,residential
7686443994,4240242114,residential
2537451793,2537451794,residential
2537451794,2537451793,residential
2537451795,2537451797,residential
2537451797,2537451795,residential
1390825949,2537451798,residential
2537451798,2537451799,residential
2537451799,2537451800,residential
2537451800,2537451802,residential
1390825951,2537451803,residential
2537451803,1390825951,residential
2537451803,7686443890,residential
7686443890,2537451803,residential
7686443890,7686443891,residential
7686443891,7686443890,residential
7686443891,2537451804,residential
2537451804,7686443891,residential
2537451804,2537451805,residential
2537451805,2537451804,residential
2537451805,7686443892,residential
7686443892,2537451805,residential
7686443892,2537451807,residential
2537451807,7686443892,residential
2537451807,3242551368,residential
3242551368,2537451807,residential
3242551368,2537451808,residential
2537451808,3242551368,residential
2537451808,2537451809,residential
2537451809,2537451808,residential
2537451809,2537451810,residential
2537451810,2537451809,residential
2537451810,2065924256,residential
2065924256,2537451810,residential
2537451812,6273351065,residential
6273351065,2537451812,residential
6273351065,2537451813,residential
2537451813,6273351065,residential
2537451814,2471309446,residential
2471309446,2537451814,residential
2123976403,9300936004,residential
9300936004,2123976403,residential
1365467456,6067604756,tertiary
6067604756,1365467516,tertiary
1365467516,1365467563,tertiary
1365467563,8426969714,tertiary
8426969714,4240242101,tertiary
4240242101,1387614277,tertiary
1387614277,7800030776,tertiary
7800030776,7800030781,tertiary
1365467467,6067604756,tertiary
1365467682,2537497916,residential
2537497916,1365467682,residential
2052322999,2052323002,residential
2052323002,2052323004,residential
2052323004,2052323005,residential
2052323005,2134228911,residential
2134228911,2134228912,residential
2134228912,2052323012,residential
2581630025,2581630026,residential
2581630026,1365467286,residential
1365467286,1365467193,residential
1365467193,567058863,residential
567058863,1170590828,residential
1170590828,1170590771,residential
1170590771,567058869,residential
2581632554,3242551362,residential
3242551362,2581632554,residential
3242551362,3242551366,residential
3242551366,3242551362,residential
3242551366,2052323230,residential
2052323230,3242551366,residential
2585486711,2585486712,residential
2585486712,2585486711,residential
2585486712,1551415513,residential
1551415513,2585486712,residential
2720968496,2720968498,residential
2720968498,2720968496,residential
2065925836,2065925842,residential
2065925842,2065925836,residential
2065925842,4240682157,residential
4240682157,2065925842,residential
4240682157,2065925851,residential
2065925851,4240682157,residential
2065925851,5921895645,residential
5921895645,2065925851,residential
5921895645,2065925880,residential
2065925880,5921895645,residential
2065925880,2065925885,residential
2065925885,2065925880,residential
2065925885,2065925890,residential
2065925890,2065925885,residential
2065925890,2065925902,residential
2065925902,2065925890,residential
2065925902,2065925910,residential
2065925910,2065925902,residential
2065925910,2065925918,residential
2065925918,2065925910,residential
2065925918,2065925931,residential
2065925931,2065925918,residential
1553070268,12287197574,residential
12287197574,1553070268,residential
12287197574,3894362289,residential
3894362289,12287197574,residential
3894362289,2052323262,residential
2052323262,3894362289,residential
2052323262,7686444128,residential
7686444128,2052323262,residential
7686444128,12287197583,residential
12287197583,7686444128,residential
12287197583,1553070291,residential
1553070291,12287197583,residential
1553070291,12287197585,residential
12287197585,1553070291,residential
12287197585,12287197584,residential
12287197584,12287197585,residential
12287197584,2052323285,residential
2052323285,12287197584,residential
2052323285,8984509867,residential
8984509867,2052323285,residential
8984509867,1553070297,residential
1553070297,8984509867,residential
4236848036,1392634601,residential
1392634601,4236848036,residential
1392634601,1392634602,residential
1392634602,1392634601,residential
1392634602,3113163097,residential
3113163097,1392634602,residential
3113163097,1392621884,residential
1392621884,3113163097,residential
1392621884,1392634604,residential
1392634604,1392621884,residential
1392634604,1392634607,residential
1392634607,1392634604,residential
2065924311,2134281485,residential
2134281485,2065924311,residential
2134281485,3242551370,residential
3242551370,2134281485,residential
3242551370,2134281482,residential
2134281482,3242551370,residential
2134281482,2134281479,residential
2134281479,2134281482,residential
2134281479,4236848037,residential
4236848037,2134281479,residential
3113163090,3242551369,residential
3242551369,3113163090,residential
3242551369,3113163091,residential
3113163091,3242551369,residential
1392621862,3113163090,secondary
3113163090,1392621862,secondary
3113163090,1392621875,secondary
1392621875,3113163090,secondary
1392621877,3242551370,residential
3242551370,1392621877,residential
3242551370,3113163096,residential
3113163096,3242551370,residential
3113163096,4240682119,residential
4240682119,3113163096,residential
4240682119,3113163097,residential
3113163097,4240682119,residential
1553070350,1553070292,residential
1553070292,1553070350,residential
1553070292,1553070318,residential
1553070318,1553070292,residential
1553070318,8984509881,residential
8984509881,1553070318,residential
8984509881,1553070297,residential
1553070297,8984509881,residential
1553070297,8984509866,residential
8984509866,1553070297,residential
8984509866,12287227719,residential
12287227719,8984509866,residential
12287227719,12287227720,residential
12287227720,12287227719,residential
12287227720,3142331992,residential
3142331992,12287227720,residential
3142331992,12287227716,residential
12287227716,3142331992,residential
12287227716,1553074549,residential
1553074549,12287227716,residential
2052323271,12287227714,residential
12287227714,2052323271,residential
12287227714,3142331995,residential
3142331995,12287227714,residential
3142331995,12287227713,residential
12287227713,3142331995,residential
12287227713,2052323285,residential
2052323285,12287227713,residential
2052323251,3142331997,residential
3142331997,2052323251,residential
3142331997,7686444138,residential
7686444138,3142331997,residential
7686444138,12287197576,residential
12287197576,7686444138,residential
12287197576,3142331999,residential
3142331999,12287197576,residential
3142331999,12287197577,residential
12287197577,3142331999,residential
12287197577,4236752146,residential
4236752146,12287197577,residential
4236752146,12287197578,residential
12287197578,4236752146,residential
12287197578,3142332000,residential
3142332000,12287197578,residential
2052323246,12287197563,residential
12287197563,2052323246,residential
12287197563,7686444120,residential
7686444120,12287197563,residential
7686444120,7686444110,residential
7686444110,7686444120,residential
7686444110,7686444587,residential
7686444587,7686444110,residential
7686444587,3142332001,residential
3142332001,7686444587,residential
12287197559,12287197560,residential
12287197560,12287197559,residential
12287197560,12287197558,residential
12287197558,12287197560,residential
12287197558,2052323237,residential
2052323237,12287197558,residential
2052323237,2052323240,residential
2052323240,2052323237,residential
2052323240,7686444119,residential
7686444119,2052323240,residential
7686444119,2052323246,residential
2052323246,7686444119,residential
446390856,12882427174,primary
12882427174,2052323092,primary
2052323092,12882427215,primary
12882427215,1260437534,primary
446376367,12882427104,residential
12882427104,1260437107,residential
1260437104,12882427109,primary
12882427109,12259994659,primary
12259994659,1260437093,primary
1260437093,6096841890,primary
6096841890,2068477177,primary
2068477177,12882427090,primary
12882427090,1260431092,primary
1260431092,12882427080,primary
12882427080,1260431093,primary
1260431093,1260431095,primary
1260431095,1260431101,primary
1260431101,12259994686,primary
12259994686,5623359751,primary
5623359751,1260431219,primary
1260431219,12259994711,primary
12259994711,1260431110,primary
1260431110,1260431108,primary
1260431108,3916353496,primary
3916353496,1260431104,primary
1260431104,1260431111,primary
1260431111,3147806507,primary
3147806507,12259994709,primary
12259994709,12875844235,primary
12875844235,1167270284,primary
1260437104,5639067794,residential
5639067794,12882427095,residential
12882427095,446376367,residential
3220983676,3220983677,residential
3113163092,3113163093,residential
3113163093,3113163092,residential
3313256787,12253568195,primary
12253568195,3313256787,primary
12253568195,12253568194,primary
12253568194,12253568195,primary
12253568194,4240297256,primary
4240297256,12253568194,primary
4240297256,3313256788,primary
3313256788,4240297256,primary
3313256788,4240297255,primary
4240297255,3313256788,primary
4240297255,3313256786,primary
3313256786,4240297255,primary
4240297237,6124295390,secondary
6124295390,12884512007,secondary
12884512007,4240297238,secondary
4240297238,12884512019,secondary
12884512019,6124295391,secondary
6124295391,12884512018,secondary
12884512018,13713571048,secondary
13713571048,12884512113,secondary
12884512113,3366913210,secondary
3366913210,12884512109,secondary
12884512109,12884512099,secondary
12884512099,3366913211,secondary
2065924256,3374849375,residential
3374849375,2065924256,residential
1170590789,3374876585,residential
3374876585,1387612683,residential
3374876585,3374877493,residential
3374877493,3374876585,residential
3374877493,5923385195,residential
5923385195,3374877493,residential
5923385195,3374876586,residential
3374876586,5923385195,residential
3374876591,3374876592,residential
3374876592,3374876591,residential
3374876592,3374877493,residential
3374877493,3374876592,residential
1392271434,3460650648,residential
3460650648,1392271434,residential
1387553563,12253568178,primary
12253568178,11278127874,primary
11278127874,11278127873,primary
11278127873,12253568184,primary
12253568184,1387553565,primary
1387553565,12253568183,primary
12253568183,595505135,primary
595505135,13711126405,primary
13711126405,12253568193,primary
12253568193,11278127875,primary
11278127875,595505136,primary
3903488897,11278127823,residential
11278127823,12253568227,residential
12253568227,3460650621,residential
3460650621,3460650625,residential
3460650625,3460650623,residential
3460650623,11278127824,residential
11278127824,2077087067,residential
1387553588,12253568188,residential
12253568188,3460650640,residential
3460650640,4990034991,residential
4990034991,12253568189,residential
12253568189,3460650641,residential
4240297268,4240297267,primary
4240297267,4240297268,primary
4240297267,3313256784,primary
3313256784,4240297267,primary
3313256784,4240297260,primary
4240297260,3313256784,primary
4240297260,595505136,primary
595505136,4240297260,primary
3460650627,1410562256,residential
1410562256,9170478070,residential
9170478070,9170478071,residential
9170478071,5919488296,residential
5919488296,1167270158,residential
4240571044,3534067757,residential
3534067757,3534053839,residential
3534053839,4240571045,residential
4240571045,1392318135,residential
1392318135,4240571046,residential
4240571046,5912829461,residential
5912829461,1392318141,residential
1392318141,1392318144,residential
1392318144,3534053838,residential
3534053838,1392318146,residential
1392318146,3534053837,residential
3534053837,1392330428,residential
2052323152,1393667384,residential
1393667384,1393664771,residential
1393664771,1167270429,residential
1167270429,1167270412,residential
1167270412,1390875775,residential
1390875775,1167270420,residential
1167270420,1167270519,residential
1167270519,1167269990,residential
1167269990,1167270422,residential
1167270422,1167270503,residential
1167270503,1167270476,residential
1167270476,4240571018,residential
4240571018,1167269815,residential
1167269815,4240571012,residential
4240571012,1167270460,residential
1167270460,1000789486,residential
1824867778,2537445515,residential
2537445515,1824867778,residential
1392312382,1392312379,residential
1392312379,1771509737,residential
1771509737,1392312370,residential
1392312370,4240297789,residential
4240297789,3954626661,residential
3954626661,1771986547,residential
1771986547,1771986540,residential
1771986540,1392312369,residential
1392312369,1392312367,residential
1392312367,12253568339,residential
12253568339,11280288968,residential
11280288968,12253568340,residential
12253568340,1392312363,residential
1392312363,12253568343,residential
12253568343,11280288967,residential
11280288967,5073843004,residential
5073843004,1771986503,residential
1771986503,1392312361,residential
1392312361,1775310933,residential
1775310933,1392312355,residential
1392312355,1775310855,residential
2117071014,13251088155,residential
13251088155,2067986612,residential
1365441806,1365441869,primary
1365441869,7686444003,primary
7686444003,3953899676,primary
3953899676,1365441903,primary
1365441903,3953899679,primary
3953899679,1025603485,primary
12259994784,12259994773,residential
12259994773,12259994784,residential
12259994773,3795768587,residential
3795768587,12259994773,residential
3795768587,3917170718,residential
3917170718,3795768587,residential
3917170718,3917170717,residential
3917170717,3917170718,residential
3917170717,3795842737,residential
3795842737,3917170717,residential
3795842737,3898506279,residential
3898506279,3898506278,residential
3898506278,3795842738,residential
3795842738,4236758002,residential
4236758002,3898506276,residential
3795851457,13241688493,residential
13241688493,3795851457,residential
13241688493,13241688516,residential
13241688516,13241688493,residential
13241688516,3795851458,residential
3795851458,13241688516,residential
1260429779,12259994768,residential
12259994768,1260429779,residential
12259994768,12259994767,residential
12259994767,12259994768,residential
12259994767,3898506276,residential
3898506276,12259994767,residential
1260427712,1551415513,residential
1551415513,1260427712,residential
1551415513,878834964,residential
878834964,1551415513,residential
878834964,3795863979,residential
3795863979,878834964,residential
3795863979,2052323174,residential
2052323174,3795863979,residential
2052323174,878834951,residential
878834951,2052323174,residential
878834951,11280378926,residential
11280378926,878834951,residential
11280378926,7681388441,residential
7681388441,11280378926,residential
7681388441,878834941,residential
878834941,7681388441,residential
878834941,12259994753,residential
12259994753,878834941,residential
12259994753,878834938,residential
878834938,12259994753,residential
878834938,1551412287,residential
1551412287,878834938,residential
1551412287,12259994754,residential
12259994754,1551412287,residential
12259994754,12259994755,residential
12259994755,12259994754,residential
12259994755,3795842739,residential
3795842739,12259994755,residential
3795890259,7686444100,residential
7686444100,3795890259,residential
7686444100,12287197520,residential
12287197520,7686444100,residential
12287197520,7029815949,residential
7029815949,12287197520,residential
7029815949,7029815950,residential
7029815950,7029815949,residential
7029815950,7686444101,residential
7686444101,7029815950,residential
7686444101,12287197519,residential
12287197519,7686444101,residential
12287197519,11280378929,residential
11280378929,12287197519,residential
11280378929,4236752129,residential
4236752129,11280378929,residential
4236752129,7029422236,residential
7029422236,4236752129,residential
7029422236,7029815948,residential
7029815948,7029422236,residential
2052323207,4236752127,tertiary
4236752127,2052323207,tertiary
4236752127,11280378919,tertiary
11280378919,4236752127,tertiary
11280378919,2052323208,tertiary
2052323208,11280378919,tertiary
2052323208,12287197547,tertiary
12287197547,2052323208,tertiary
12287197547,2052323212,tertiary
2052323212,12287197547,tertiary
2052323212,2052323213,tertiary
2052323213,2052323212,tertiary
2052323207,4236752128,residential
4236752128,2052323207,residential
4236752128,3795906717,residential
3795906717,4236752128,residential
1393656504,1392634600,secondary
1392634600,1392621877,secondary
1392621877,1392486563,secondary
1392486563,1392454721,secondary
1392454721,2065924317,secondary
2065924317,2134281487,secondary
2134281487,1392454735,secondary
1392454735,11281803438,secondary
11281803438,1365441806,secondary
1551412298,1551402683,tertiary
1551402683,1551412298,tertiary
3903119236,3903119237,tertiary
3903119237,1770948768,tertiary
1167270378,2052323052,residential
2052323052,1167270442,residential
1167270442,1167270447,residential
1167270447,3954626667,residential
3954626667,1167270059,residential
1176386784,12882427363,tertiary
12882427363,2052323068,tertiary
2052323068,12259994573,tertiary
12259994573,12259994563,tertiary
12259994563,1176386810,tertiary
1176386810,1176386786,tertiary
1176386786,2091748236,tertiary
2091748236,12259994538,tertiary
12259994538,2052323021,tertiary
2052323021,12259994526,tertiary
12259994526,12259994535,tertiary
12259994535,12884511767,tertiary
12884511767,3898171956,tertiary
3898171956,12884511760,tertiary
12884511760,1260445595,tertiary
1260445595,5107779228,tertiary
5107779228,1176386783,tertiary
1176386783,1176386775,tertiary
1176386775,1260442995,tertiary
1260442995,1260443489,tertiary
1260443489,2052322947,tertiary
2052322947,1260445192,tertiary
1260445192,12259923382,tertiary
12259923382,12259923381,tertiary
12259923381,12259923380,tertiary
12259923380,4236758051,tertiary
4236758051,3904649604,tertiary
3904649604,12254108902,tertiary
12254108902,12259923372,tertiary
12259923372,6067596624,tertiary
6067596624,12259923371,tertiary
12259923371,1260445212,tertiary
1176386798,12259994644,tertiary
12259994644,1176386793,tertiary
1176386793,12259994646,tertiary
12259994646,11280289111,tertiary
11280289111,1260438014,tertiary
1260438014,446390855,tertiary
446390855,2052323111,tertiary
2052323111,2052323104,tertiary
2052323104,2052323094,tertiary
1260437097,5486881995,tertiary
5486881995,1260437100,tertiary
1260437100,5486881988,tertiary
5486881988,5486881987,tertiary
5486881987,1176386798,tertiary
1167270475,3954626666,residential
3954626666,1390712222,residential
1365467440,1390825946,residential
1390825946,1365467437,residential
1365467436,484686355,residential
12287227900,12287227899,residential
12287227899,12287227900,residential
12287227899,4236752130,residential
4236752130,12287227899,residential
4236752130,11280378942,residential
11280378942,4236752130,residential
11280378942,4236752131,residential
4236752131,11280378942,residential
4236752131,4236752132,residential
4236752132,4236752131,residential
4236752132,4236752133,residential
4236752133,4236752132,residential
4236752133,4236752134,residential
4236752134,4236752133,residential
4236752134,4236752135,residential
4236752135,4236752134,residential
4236752135,11280378941,residential
11280378941,4236752135,residential
11280378941,4236752136,residential
4236752136,11280378941,residential
4236752136,4236752137,residential
4236752137,4236752136,residential
4236752137,4236752138,residential
4236752138,4236752137,residential
4236752138,11280378944,residential
11280378944,4236752138,residential
11280378944,4236752139,residential
4236752139,11280378944,residential
4236752139,11280378943,residential
11280378943,4236752139,residential
11280378943,4236752140,residential
4236752140,11280378943,residential
4236752140,4236752141,residential
4236752141,4236752140,residential
4236752141,4236752142,residential
4236752142,4236752141,residential
4236752142,4359560771,residential
4359560771,4236752142,residential
4359560771,5952729629,residential
5952729629,4359560771,residential
5952729629,5952729628,residential
5952729628,5952729629,residential
5952729628,5952729627,residential
5952729627,5952729628,residential
5952729627,11280378940,residential
11280378940,5952729627,residential
11280378940,5952729626,residential
5952729626,11280378940,residential
5952729626,5952729625,residential
5952729625,5952729626,residential
5952729625,11280378939,residential
11280378939,5952729625,residential
11280378939,5952729624,residential
5952729624,11280378939,residential
5952729624,4236752142,residential
4236752142,5952729624,residential
2052323251,7686444111,residential
7686444111,2052323251,residential
7686444111,4236752143,residential
4236752143,7686444111,residential
4236752143,12287197569,residential
12287197569,4236752143,residential
12287197569,12287197570,residential
12287197570,12287197569,residential
12287197570,12287197571,residential
12287197571,12287197570,residential
12287197571,4236752144,residential
4236752144,12287197571,residential
4236752144,12287197572,residential
12287197572,4236752144,residential
12287197572,12287197573,residential
12287197573,12287197572,residential
12287197573,4236752145,residential
4236752145,12287197573,residential
4236752145,7686444105,residential
7686444105,4236752145,residential
7686444105,12287197575,residential
12287197575,7686444105,residential
12287197575,7686444106,residential
7686444106,12287197575,residential
4236758002,12259994764,residential
12259994764,4236758002,residential
12259994764,12259994763,residential
12259994763,12259994764,residential
12259994763,4236758003,residential
4236758003,12259994763,residential
4236758003,12259994765,residential
12259994765,4236758003,residential
12259994765,5952729936,residential
5952729936,12259994765,residential
5952729936,1551412297,residential
1551412297,5952729936,residential
1176386819,1176386822,residential
1176386822,2542979811,residential
2542979811,1176386769,residential
1176386769,1176386730,residential
1176386730,1176386789,residential
1176386789,3903147422,residential
3903147422,12882427317,residential
12882427317,12259994598,residential
12259994598,1167270055,residential
1167270055,1260437555,residential
1260437555,12882427324,residential
12882427324,2155874680,residential
2155874680,1176386766,residential
1176386766,1260437096,residential
1260437096,1260437107,residential
4236827696,4236827695,residential
4236827695,4236827694,residential
4236827698,4236827699,residential
4236827699,4236827698,residential
4236827699,4236827700,residential
4236827700,4236827699,residential
4236848031,2065924333,residential
2065924333,4236848031,residential
2065924333,2065924327,residential
2065924327,2065924333,residential
2065924327,2065924307,residential
2065924307,2065924327,residential
2065924307,4236848033,residential
4236848033,2065924307,residential
4236848033,4236848036,residential
4236848036,4236848033,residential
4236848036,4236848037,residential
4236848037,4236848036,residential
4236848037,7686443940,residential
7686443940,4236848037,residential
7686443940,2065924277,residential
2065924277,7686443940,residential
2065924277,2065924270,residential
2065924270,2065924277,residential
2065924270,10885474853,residential
10885474853,2065924270,residential
10885474853,1392459425,residential
1392459425,10885474853,residential
8398987678,7799798740,residential
7799798740,5977169198,residential
5977169198,5977169200,residential
5977169200,5977169202,residential
5977169202,4240241487,residential
4240242099,4240242100,residential
4240242100,4240242099,residential
4240242106,4240242109,residential
4240242109,4240242106,residential
1365441791,4240242112,residential
4240242112,1365441791,residential
4240242119,4240242120,residential
4240242120,4240242119,residential
1365441770,4240242121,residential
4240242121,1365441770,residential
1365441821,4240242122,residential
4240242122,1365441821,residential
4240242123,4240242124,residential
4240242124,4240242123,residential
4240242124,4240242125,residential
4240242125,4240242124,residential
4240242125,4240242127,residential
4240242127,4240242125,residential
4240242127,7686444004,residential
7686444004,4240242127,residential
7686444004,4240242129,residential
4240242129,7686444004,residential
4240242129,4240242130,residential
4240242130,4240242129,residential
4240242130,11281803439,residential
11281803439,4240242130,residential
11281803439,4240242131,residential
4240242131,11281803439,residential
4240242131,4240242132,residential
4240242132,4240242131,residential
4240242132,4240242134,residential
4240242134,7686443999,residential
7686443999,4240242135,residential
4240242135,5018689840,residential
1365441839,11281803440,residential
11281803440,4240242137,residential
4240242137,4240242138,residential
4240242138,4240242139,residential
4240242139,4240242132,residential
4240242141,4240242142,residential
4240242142,4240242141,residential
1176386734,4240297247,residential
4240297247,1176386734,residential
4240297251,4240297250,residential
4240297250,4240297249,residential
4240297249,4240297248,residential
4240297253,4240297252,residential
2081378696,12884512040,secondary
12884512040,12884512062,secondary
12884512062,4240297275,secondary
1771509742,8138806557,residential
8138806557,1771509742,residential
8138806557,4240297282,residential
4240297282,8138806557,residential
4240297282,4240297283,residential
4240297283,4240297282,residential
4240297283,4240297284,residential
4240297284,4240297283,residential
4240297284,4240297285,residential
4240297285,4240297284,residential
4240297285,4240297286,residential
4240297286,4240297285,residential
4240571024,4240571025,residential
4240571025,4240571024,residential
4240571026,4240571027,residential
4240571027,4240571026,residential
4240571032,4240571033,residential
4240571035,4240571034,residential
4240571036,4240571037,residential
4240571037,4240571036,residential
4240571037,4240571038,residential
4240571038,4240571037,residential
4240571041,4240571042,residential
4240571042,4240571041,residential
3534067757,1392330421,residential
1392330421,3534067757,residential
1392330421,1392330419,residential
1392330419,1392330421,residential
1392330419,1392330416,residential
1392330416,1392330419,residential
1392330416,1392330414,residential
1392330414,1392330416,residential
1392330414,4240571058,residential
4240571058,1392330414,residential
4240571058,4240571057,residential
4240571057,4240571058,residential
4240571057,1392316144,residential
1392316144,4240571057,residential
1392316144,2052322920,residential
2052322920,1392316144,residential
2052322920,4240623400,residential
4240623400,2052322920,residential
4240623400,4240623432,residential
4240623432,4240623400,residential
4240571044,1392318150,residential
1392318150,4240571044,residential
1392318150,1392318157,residential
1392318157,1392318150,residential
1392318157,1392318159,residential
1392318159,1392318157,residential
1392318159,1392318164,residential
1392318164,1392318159,residential
1392318164,1392318167,residential
1392318167,1392318164,residential
1392318167,1392318169,residential
1392318169,1392318167,residential
1392318169,1392318171,residential
1392318171,1392318169,residential
1392318171,12886803303,residential
12886803303,1392318171,residential
12886803303,1392318173,residential
1392318173,12886803303,residential
4240571047,4240571048,residential
4240571048,4240571047,residential
4240571048,2052322956,residential
2052322956,4240571048,residential
2052322956,2134281448,residential
2134281448,2052322956,residential
2134281448,2134281447,residential
2134281447,2134281448,residential
2134281447,2052322920,residential
2052322920,2134281447,residential
4240571045,4240571054,residential
4240571054,4240571055,residential
4240571055,4240571047,residential
2052322956,4240571056,residential
4240571056,2052322956,residential
4240623477,6579921757,residential
6579921757,4240623476,residential
4240623820,4240623819,residential
2537451787,4240682097,residential
4240682097,2537451787,residential
4240682098,4240682099,residential
4240682099,4240682098,residential
4240682100,4240682101,residential
4240682101,4240682100,residential
4240682104,4240682105,residential
4240682105,4240682104,residential
4240682114,4240682115,residential
4240682115,4240682114,residential
4393716695,7684408071,residential
7684408071,4393716696,residential
4393716696,1167270440,residential
1167270440,4240571036,residential
4240571036,1167270532,residential
1167270532,2052323012,residential
2052323012,1194373320,residential
1194373320,2052322993,residential
2052322993,4240571040,residential
4240571040,12886803103,residential
12886803103,5912829453,residential
4393716695,2052323044,residential
2052323044,4393716695,residential
1551413598,1168544222,residential
595505138,4240297261,primary
4240297261,595505138,primary
4240297261,4240297262,primary
4240297262,4240297261,primary
4240297262,4240297278,primary
4240297278,4240297262,primary
3313256786,595505138,primary
595505138,3313256786,primary
595505136,12253568192,primary
12253568192,595505136,primary
12253568192,4240297259,primary
4240297259,12253568192,primary
4240297259,3313256787,primary
3313256787,4240297259,primary
4990034986,595505148,residential
595505148,4990034986,residential
595505148,3460650641,residential
3460650641,1771509736,residential
1771509736,1392312377,residential
1392312377,1392302070,residential
1392302070,1392302089,residential
2077087064,2052322840,primary
2052322840,3460650612,primary
3460650612,4990034975,primary
4990034975,12253568228,primary
12253568228,4990034973,primary
3460650616,4990034980,primary
4990034980,1194373388,primary
1194373388,1194373363,primary
1194373363,1188247559,primary
1188247559,3460650617,primary
3460650617,3903488899,primary
3903488899,11278127822,primary
11278127822,1188247542,primary
1871063312,1365441806,primary
1260445194,12259923365,residential
12259923365,12254108903,residential
12254108903,3904649604,residential
1176386819,4236758047,residential
4236758047,1176386819,residential
4236758047,12259994542,residential
12259994542,4236758047,residential
12259994542,12259994541,residential
12259994541,12259994542,residential
12259994541,4236758021,residential
4236758021,12259994541,residential
4236758021,4236758022,residential
4236758022,4236758021,residential
4236758022,4236758024,residential
4236758024,4236758022,residential
5910349668,12886768059,secondary
12886768059,12886768064,secondary
12886768064,5910349669,secondary
5910349669,5910349670,secondary
5910349670,12884511821,secondary
12884511821,12884511842,secondary
12884511842,12884511830,secondary
12884511830,5910349672,secondary
5910349672,12884511827,secondary
12884511827,12884511841,secondary
12884511841,5910349673,secondary
1771509733,1771986554,tertiary
1771986550,1771986542,residential
1771986542,1771986550,residential
1771986542,1771986536,residential
1771986536,1771986542,residential
1771986536,1771986528,residential
1771986528,1771986536,residential
1771986528,1771986514,residential
1771986514,1771986528,residential
1771986514,4236827719,residential
4236827719,1771986514,residential
4236827719,1771986504,residential
1771986504,4236827719,residential
1771986504,12253568355,residential
12253568355,1771986504,residential
12253568355,1771986501,residential
1771986501,12253568355,residential
1771986501,11280288972,residential
11280288972,1771986501,residential
11280288972,1771986497,residential
1771986497,11280288972,residential
1771986497,1771986493,residential
1771986493,1771986497,residential
1771986493,1775310909,residential
1775310909,1771986493,residential
1643743932,1392271434,residential
1211327781,1392454700,secondary
1392454700,1393656502,secondary
1392454698,4240682126,secondary
4240682126,1392454702,secondary
1392454702,1393656504,secondary
446376365,6511026662,secondary
6511026662,1260442999,secondary
1260437536,1176386742,residential
1176386742,12882427240,residential
12882427240,1167269929,residential
1167269929,5941408754,residential
5941408754,1176386800,residential
5909157743,5909157742,secondary_link
5909157742,5909157743,secondary_link
1260443011,11418618544,tertiary
11418618544,12884511744,tertiary
12884511744,12884511754,tertiary
12884511754,12884511756,tertiary
12884511756,12884511751,tertiary
12884511751,1176386850,tertiary
1176386850,12884511765,tertiary
12884511765,12884511762,tertiary
12884511762,12259994517,tertiary
12259994517,3898171956,tertiary
1194373332,5912829604,residential
5912829604,1194373332,residential
5923385195,5923385194,residential
5923385194,5923385195,residential
2065924383,2065924404,residential
2065924404,2065924383,residential
2065924404,7686443906,residential
7686443906,2065924404,residential
7686443906,2065924420,residential
2065924420,7686443906,residential
2065924420,4240682108,residential
4240682108,2065924420,residential
4240682108,2065924424,residential
2065924424,4240682108,residential
8398987678,5977169197,residential
5977169197,8398987678,residential
5977169198,5977169199,residential
5977169199,5977169198,residential
5977169200,5977169201,residential
5977169201,5977169200,residential
5977169202,5977169203,residential
5977169203,5977169202,residential
2463512457,8958417898,residential
8958417898,7799471549,residential
7799471549,7799471509,residential
7799471509,8958417899,residential
8958417899,1365467629,residential
1365467629,1365467600,residential
1365467600,1365467592,residential
7686444027,7806148080,residential
7806148080,1365442080,residential
1365442080,1365442097,residential
1365442097,1365442115,residential
1365442115,1365442140,residential
1365442140,1365442148,residential
1365442148,1365442163,residential
1365442163,1365442174,residential
1365442174,1365442180,residential
1365442180,1365442195,residential
1365442195,1365442171,residential
1365442171,1365442108,residential
1365442108,1365442082,residential
1365442082,1365442071,residential
7686444023,4240242112,residential
4240242112,7686444023,residential
4240242112,1390825963,residential
1390825963,4240242112,residential
1390825963,2537451814,residential
2537451814,1390825963,residential
2537451814,1390825962,residential
1390825962,2537451814,residential
1211327756,2065924266,residential
2065924266,1392486560,residential
1392486560,2065924267,residential
2065924267,2065924271,residential
2065924271,1390825956,residential
1390825956,1390825957,residential
1390825957,2537451791,residential
2537451791,2537451794,residential
2537451794,2537451797,residential
2537451797,1390825960,residential
4240242114,4240242115,residential
4240242115,4240242114,residential
4240242115,4240242116,residential
4240242116,4240242115,residential
4240242116,4240242119,residential
4240242119,4240242116,residential
4240242119,1365441722,residential
1365441722,4240242119,residential
5982075009,5982075008,residential
5982075008,5982075009,residential
1824867790,1170591138,tertiary
1170591138,1170591304,tertiary
1170591115,1824867790,tertiary
1170590888,1390825918,residential
1390825918,1170590883,residential
1824867786,1170590888,residential
1387550357,1015252956,residential
1015252956,1015252985,residential
1387550356,1387550357,residential
1365467488,1365467492,tertiary
2052323226,3242551365,residential
3242551365,2052323226,residential
1167270330,5909157723,residential
5909157723,1167270330,residential
4236827697,1771986550,residential
1771986550,4236827697,residential
1390825951,2537451791,residential
2537451791,1390825951,residential
6096841886,12259923383,primary_link
12259923383,6096841583,primary_link
6096841583,12887932626,primary_link
12887932626,6096841584,primary_link
6096841584,12259923391,primary_link
12259923391,12259923392,primary_link
12259923392,1260445202,primary_link
1260442988,12259923398,primary_link
12259923398,1260442989,primary_link
1260442989,6096841887,primary_link
6096841887,5639068423,primary_link
5639068423,1260442994,primary_link
1260442994,12259923399,primary_link
12259923399,1260442993,primary_link
6096841894,12259994658,primary_link
12259994658,6096841893,primary_link
6096841893,12882427087,primary_link
12882427087,6096841889,primary_link
6096841889,6096841892,primary_link
6096841892,12259994657,primary_link
12259994657,6096841890,primary_link
6096841901,6096841895,primary_link
6096841895,6096841900,primary_link
6096841900,5639067810,primary_link
5639067810,6096841897,primary_link
6096841897,6096841899,primary_link
6096841899,6096841896,primary_link
4236827723,12253568149,residential
12253568149,1392312356,residential
1392312356,1771986498,residential
1771986498,1771986505,residential
1771986505,11280288973,residential
11280288973,12253568342,residential
12253568342,11280288966,residential
11280288966,1392312365,residential
1392312365,12253568341,residential
12253568341,11280288965,residential
11280288965,1392312366,residential
1392312366,1771986532,residential
1771986532,1771986539,residential
1771986539,1771986546,residential
1771509762,1392271434,tertiary
1392271434,1771509742,tertiary
1771509742,3954626664,tertiary
3954626664,1771509733,tertiary
1771986549,1771986541,tertiary
1771986541,1771986534,tertiary
1771986534,1771509704,tertiary
1771509704,1771509698,tertiary
1771509698,12253568337,tertiary
12253568337,1771986516,tertiary
1771986516,1771509692,tertiary
1771509692,4236827718,tertiary
4236827718,1771535270,tertiary
1771535270,1771509688,tertiary
1771509688,4236827720,tertiary
4236827720,1771986500,tertiary
1771986500,3896874314,tertiary
3896874314,1771986495,tertiary
1771986550,1771986549,residential
392350324,392350309,residential
392350309,1176386821,residential
1176386821,2052322927,residential
2052322927,1170612398,residential
1170612398,430557359,residential
1771508481,4236827694,residential
4236827694,1771508484,residential
1771508484,1771508489,residential
1771508489,1771508491,residential
1771508491,4236827698,residential
4236827698,1771508497,residential
1771508497,1771508499,residential
1394251379,2720968498,tertiary
2720968498,2052323177,tertiary
2052323177,4240682138,tertiary
4240682138,4240682137,tertiary
4240682137,1390858557,tertiary
1390825926,2470251142,residential
2470251142,1390825924,residential
1365467437,1365467436,residential
1387621151,1365467299,residential
1365467299,1365467403,residential
1365441759,1365441798,residential
1365441798,1365441860,residential
2471309447,1390825963,residential
1390825963,1365441759,residential
392350348,392350344,residential
392350344,392350340,residential
6067604756,1365467512,residential
567058876,2052323182,residential
2052323182,1170591023,residential
1170591023,567058877,residential
1390875719,12337534566,tertiary
12337534566,12337534551,tertiary
12337534551,1392318173,tertiary
1392318173,12337534549,tertiary
12337534549,12886768092,tertiary
12886768092,1167270003,tertiary
1392459417,2052323243,residential
2052323243,1392459426,residential
2052323234,1390825944,residential
1390825944,2052323234,residential
1390875899,1211327781,residential
1390875899,2052323258,residential
2052323258,1390875899,residential
2052323258,7686443896,residential
7686443896,2052323258,residential
7686443896,1393656501,residential
1393656501,7686443896,residential
1390875899,1392621862,secondary
1392621875,1392621877,secondary
1392621877,1392621875,secondary
1387606353,5912829454,tertiary
1390858524,1390944720,residential
1390944720,11955937527,residential
11955937527,11955937525,residential
11955937525,1167269980,residential
1167270472,2052323102,tertiary
2052323102,2052323096,tertiary
2052323096,1390858540,tertiary
1390858540,1390858538,tertiary
1390858538,1390858526,tertiary
1015252999,12886803126,tertiary
12886803126,2091748234,tertiary
2091748234,1392318159,tertiary
1392318159,1392330420,tertiary
1392330420,1390875706,tertiary
1390875706,3460650660,tertiary
3460650660,1392316148,tertiary
1392316148,3460650655,tertiary
3460650655,1392316142,tertiary
1392316142,2052322904,tertiary
2052322904,1170612556,tertiary
2065925595,2065925596,residential
1167269967,12882427337,tertiary
12882427337,12882427333,tertiary
12882427333,1167270055,tertiary
1167270055,12882427328,tertiary
12882427328,12882427213,tertiary
12882427213,1167270298,tertiary
1260437543,6728705696,secondary
6728705696,1260437534,secondary
1260438103,446390858,tertiary
11449421351,11449421352,primary
11449421352,11449421353,primary
11449421353,11449421354,primary
11449421354,11449421355,primary
11449421355,12451802580,primary
12451802580,11449421356,primary
11449421356,11449421357,primary
11449421357,11449421358,primary
11449421358,11623939971,primary
11623939971,11449421359,primary
11449421359,11449421360,primary
11449421360,11449421361,primary
11449421361,11449421362,primary
11449421362,11449421363,primary
11449421363,11449421364,primary
11449421364,11449421365,primary
11449421365,11620062648,primary
11620062648,11449421366,primary
11449421366,11449421367,primary
11449421367,11449421368,primary
11449421368,11449422769,primary
11449422769,11449422770,primary
11449422770,11449422771,primary
11449422771,11449422772,primary
11449422772,11449422773,primary
11449422773,11449422774,primary
11449422774,13161174581,primary
13161174581,13161174579,primary
13161174579,13161174582,primary
1551402683,6077476411,tertiary
2052323248,7686444121,tertiary
7686444121,2052323248,tertiary
7686444121,2052323242,tertiary
2052323242,7686444121,tertiary
2052323242,2052323239,tertiary
2052323239,2052323242,tertiary
2052323239,2052323236,tertiary
2052323236,2052323239,tertiary
2052323236,2052323231,tertiary
2052323231,2052323236,tertiary
2052323231,1553070295,tertiary
1553070295,2052323231,tertiary
1771508479,1771508481,tertiary
1771508481,1771508479,tertiary
1770948768,1771509711,tertiary
1771509711,1771508478,tertiary
3903119236,1771508478,tertiary
1771508478,3903119236,tertiary
446376408,4236827700,tertiary
4236827700,571784200,tertiary
1771951233,2052322946,residential
2052322946,1771951233,residential
2052322946,2052322937,residential
2052322937,2052322946,residential
2052322937,12279645914,residential
12279645914,2052322937,residential
12279645914,1771951232,residential
1771951232,12279645914,residential
1392454728,6275545209,primary_link
6275545209,6275545210,primary_link
6275545210,6275545211,primary_link
6275545211,6275545212,primary_link
1771951208,1771951201,residential
1771951201,1771951208,residential
1771951199,1771951184,residential
1771951184,1771951199,residential
1771951199,12254108896,residential
12254108896,1771951199,residential
12254108896,11280289093,residential
11280289093,12254108896,residential
11280289093,1771951182,residential
1771951182,11280289093,residential
1771951182,12254108870,residential
12254108870,1771951182,residential
12254108870,11280289092,residential
11280289092,12254108870,residential
11280289092,1771951155,residential
1771951155,11280289092,residential
1260352117,6848773139,residential
6848773139,1260352117,residential
6848773139,12259994780,residential
12259994780,6848773139,residential
12259994780,12287197521,residential
12287197521,12259994780,residential
12287197521,12259994781,residential
12259994781,12287197521,residential
12259994781,12259994782,residential
12259994782,12259994781,residential
12259994782,12259994783,residential
12259994783,12259994782,residential
12259994783,12259994784,residential
12259994784,12259994783,residential
1260437094,1260437100,residential
1771951228,6914290921,residential
6914290921,1771951228,residential
2052322955,11280289103,residential
11280289103,2052322955,residential
11280289103,2052322948,residential
2052322948,11280289103,residential
2052322948,2052322941,residential
2052322941,2052322948,residential
1775330093,1775330097,residential
1775330097,1775330113,residential
1775330113,1775330115,residential
1775330115,1775330118,residential
1775330118,1775330121,residential
1775330121,1771535403,residential
1771535403,1771508470,residential
1771508470,1771508475,residential
1771508475,1775330129,residential
1775330129,1771508485,residential
1771508485,1771508493,residential
1771508494,1390666513,tertiary
1390666513,1771508494,tertiary
1390666513,1771986554,tertiary
1771986554,1390666513,tertiary
1771508494,1771508503,residential
1771508503,1771508510,residential
1771508510,1771509761,residential
1771509761,1170612593,residential
1170612593,1771508524,residential
1771508524,2091748232,residential
2091748232,392350321,residential
3142332000,6914400110,residential
6914400110,3142332000,residential
3142332000,7686444107,residential
7686444107,3142332000,residential
7686444107,7686444118,residential
7686444118,7686444107,residential
7686444118,3142332001,residential
3142332001,7686444118,residential
3142331992,6914400111,residential
6914400111,3142331992,residential
1553070318,6914400112,residential
6914400112,1553070318,residential
6917297150,6917297151,residential
6917297151,6917297150,residential
1551402662,12287197525,residential
12287197525,1551402662,residential
12287197525,11280378932,residential
11280378932,12287197525,residential
11280378932,12877511803,residential
12877511803,11280378932,residential
12877511803,12877511821,residential
12877511821,12877511803,residential
12877511821,1551402663,residential
1551402663,12877511821,residential
1260437107,1260437094,residential
1260437107,1176386798,residential
1551412278,1551412287,residential
1551412287,1551412278,residential
4240623468,1393664777,residential
1393664777,4240623468,residential
1260437546,1260437552,secondary
1260437552,1260437540,secondary
1260437540,1260437538,secondary
1260437538,1260437558,secondary
1260437558,12882427233,secondary
12882427233,7590861870,secondary
2105952197,2052323127,residential
2052323127,2105952197,residential
1365467565,1387608901,residential
1387608901,1365467499,residential
1365467499,1365467463,residential
1365467070,1387614272,residential
1387614272,1551414625,residential
1551414625,1387614273,residential
1387614273,1365467353,residential
1365467353,1365467370,residential
1365467370,1365467413,residential
1365467413,1365467439,residential
1365467439,1387614274,residential
1387614274,1365467501,residential
1365467501,1365467521,residential
1365467521,1365467545,residential
1365467545,1365467571,residential
1365467571,1365467628,residential
1365467628,1387614278,residential
1387614278,7799798745,residential
7799798745,7799798748,residential
1771986546,1771986551,residential
1771986551,4990034986,residential
1392302089,7431746986,residential
7431746986,7431746985,residential
7431746985,1392312384,residential
1392312384,2117071014,residential
1390875722,1167269878,residential
1194373324,5910349668,residential
5910349668,1194373324,residential
1167269873,4240571024,residential
4240571024,1167270134,residential
1824867776,2052323127,residential
2052323127,1824867771,residential
1392316144,1392316145,residential
1392316145,1392316144,residential
1392316145,1392318124,residential
1392318124,1392316145,residential
1392318124,1392316146,residential
1392316146,1392318124,residential
1188247534,1170612386,residential
2123976453,2123976455,residential
2123976455,2123976590,residential
2123976590,2123976403,residential
1390825973,1390785571,residential
1390785571,1390785569,residential
1390785569,1390785559,residential
1390785559,1390785558,residential
1390785558,4240242094,residential
4240242094,1365441905,residential
7799471501,7799471504,residential
2052323144,2052323134,residential
1170591215,1489824356,residential
1211327776,1489824356,residential
1489824356,1211327776,residential
1489824356,1211327777,residential
1211327777,1489824356,residential
1211327777,2596530333,residential
2596530333,1211327777,residential
2596530333,1390825932,residential
1390825932,2596530333,residential
1392486562,1392570777,residential
1392570777,1392486562,residential
1392486565,1392634604,residential
1392634604,1392486565,residential
1392634604,2134281485,residential
2134281485,1392634604,residential
2134281485,1392486563,residential
1392486563,2134281485,residential
1390785560,8416711853,residential
8416711853,1390785560,residential
8416711853,8703274241,residential
8703274241,8416711853,residential
8703274241,1390785566,residential
1390785566,8703274241,residential
1365467565,8426969714,residential
8426969714,4240242100,residential
4240242100,1387614276,residential
1387614276,8398987624,residential
8398987624,1365467711,residential
7590861870,12882427231,tertiary
12882427231,446390857,tertiary
446390857,1000789496,tertiary
1000789496,446376414,tertiary
7590861870,12882427229,secondary
12882427229,5909157742,secondary
5909157742,12882427243,secondary
12882427243,1260437536,secondary
1260437536,12882427239,secondary
12882427239,5909157744,secondary
5909157744,12882427220,secondary
12882427220,1260437543,secondary
446376392,5910349674,secondary
7684408048,7684408047,residential
7684408047,1167270105,residential
1167270105,1167270013,residential
1392570779,1392570782,residential
1392570782,1392570779,residential
7686444115,7686444116,residential
7686444116,7686444115,residential
7686444116,7686444117,residential
7686444117,7686444116,residential
7686444117,12287197593,residential
12287197593,7686444117,residential
12287197593,7686444118,residential
7686444118,12287197593,residential
7686444121,12287197564,tertiary
12287197564,7686444121,tertiary
12287197564,7686444122,tertiary
7686444122,12287197564,tertiary
7686444122,1553070326,tertiary
1553070326,7686444122,tertiary
7799471502,8493342718,residential
8493342718,7799471503,residential
7799471503,1390785585,residential
1390785585,8493342726,residential
8493342726,8421864268,residential
8421864268,1390825980,residential
3813949820,8421944960,residential
8421944960,3813949820,residential
8421944960,1390785585,residential
1390785585,8421944960,residential
1390788617,1390788615,residential
1390788615,1390788617,residential
1390788615,1390788613,residential
1390788613,1390788615,residential
5750545170,1390825993,residential
1390825993,5750545170,residential
1390825993,7800038250,residential
7800038250,1390825993,residential
7800038250,8411951051,residential
8411951051,7800038250,residential
8411951051,1390788624,residential
1390788624,8411951051,residential
1390788624,1390788615,residential
1390788615,1390788624,residential
1390788617,1390788626,tertiary
1390788626,1390751821,tertiary
2068540663,12875844265,residential
12875844265,7835507663,residential
7835507663,7835507661,residential
7835507661,12874338416,residential
12874338416,2068540678,residential
1260445204,2052322931,residential
2052322931,1260445204,residential
1365467607,2123976459,tertiary
2123976459,1365467602,tertiary
1390785569,8421009342,residential
8421009342,8421009370,residential
8421009370,8421009374,secondary
8421009374,8421009351,secondary
8421009351,1390785568,secondary
8398987638,8398987548,secondary
8398987548,8398987638,secondary
8398987548,7799798714,secondary
7799798714,8398987548,secondary
7799798714,7799798737,secondary
7799798737,7799798714,secondary
7799798748,7799798746,secondary
7799798746,7799798748,secondary
7799798746,7800030778,secondary
7800030778,7799798746,secondary
7800030778,7800030781,secondary
7800030781,7800030778,secondary
7799798737,7799798712,secondary
7799798712,7799798737,secondary
7799798712,8421009375,secondary
8421009375,7799798712,secondary
8421009375,8398987592,secondary
8398987592,8421009375,secondary
8398987592,1365467688,secondary
1365467688,8398987592,secondary
7799798720,7799798719,tertiary
7799798719,8964419981,tertiary
8964419981,1390785564,tertiary
1390785564,8964419979,tertiary
8964419979,8703210212,tertiary
8703210212,1390785576,tertiary
7799798720,7799798718,secondary
7799798718,7799798720,secondary
7799798718,7799798722,secondary
7799798722,7799798718,secondary
7799798722,7799798725,secondary
7799798725,7799798722,secondary
7799798725,7799798721,secondary
7799798721,1170590952,secondary
1170590952,1170590659,secondary
1170590659,1365467585,secondary
1365467585,1365467576,secondary
1365467576,7023739226,secondary
7023739226,1170590674,secondary
1170590674,1170590922,secondary
1170590922,1170590761,secondary
1170590761,1365467477,secondary
1365467477,1170590792,secondary
1170590792,1170590881,secondary
1170590881,1170590847,secondary
1170590847,1170591074,secondary
1170591074,1170591043,secondary
1170591043,1170590795,secondary
1170590795,2052323185,secondary
2052323185,1170591171,secondary
1170591171,1168544395,secondary
1168544395,12874634511,secondary
12874634511,12874634384,secondary
12874634384,2068540677,secondary
2068540677,2068540663,secondary
2068540663,12872347845,secondary
12872347845,12875844263,secondary
12875844263,12874634277,secondary
12874634277,1167270403,secondary
7799798725,7799798723,secondary
7799798723,7799798725,secondary
7799798723,7799798727,secondary
7799798727,7799798723,secondary
7799798727,7799798730,secondary
7799798730,7799798727,secondary
7799798730,7799798729,secondary
7799798729,8421009327,secondary
8421009327,8421009370,secondary
7799798730,7799798728,secondary
7799798728,7799798730,secondary
7799798728,1390785557,secondary
1390785557,7799798728,secondary
1390785557,1365441905,secondary
1365441905,1390785557,secondary
1390785587,8421864294,secondary
8421864294,8421864288,secondary
8421864288,1390785599,secondary
8415593466,8421009366,secondary
8421009366,8415593466,secondary
8421009366,8421009362,secondary
8421009362,8421009366,secondary
8421009362,8421009370,secondary
8421009370,8421009362,secondary
1390795679,8493342721,residential
8493342721,1390795679,residential
8493342721,1390785577,residential
1390785577,8493342721,residential
1390785576,8493342720,residential
8493342720,1390785576,residential
8493342720,1390795679,residential
1390795679,8493342720,residential
1390785576,8493342717,tertiary
8493342717,8493342731,tertiary
8493342731,7799471502,tertiary
1390795675,1390785560,tertiary
1390785560,7799798713,tertiary
7799798713,7799798737,tertiary
8398987678,8398987703,residential
8398987703,8398987678,residential
8398987703,1365467711,residential
1365467711,8398987703,residential
1365467711,8398987553,secondary
8398987553,1365467711,secondary
8398987553,8398987611,secondary
8398987611,8398987553,secondary
8398987611,8398987638,secondary
8398987638,8398987611,secondary
7800030781,7800030777,secondary
7800030777,7800030781,secondary
7800030777,8398987613,secondary
8398987613,7800030777,secondary
8398987613,1365467711,secondary
1365467711,8398987613,secondary
1365467704,1365467705,secondary
1365467705,1365467704,secondary
1365467705,7799798744,secondary
7799798744,1365467705,secondary
7799798744,7799798748,secondary
7799798748,7799798744,secondary
1365467704,1387614279,tertiary
1365467713,1365467708,secondary
1365467708,1365467713,secondary
1365467708,1365467704,secondary
1365467704,1365467708,secondary
1365467686,1365467713,secondary
1365467713,1365467686,secondary
1390825980,8421944937,residential
8421944937,1390825980,residential
8421944937,1390785591,residential
1390785591,8421944937,residential
1390825980,8421944923,residential
8421944923,1390825980,residential
8421944923,1390825977,residential
1390825977,8421944923,residential
1390825977,1390825975,residential
1390785584,1390825977,residential
1390825975,8415593472,residential
8415593472,8415593471,residential
8415593471,8415593466,residential
1390785584,8415593468,residential
8415593468,1390785584,residential
8415593468,8421009335,residential
8421009335,8415593468,residential
7799471505,1390795685,residential
1390795685,7799471505,residential
1390795685,8416711850,residential
8416711850,1390795681,residential
1390795681,8416711851,residential
8416711851,2471605701,residential
2471605701,1390795682,residential
1390795682,1390795680,residential
1390795685,8703252295,residential
8703252295,1390795685,residential
8703252295,1390785575,residential
1390785575,8703252295,residential
1390785575,8703252293,residential
8703252293,1390785575,residential
8703252293,8703210211,residential
8703210211,8703252293,residential
8703210211,1390785576,residential
1390785576,8703210211,residential
1390785575,8703252292,residential
8703252292,1390785575,residential
8703252292,8703274243,residential
8703274243,8703252292,residential
8703274243,1390785566,residential
1390785566,8703274243,residential
1390785566,8703274242,residential
8703274242,1390785566,residential
8703274242,8964419978,residential
8964419978,8703274242,residential
8964419978,1390785564,residential
1390785564,8964419978,residential
1390785564,8964419980,residential
8964419980,1390785564,residential
8964419980,1390785568,residential
1390785568,8964419980,residential
1390785566,8703274240,residential
8703274240,1390785566,residential
8703274240,8398987523,residential
8398987523,8703274240,residential
8398987523,1365467688,residential
1365467688,8398987523,residential
1365467688,8398987600,secondary
8398987600,1365467688,secondary
8398987600,8421009372,secondary
8421009372,8398987600,secondary
8421009372,7799798716,secondary
7799798716,8421009372,secondary
7799798716,7799798720,secondary
7799798720,7799798716,secondary
1365467688,8398987534,residential
8398987534,1365467688,residential
8398987534,1365467634,residential
1365467634,8398987534,residential
1365467634,1365467633,tertiary
1365467633,1170591186,tertiary
1170591186,1170590659,tertiary
1170590659,8419484924,tertiary
8419484924,1365467610,tertiary
1365467610,8419484923,tertiary
8419484923,1365467608,tertiary
1365467608,1365467607,tertiary
1365467634,1365467594,residential
1365467594,1365467634,residential
1365467594,1365467552,residential
1365467552,1365467594,residential
1365467552,1365467528,residential
1365467528,1365467552,residential
1365467528,1365467505,residential
1365467505,1365467528,residential
1365467505,1365467481,residential
1365467481,1365467505,residential
1365467481,1365467451,residential
1365467451,1365467481,residential
1365467451,1365467377,residential
1365467377,1365467451,residential
1824889153,1390785552,tertiary
1390785552,1365467634,tertiary
4240242100,4240242101,residential
2471329353,1365467433,tertiary
2123976453,2471329353,tertiary
1170590789,1390825922,residential
1390825922,1170591208,residential
1170591208,1170590911,residential
1170590911,1489824350,residential
1489824350,1170591094,residential
1170591094,2052323192,residential
2052323192,1170590640,residential
1170590640,2052323191,residential
2052323191,1211327773,residential
1211327773,2052323190,residential
2052323190,1390875846,residential
1390875846,1393664781,residential
1393664781,1170591298,residential
1170591298,2052323189,residential
2052323189,1170590739,residential
1170590739,4240682136,residential
4240682136,4240682139,residential
4240682139,2052323188,residential
2052323188,3242549657,residential
3242549657,2052323187,residential
2052323187,5982075006,residential
5982075006,1394251340,residential
1394251340,1394251353,residential
8427351001,8427351002,residential
8427351002,8427351001,residential
8427358085,8427358086,residential
8427358086,8427358085,residential
8816526760,3374849375,residential
3374849375,1392459411,residential
8816526759,8816526760,residential
4240242102,1365467542,residential
1365467542,4240242102,residential
9300936004,4240242102,residential
4240242102,9300936004,residential
2081378696,595505256,secondary
12884511964,12884511857,secondary
12884511857,3366913212,secondary
3366913212,12884511994,secondary
12884511994,3366913213,secondary
595505254,3366913211,secondary
4240297278,12253568191,primary
12253568191,4240297278,primary
12253568191,4240297268,primary
4240297268,12253568191,primary
1167270298,12882427216,primary
12882427216,4525347917,primary
4525347917,1167270231,primary
1167270231,1176386770,primary
1176386770,12884508875,primary
12884508875,1167269868,primary
1260437534,1167270298,primary
1260437106,12882427219,secondary
12882427219,12882427292,secondary
12882427292,2109826779,secondary
2109826779,12882427238,secondary
12882427238,1176386742,secondary
1176386742,12882427242,secondary
12882427242,5909157743,secondary
5909157743,12882427228,secondary
12882427228,1176386839,secondary
1260437106,1260437543,primary
1176386839,7590861870,residential
1176386839,12882427232,secondary
12882427232,1167270305,secondary
1260445212,12887932668,primary
12887932668,430557364,primary
1392316140,1392316142,residential
1392316142,1392316140,residential
1392316142,1392302072,residential
1392302072,1392316142,residential
1392302072,1392302073,residential
1392302073,1392302072,residential
1392318171,1194373422,residential
1194373422,1392318171,residential
2052322964,11449422785,primary
11449422785,11449410633,primary
1015252878,1015252879,primary
1015252879,1392340212,primary
1392340212,2134256594,primary
2134256594,1015252883,primary
1015252883,11449410632,primary
11449410632,11449410633,primary
11449410633,11449410636,primary
11449410636,11449410634,primary
11449410634,11449421351,primary
11449410633,11449410635,primary
11449410635,11449422782,primary
11449422782,11449422783,primary
11449422783,11449422784,primary
11449422784,2052322966,primary
1553070291,2052323271,tertiary
2052323271,1553070291,tertiary
1771951162,11280289099,residential
11280289099,1771951162,residential
11280289099,12254108876,residential
12254108876,11280289099,residential
12254108876,1771951172,residential
1771951172,12254108876,residential
1771951172,1771951178,residential
1771951178,1771951172,residential
1771951178,1771951189,residential
1771951189,1771951178,residential
1771951189,3903181351,residential
3903181351,1771951189,residential
3903181351,7681050200,residential
7681050200,3903181351,residential
7681050200,12254108880,residential
12254108880,7681050200,residential
12254108880,1771951197,residential
1771951197,12254108880,residential
1771951197,1771951202,residential
1771951202,1771951197,residential
1167270403,392350356,residential
392350356,392350362,residential
392350362,446376384,residential
446376382,392350363,residential
392350363,392350357,residential
392350357,13691431990,residential
13691431990,1167270280,residential
8415593438,8415593439,tertiary
8415593439,1260431217,tertiary
1260431217,571784169,tertiary
1260431092,12259994682,tertiary
12259994682,8415593442,tertiary
8415593442,1260428345,tertiary
1260428345,8415593463,tertiary
8415593463,878835003,tertiary
878835003,8415593447,tertiary
8415593447,8415593438,tertiary
446376414,8415593445,tertiary
8415593445,8415593438,tertiary
1261033591,12872347838,residential
12872347838,12875844261,residential
12875844261,12875844256,residential
12875844256,12875844255,residential
12875844255,12875844257,residential
12875844257,12873890081,residential
12873890081,1167269921,residential
1390825931,1365467238,secondary
1390825931,1365467265,residential
1365467238,1365467203,secondary
1365467203,1170591152,secondary
5912829452,1392316154,tertiary
1392316154,12886768091,tertiary
12886768091,12337534548,tertiary
12337534548,1392318184,tertiary
1392318184,12337534550,tertiary
12337534550,12337534565,tertiary
12337534565,1392316153,tertiary
1392316153,12337534569,tertiary
12337534569,12337534563,tertiary
12337534563,6067596625,tertiary
6067596625,12337534560,tertiary
12337534560,12337534557,tertiary
12337534557,1392316143,tertiary
1392316143,12337534554,tertiary
12337534554,12886803306,tertiary
12886803306,12886803307,tertiary
12886803307,1170612412,tertiary
1167270384,12886768081,secondary
12886768081,12886768072,secondary
12886768072,12886768089,secondary
12886768089,1392316154,secondary
1392316154,1167270003,secondary
1167270003,12893847203,tertiary
1167270003,12886768093,secondary
12886768093,1167269939,secondary
1167269939,12886803101,secondary
12886803101,1167269963,secondary
5912829452,12886768090,secondary
12886768090,12886768073,secondary
12886768073,5912829451,secondary
5910349673,1167269894,residential
5910349673,12884511838,secondary
12884511838,12884511861,secondary
12884511861,5910349674,secondary
5910349675,446376402,secondary
5910349675,12884511869,secondary
12884511869,13701394983,secondary
13701394983,12884511883,secondary
12884511883,5910349676,secondary
5910349676,12884511882,residential
12884511882,567058878,residential
567058878,567058879,residential
5910349676,12884511880,secondary
12884511880,12884511902,secondary
12884511902,5910349677,secondary
5910349677,392350311,residential
5910349677,12884511900,secondary
12884511900,12884511888,secondary
12884511888,12884511890,secondary
12884511890,12884511886,secondary
12884511886,12884511911,secondary
12884511911,5910349678,secondary
392350311,12884511901,secondary
12884511901,12884511879,secondary
12884511879,1167270457,secondary
5910349678,12884511912,tertiary
12884511912,11624973506,tertiary
11624973506,392350339,tertiary
5910349678,12884511908,secondary
12884511908,12884511919,secondary
12884511919,12884511914,secondary
12884511914,12884511916,secondary
12884511916,12884511929,secondary
12884511929,5910349679,secondary
5910349679,392350334,tertiary
5910349679,12884511925,secondary
12884511925,12884511950,secondary
12884511950,12884511953,secondary
12884511953,12884511939,secondary
12884511939,5910349680,secondary
392350334,12884511926,secondary
12884511926,2068477162,secondary
2068477162,12884511917,secondary
12884511917,12884511915,secondary
12884511915,12884511918,secondary
12884511918,12884511907,secondary
12884511907,392350335,secondary
392350334,12884511927,tertiary
12884511927,392350330,tertiary
392350330,392350326,tertiary
5910349680,12884511937,residential
12884511937,2052323008,residential
2052323008,2052323009,residential
2052323009,392350337,residential
5910349680,12884511935,secondary
12884511935,12884511948,secondary
12884511948,5910349681,secondary
5910349681,392350332,residential
5910349681,12884511946,secondary
12884511946,12884511963,secondary
12884511963,1260443014,secondary
1260443014,12884511962,residential
12884511962,2052323015,residential
2052323015,1167270361,residential
1167270361,1167270037,residential
1167270037,1167270196,residential
1167270196,12882427230,residential
12882427230,1176386839,residential
1260443014,12884511959,secondary
12884511959,11418618549,secondary
11418618549,5910349682,secondary
5910349682,6511026661,secondary
6511026661,1260443011,secondary
446376410,1260443014,residential
446376410,12884511961,secondary
12884511961,12884511944,secondary
12884511944,392350332,secondary
430557360,12887932566,primary
12887932566,11418685880,primary
1260443004,12887932571,residential
12887932571,1167270062,residential
1167270062,392350328,residential
392350328,2080152229,residential
2080152229,392350329,residential
392350329,392350330,residential
392350330,392350331,residential
392350331,392350312,residential
392350312,1167270239,residential
1167270239,1167270001,residential
1260443004,11418685888,primary
11418685888,1260443003,primary
1260443003,1260443002,primary
1260443002,11418618548,primary
11418618548,1260442999,primary
11418685878,6096841888,primary
6096841888,1260442988,primary
1260442988,12887932600,primary
12887932600,1167270254,primary
11418685880,11418685878,primary
1260443012,6511026659,residential
6511026659,12887932574,residential
12887932574,1167270254,residential
1260443012,12887932606,primary
12887932606,1260442993,primary
1260442993,12887932569,primary
12887932569,1260443004,primary
1167270254,12887932598,primary
12887932598,12887932614,primary
12887932614,430557361,primary
430557361,12887932612,primary
12887932612,1260445205,primary
1260445205,6096841886,primary
6096841886,12259923386,primary
12259923386,1260445191,primary
1260445191,12259923385,primary
12259923385,12259923384,primary
12259923384,12887932638,primary
12887932638,1260445200,primary
1260445200,430557362,primary
1176386771,1260445198,primary
1260445198,1260445196,primary
1260445196,12259923389,primary
12259923389,12259923390,primary
12259923390,1260445202,primary
1260445202,12887932618,primary
12887932618,1260442986,primary
1176386771,5639068424,residential
5639068424,430557362,residential
1260445230,1260445235,tertiary
1260445235,571784198,tertiary
571784198,430557359,tertiary
1260445230,12887932689,tertiary
12887932689,3902947989,tertiary
1454272013,12889150694,primary
12889150694,1454272014,primary
1454272014,12889150711,primary
12889150711,1454272021,primary
1454329857,12889150714,primary
12889150714,12889150698,primary
12889150698,1770948770,primary
4240297275,12121223132,residential
12121223132,2067986593,residential
2067986593,1392312377,residential
1392312377,1392312379,residential
1392312379,1643743932,residential
4240297275,12884512060,secondary
12884512060,4240297273,secondary
4240297273,4240297277,secondary
4240297277,12884512153,secondary
12884512153,4240297278,secondary
11554795965,12884512063,residential
12884512063,1392330380,residential
12254108856,12254108857,primary_link
12254108857,12254108858,primary_link
12254108858,12254108859,primary_link
12254108859,12254108860,primary_link
12254108860,12254108850,primary_link
12254108850,12254108853,primary_link
12254108853,1771508517,primary_link
12259994533,4236758015,residential
4236758015,4236758032,residential
4236758032,4236758018,residential
4236758018,4236758019,residential
4236758019,4236758028,residential
4236758028,1176386819,residential
1392318173,1392318184,residential
1392318184,1392318173,residential
1392316153,1390875719,residential
1390875719,1392316153,residential
1392302076,1392302077,residential
1260437098,12882427147,residential
12882427147,1260437833,residential
1260438014,1260437096,residential
1260437096,12882427151,residential
12882427151,1176386812,residential
446376367,12882427105,primary
12882427105,12882427152,primary
12882427152,1176386812,primary
1365441878,2124608309,residential
2124608309,1365441978,residential
1392621862,1390825954,residential
12811523339,1771509762,residential
1771509762,12811523339,residential
1167270134,1167270317,residential
1167270317,1167270360,residential
1167270360,1167270458,residential
1167270458,1167270282,residential
12871242909,1553059544,tertiary
1553059544,12871242909,tertiary
1553059544,1553059581,tertiary
1553059581,1553059544,tertiary
1553059581,1553059403,tertiary
1553059403,1553059581,tertiary
1553059403,12871234193,tertiary
12871234193,1553059403,tertiary
12871234193,6067604752,tertiary
6067604752,12871234193,tertiary
6067604752,1553059641,tertiary
1553059641,6067604752,tertiary
1553059641,11280289117,tertiary
11280289117,1553059641,tertiary
11280289117,1553059311,tertiary
1553059311,11280289117,tertiary
1553059311,4278690865,tertiary
4278690865,1553059311,tertiary
4278690865,1553059457,tertiary
1553059457,4278690865,tertiary
1553059457,1553059676,tertiary
1553059676,1553059457,tertiary
1553059676,1553059343,tertiary
1553059343,1553059676,tertiary
1553059343,11280289116,tertiary
11280289116,1553059343,tertiary
11280289116,1553059582,tertiary
1553059582,11280289116,tertiary
1553059582,1553059506,tertiary
1553059506,1553059582,tertiary
1553059506,3397746108,tertiary
3397746108,1553059506,tertiary
3397746108,1553059660,tertiary
1553059660,3397746108,tertiary
1553059660,1553059585,tertiary
1553059585,1553059660,tertiary
1553059585,1553059485,tertiary
1553059485,1553059585,tertiary
1553059485,3397746107,tertiary
3397746107,1553059485,tertiary
3397746107,1553059655,tertiary
1553059655,3397746107,tertiary
1553059655,1553059614,tertiary
1553059614,1553059655,tertiary
1553059614,3397746106,tertiary
3397746106,1553059614,tertiary
3397746106,1553059627,tertiary
1553059627,3397746106,tertiary
1553059627,1553059704,tertiary
1553059704,1553059627,tertiary
1553059704,1553059529,tertiary
1553059529,1553059704,tertiary
1553059529,12871234178,tertiary
12871234178,1553059529,tertiary
12871234178,1553059363,tertiary
1553059363,12871234178,tertiary
1553059363,1553059657,tertiary
1553059657,1553059363,tertiary
1553059657,1188226906,tertiary
1188226906,1553059657,tertiary
12873507142,12873507143,primary_link
12873507143,12873507144,primary_link
12873507144,12872347553,primary_link
2068540774,1551413598,residential
1390716833,1167270013,residential
1167270201,1167270013,residential
1551402685,1551412270,tertiary
1551412270,1551402685,tertiary
12882417099,1551412267,residential
1551412267,1551402672,residential
1551402685,6143794172,tertiary
6143794172,12287197513,tertiary
12287197513,6143794173,tertiary
6143794173,1551402682,tertiary
1551402682,1551402683,tertiary
2052323094,2052323090,tertiary
2052323090,5938185380,tertiary
5938185380,12882427323,tertiary
12882427323,1260437556,tertiary
1260437556,1167269967,tertiary
1167269967,12882427316,tertiary
12882427316,12882427364,tertiary
12882427364,1176386784,tertiary
1260443039,6511026664,residential
6511026664,1167270231,residential
1260443039,1260443041,primary
1260443041,12882427290,primary
12882427290,12882427218,primary
12882427218,1260437106,primary
1167269868,12884508874,primary
12884508874,12884511706,primary
12884511706,2076357328,primary
2076357328,2052323028,primary
2052323028,6096841901,primary
6096841901,2052323014,primary
2052323014,11418618543,primary
11418618543,1260443011,primary
1260443011,446376365,primary
446376365,11418618546,primary
11418618546,11418685896,primary
11418685896,1260443010,primary
1260443010,1260443008,primary
1260443008,11974100108,primary
11974100108,11974100107,primary
11974100107,11418685887,primary
11418685887,430557360,primary
1260442998,12884508881,residential
12884508881,1176386800,residential
1260442998,12884508880,primary
12884508880,1260443039,primary
5910349674,12884511856,secondary
12884511856,12884511871,secondary
12884511871,5910349675,secondary
3366913213,1167269843,residential
3366913213,12884511993,secondary
12884511993,12884512003,secondary
12884512003,4240297237,secondary
1167269843,12884511996,secondary
12884511996,5910349667,secondary
5910349667,12884511858,secondary
12884511858,446376392,secondary
5912829451,1167270384,residential
5912829451,12886768070,secondary
12886768070,12886768062,secondary
12886768062,5910349668,secondary
12886768063,12886768064,secondary_link
12886768064,12886768063,secondary_link
5912829453,12886768100,secondary
12886768100,5912829604,secondary
5912829604,12886768094,secondary
12886768094,12893847203,secondary
12893847203,5912829452,secondary
5912829453,1167269963,residential
1167269963,12886803104,secondary
12886803104,1387606354,secondary
1387606354,12886803113,secondary
12886803113,1387606353,secondary
1167269963,12886803102,residential
12886803102,1392318169,residential
1392318169,1392318128,residential
1392318128,1390875714,residential
1390875714,2052322944,residential
2052322944,1392316151,residential
1392316151,2052322928,residential
2052322928,1392302073,residential
1392302073,4890760997,residential
4890760997,4890760996,residential
4890760996,4890760995,residential
4890760995,1194373363,residential
1387606353,12886803117,secondary
12886803117,5912829457,secondary
5912829457,12886803124,secondary
12886803124,1015252999,secondary
5912829454,12886803116,tertiary
12886803116,2052322989,tertiary
2052322989,1167270074,tertiary
1167270074,2134228912,tertiary
2134228912,1167270386,tertiary
1167270386,1167270446,tertiary
5912829454,12886803114,secondary
12886803114,12886803105,secondary
12886803105,5912829453,secondary
5912829455,12886803125,secondary
12886803125,12886803118,secondary
12886803118,5912829454,secondary
392350352,392350348,residential
1260437833,1176386765,residential
567058866,567058867,residential
392350311,12884511898,residential
12884511898,392350312,residential
2052323142,12259994649,residential
12259994649,2052323142,residential
12259994649,12259994648,residential
12259994648,12259994649,residential
12259994648,2052323139,residential
2052323139,12259994648,residential
2052323139,12259994641,residential
12259994641,2052323139,residential
12259994641,1551415517,residential
1551415517,12259994641,residential
1551415517,2052323132,residential
2052323132,1551415517,residential
2052323132,2052323125,residential
2052323125,2052323132,residential
2052323125,12259994639,residential
12259994639,2052323125,residential
12259994639,2052323119,residential
2052323119,12259994639,residential
2052323119,12259994636,residential
12259994636,2052323119,residential
12259994636,12259994622,residential
12259994622,12259994636,residential
12259994622,2052323105,residential
2052323105,12259994622,residential
2052323105,12259994621,residential
12259994621,2052323105,residential
12259994621,12259994620,residential
12259994620,12259994621,residential
12259994620,4236758011,residential
4236758011,12259994620,residential
4236758011,2052323085,residential
2052323085,4236758011,residential
2052323085,4236758012,residential
4236758012,2052323085,residential
4236758012,12259994594,residential
12259994594,4236758012,residential
12259994594,12259994595,residential
12259994595,12259994594,residential
12259994595,12259994587,residential
12259994587,12259994595,residential
12259994587,12259994596,residential
12259994596,12259994587,residential
12259994596,12259994585,residential
12259994585,12259994596,residential
12259994585,12259994591,residential
12259994591,12259994585,residential
12259994591,12259994589,residential
12259994589,12259994591,residential
12259994589,12259994593,residential
12259994593,12259994589,residential
1170590624,1170590731,residential
3903206586,13006267813,residential
13006267813,13006267812,residential
13006267812,13006267811,residential
13006267811,13006267809,residential
13006267809,13006267810,residential
13006267810,1771951193,residential
1771509742,1771509747,residential
1771509747,1771509742,residential
1170612593,12811523338,residential
12811523338,1170612593,residential
1167270489,4240571028,residential
4240571028,1194373379,residential
1194373379,12886768071,residential
12886768071,5912829451,residential
1167270489,4240571030,residential
4240571030,1167270489,residential
13154791119,13154791118,residential
13154791118,13154791119,residential
13154791118,13154791117,residential
13154791117,13154791118,residential
13154791117,2123976409,residential
2123976409,13154791117,residential
2123976409,13154791116,residential
13154791116,2123976409,residential
13154791116,13154791115,residential
13154791115,13154791116,residential
13154791115,13154791114,residential
13154791114,13154791115,residential
13154791114,13154791113,residential
13154791113,13154791114,residential
13154791113,13154791112,residential
13154791112,13154791113,residential
13154791112,12254108916,residential
12254108916,13154791112,residential
1365441760,1365441761,residential
1365441761,1365441770,residential
1365441770,1365441773,residential
1365441773,1365441774,residential
1365441774,1365441776,residential
1390716830,2077087072,residential
2077087072,1390875722,residential
7029815948,985377344,residential
985377344,7029815948,residential
1771951193,1771951182,residential
1771951182,1771951168,residential
1771951168,1771951154,residential
1771951154,1771951147,residential
1771951147,12254108779,residential
12254108779,12254108780,residential
12254108780,1771951138,residential
1553070328,12287197600,residential
12287197600,1553070328,residential
12287197600,3894362288,residential
3894362288,12287197600,residential
3894362288,12287197599,residential
12287197599,3894362288,residential
12287197599,3894362290,residential
3894362290,12287197599,residential
3894362290,1553070299,residential
1553070299,3894362290,residential
392350360,1771508493,tertiary
1771508493,1771508494,tertiary
3898506276,3795851458,residential
3795851458,3898506276,residential
3795851458,1551412276,residential
1551412276,3795851458,residential
1551412276,3795842739,residential
3795842739,1551412276,residential
1771508507,1771508503,residential
1771508503,1771508507,residential
1170590849,1170590847,residential
1170590847,1170590662,residential
1170590662,1170591303,residential
1170591303,1170591263,residential
1170591263,1365467226,residential
1176386812,12882427144,primary
12882427144,12882427161,primary
12882427161,446390856,primary
1260437109,6728705697,residential
6728705697,446390856,residential
1260437543,12882427217,primary
12882427217,1260437532,primary
1260437532,12882427171,primary
12882427171,1260437109,primary
1170612579,1170612398,residential
1170612398,1170612579,residential
1170612398,1170612593,residential
1170612593,1170612398,residential
1771951188,1771951192,residential
1771951192,1771951188,residential
1771951192,3904709297,residential
3904709297,1771951192,residential
3904709297,1771951202,residential
1771951202,3904709297,residential
1771951202,1771951210,residential
1771951210,1771951202,residential
2135274842,2055464170,residential
13694686562,13726772468,residential
13726772468,13694686562,residential
13726772468,13694686561,residential
13694686561,13726772468,residential
13712871029,13712871028,residential
13712871028,13712871029,residential
