ID_Nodo,Latitud,Longitud,Calle_A,Calle_B,Nombre_Esquina
1771508499,-24.771806,-65.4009228,,,Nodo 1771508499
1771508498,-24.7717122,-65.4022902,,,Nodo 1771508498
8392135127,-24.7716707,-65.4027684,,,Nodo 8392135127
571784200,-24.7715931,-65.4036639,,,Nodo 571784200
392350360,-24.7714707,-65.405035,,,Nodo 392350360
1260443489,-24.777956,-65.40148,,,Nodo 1260443489
12887932613,-24.7778378,-65.4030613,,,Nodo 12887932613
430557361,-24.777832,-65.4031396,,,Nodo 430557361
446376377,-24.7896984,-65.4123944,,,Nodo 446376377
392350369,-24.7884574,-65.4122682,,,Nodo 392350369
5909119725,-24.7876002,-65.4121819,,,Nodo 5909119725
4783628461,-24.7874934,-65.4122065,,,Nodo 4783628461
392350322,-24.7861943,-65.4120542,,,Nodo 392350322
392350310,-24.7848873,-65.411925,,,Nodo 392350310
11624973513,-24.7836752,-65.4118079,,,Nodo 11624973513
1167270469,-24.783626,-65.4118031,,,Nodo 1167270469
430557360,-24.7803471,-65.4033285,,,Nodo 430557360
6511026660,-24.7803367,-65.4034261,,,Nodo 6511026660
1260443004,-24.7803307,-65.4035061,,,Nodo 1260443004
1260445595,-24.7817359,-65.4011358,,,Nodo 1260445595
12884511761,-24.7817104,-65.4015414,,,Nodo 12884511761
12884511764,-24.7816959,-65.4017711,,,Nodo 12884511764
1260445596,-24.7816759,-65.4020896,,,Nodo 1260445596
12884511750,-24.7816593,-65.4023749,,,Nodo 12884511750
12884511755,-24.7816433,-65.4026508,,,Nodo 12884511755
12884511753,-24.7816292,-65.4028925,,,Nodo 12884511753
12884511743,-24.781622,-65.4030167,,,Nodo 12884511743
11418618545,-24.7816133,-65.403167,,,Nodo 11418618545
446376365,-24.7816007,-65.4032826,,,Nodo 446376365
446387519,-24.7810077,-65.4322034,,,Nodo 446387519
1824867758,-24.7810972,-65.4311602,,,Nodo 1824867758
2052322997,-24.7811369,-65.4304432,,,Nodo 2052322997
1167270291,-24.7811912,-65.4297344,,,Nodo 1167270291
1167269818,-24.7812859,-65.4283632,,,Nodo 1167269818
1167270074,-24.7814013,-65.4269791,,,Nodo 1167270074
1194373320,-24.7815012,-65.4255294,,,Nodo 1194373320
1167270015,-24.7815732,-65.4241302,,,Nodo 1167270015
1167270489,-24.7816568,-65.4227835,,,Nodo 1167270489
1167269868,-24.7842213,-65.4028217,,,Nodo 1167269868
12884511747,-24.7842225,-65.4029201,,,Nodo 12884511747
6511026663,-24.7842227,-65.4029378,,,Nodo 6511026663
1260442998,-24.7842214,-65.4030127,,,Nodo 1260442998
1167270363,-24.7834913,-65.4313746,,,Nodo 1167270363
1167270036,-24.7836112,-65.4299543,,,Nodo 1167270036
1167269872,-24.7903555,-65.4388787,,,Nodo 1167269872
1167270444,-24.7904591,-65.4374955,,,Nodo 1167270444
1167269869,-24.7905474,-65.4360964,,,Nodo 1167269869
1824867778,-24.7906389,-65.4347427,,,Nodo 1824867778
392350321,-24.7775529,-65.4070108,,,Nodo 392350321
392350325,-24.7788234,-65.4071412,,,Nodo 392350325
3906638125,-24.7797883,-65.4072588,,,Nodo 3906638125
392350329,-24.7800665,-65.4072763,,,Nodo 392350329
12884511936,-24.7812535,-65.4073926,,,Nodo 12884511936
392350333,-24.7813349,-65.4074005,,,Nodo 392350333
567058874,-24.8013167,-65.4106766,,,Nodo 567058874
567058875,-24.8000901,-65.410557,,,Nodo 567058875
3591116673,-24.7990652,-65.4104661,,,Nodo 3591116673
1170591028,-24.7986922,-65.4104313,,,Nodo 1170591028
567058876,-24.7974548,-65.4103225,,,Nodo 567058876
1000789494,-24.7917778,-65.4016251,,,Nodo 1000789494
6728705699,-24.791753,-65.4017283,,,Nodo 6728705699
1260431092,-24.7917245,-65.4018279,,,Nodo 1260431092
1176386812,-24.7892309,-65.4019576,,,Nodo 1176386812
6728705698,-24.789235,-65.4020405,,,Nodo 6728705698
1260437098,-24.7892288,-65.4021339,,,Nodo 1260437098
595505138,-24.7710403,-65.4148096,,,Nodo 595505138
12884512154,-24.7711327,-65.4147894,,,Nodo 12884512154
4240297270,-24.7711417,-65.4147874,,,Nodo 4240297270
4240297271,-24.771216,-65.4147735,,,Nodo 4240297271
4240297272,-24.7712943,-65.4147704,,,Nodo 4240297272
3218158503,-24.7718597,-65.4148368,,,Nodo 3218158503
1771984415,-24.7725911,-65.4149087,,,Nodo 1771984415
5919488294,-24.7727039,-65.4149205,,,Nodo 5919488294
12884512061,-24.7731505,-65.4149397,,,Nodo 12884512061
1392330380,-24.7732495,-65.414944,,,Nodo 1392330380
1771508509,-24.7728651,-65.403796,,,Nodo 1771508509
571784198,-24.7741252,-65.4039511,,,Nodo 571784198
5133535172,-24.7746789,-65.4040118,,,Nodo 5133535172
1170612579,-24.7752228,-65.4040703,,,Nodo 1170612579
3460650658,-24.7758469,-65.4041492,,,Nodo 3460650658
1176386729,-24.7764916,-65.4042387,,,Nodo 1176386729
1176386762,-24.7777501,-65.4043759,,,Nodo 1176386762
1387553556,-24.7704562,-65.4119737,,,Nodo 1387553556
595505141,-24.7702013,-65.4120134,,,Nodo 595505141
1771986545,-24.7698743,-65.4120482,,,Nodo 1771986545
4240297268,-24.7709501,-65.4145672,,,Nodo 4240297268
4240297263,-24.7709366,-65.4145458,,,Nodo 4240297263
4240297264,-24.770912,-65.4145276,,,Nodo 4240297264
4240297265,-24.7708856,-65.4144988,,,Nodo 4240297265
4240297266,-24.7708585,-65.4144666,,,Nodo 4240297266
3460650633,-24.7708397,-65.4144159,,,Nodo 3460650633
3313256783,-24.7708377,-65.414307,,,Nodo 3313256783
12253568182,-24.7709203,-65.4128011,,,Nodo 12253568182
595505139,-24.7709268,-65.4127612,,,Nodo 595505139
11278127876,-24.7709396,-65.4127005,,,Nodo 11278127876
3460650637,-24.7709796,-65.4126139,,,Nodo 3460650637
12253568181,-24.7710342,-65.412535,,,Nodo 12253568181
1387553589,-24.7711064,-65.4124466,,,Nodo 1387553589
595505256,-24.7740304,-65.4150429,,,Nodo 595505256
2935192036,-24.7740676,-65.4152147,,,Nodo 2935192036
1025603486,-24.7741624,-65.4153869,,,Nodo 1025603486
2935192018,-24.7743084,-65.4155081,,,Nodo 2935192018
12884512052,-24.7744167,-65.4155405,,,Nodo 12884512052
595505253,-24.7744848,-65.4155608,,,Nodo 595505253
7799798728,-24.8081555,-65.4098592,,,Nodo 7799798728
985377295,-24.8075058,-65.4105075,,,Nodo 985377295
8958417897,-24.8073323,-65.4108458,,,Nodo 8958417897
1365467655,-24.8071615,-65.4111787,,,Nodo 1365467655
985377401,-24.7959056,-65.4032301,,,Nodo 985377401
12874338430,-24.7959793,-65.4032368,,,Nodo 12874338430
2080352488,-24.7961404,-65.4032508,,,Nodo 2080352488
2080352502,-24.7963658,-65.4032705,,,Nodo 2080352502
7686443989,-24.7967407,-65.4033031,,,Nodo 7686443989
12874338467,-24.7967669,-65.4032932,,,Nodo 12874338467
1551413598,-24.7967908,-65.4032753,,,Nodo 1551413598
7686443988,-24.796844,-65.4032331,,,Nodo 7686443988
5921895345,-24.7968851,-65.4032139,,,Nodo 5921895345
1365467060,-24.7979582,-65.4033378,,,Nodo 1365467060
1167270280,-24.7938456,-65.4086459,,,Nodo 1167270280
12875844268,-24.7940473,-65.4086627,,,Nodo 12875844268
2068540654,-24.7942314,-65.4086781,,,Nodo 2068540654
12874634510,-24.7942541,-65.4086799,,,Nodo 12874634510
12874634505,-24.79433,-65.408686,,,Nodo 12874634505
1168544500,-24.7950059,-65.4087406,,,Nodo 1168544500
985377272,-24.7963272,-65.4088354,,,Nodo 985377272
2052323184,-24.7969428,-65.4088748,,,Nodo 2052323184
985377273,-24.7975543,-65.4089207,,,Nodo 985377273
1170590918,-24.7987869,-65.4090268,,,Nodo 1170590918
1365467110,-24.7995128,-65.4090839,,,Nodo 1365467110
1170590849,-24.8002286,-65.4091324,,,Nodo 1170590849
1170591158,-24.8014522,-65.4092288,,,Nodo 1170591158
7805430459,-24.8026431,-65.4093259,,,Nodo 7805430459
1365467434,-24.8027135,-65.4093324,,,Nodo 1365467434
8399440892,-24.8027841,-65.4093388,,,Nodo 8399440892
8420781609,-24.8031121,-65.4093647,,,Nodo 8420781609
1365467465,-24.8034766,-65.4093973,,,Nodo 1365467465
1365467497,-24.8039653,-65.4094393,,,Nodo 1365467497
1365467518,-24.8046152,-65.4094888,,,Nodo 1365467518
1365467544,-24.8052867,-65.4095449,,,Nodo 1365467544
1365467573,-24.8059822,-65.4095959,,,Nodo 1365467573
1365467610,-24.8065203,-65.4096393,,,Nodo 1365467610
8421009346,-24.8072813,-65.4096956,,,Nodo 8421009346
8421009331,-24.8073212,-65.4096981,,,Nodo 8421009331
8421009349,-24.8073659,-65.4097012,,,Nodo 8421009349
7799798726,-24.8080495,-65.4097536,,,Nodo 7799798726
7799798730,-24.8081569,-65.4097618,,,Nodo 7799798730
567058873,-24.7896137,-65.4137381,,,Nodo 567058873
11749456236,-24.7901689,-65.4137973,,,Nodo 11749456236
11749456238,-24.7903057,-65.4138126,,,Nodo 11749456238
1167270081,-24.7908264,-65.4138686,,,Nodo 1167270081
1167270286,-24.7921204,-65.4139887,,,Nodo 1167270286
1390785577,-24.8102603,-65.4084783,,,Nodo 1390785577
1390785568,-24.8094669,-65.4084283,,,Nodo 1390785568
571784153,-24.7895261,-65.4150781,,,Nodo 571784153
11747705607,-24.7885157,-65.4150377,,,Nodo 11747705607
571784162,-24.7882499,-65.4150271,,,Nodo 571784162
2068477171,-24.7871896,-65.4149283,,,Nodo 2068477171
446390853,-24.7869253,-65.4148975,,,Nodo 446390853
571784154,-24.7894297,-65.4164623,,,Nodo 571784154
1000789497,-24.7906148,-65.4165883,,,Nodo 1000789497
1000789486,-24.7919228,-65.4167133,,,Nodo 1000789486
571784169,-24.7939671,-65.4058662,,,Nodo 571784169
12874338405,-24.7940568,-65.4058618,,,Nodo 12874338405
12875844262,-24.7943677,-65.4058836,,,Nodo 12875844262
12875844259,-24.7944871,-65.405892,,,Nodo 12875844259
12872347842,-24.7946882,-65.4059061,,,Nodo 12872347842
2068540678,-24.7947256,-65.4059082,,,Nodo 2068540678
12875844260,-24.794775,-65.4059114,,,Nodo 12875844260
12874338419,-24.7951565,-65.4059359,,,Nodo 12874338419
446376412,-24.7952477,-65.4059418,,,Nodo 446376412
8415593451,-24.796523,-65.406074,,,Nodo 8415593451
1170590884,-24.7965877,-65.4060787,,,Nodo 1170590884
8415593453,-24.7966606,-65.4060833,,,Nodo 8415593453
2052323186,-24.7971949,-65.4061147,,,Nodo 2052323186
8415593449,-24.7977225,-65.4061515,,,Nodo 8415593449
1170590967,-24.7977899,-65.406157,,,Nodo 1170590967
8415593454,-24.7978577,-65.4061625,,,Nodo 8415593454
8415593433,-24.7989127,-65.4062362,,,Nodo 8415593433
1170590768,-24.798984,-65.406242,,,Nodo 1170590768
8415593452,-24.7990482,-65.4062467,,,Nodo 8415593452
1365467144,-24.7997537,-65.4062909,,,Nodo 1365467144
8415593440,-24.8003794,-65.4063331,,,Nodo 8415593440
1170590662,-24.8004563,-65.4063391,,,Nodo 1170590662
8415593436,-24.8005412,-65.4063467,,,Nodo 8415593436
8415593441,-24.8016432,-65.4064332,,,Nodo 8415593441
1170590690,-24.8017259,-65.4064406,,,Nodo 1170590690
8415593456,-24.8017956,-65.4064467,,,Nodo 8415593456
8415593462,-24.8029135,-65.4065315,,,Nodo 8415593462
1170591161,-24.8029838,-65.4065374,,,Nodo 1170591161
8415593459,-24.8030466,-65.406542,,,Nodo 8415593459
1365467473,-24.8035956,-65.406576,,,Nodo 1365467473
1365467484,-24.8037555,-65.4065873,,,Nodo 1365467484
8415593464,-24.804169,-65.4066128,,,Nodo 8415593464
1170591093,-24.8042256,-65.4066169,,,Nodo 1170591093
8415593450,-24.8042815,-65.4066206,,,Nodo 8415593450
8415593455,-24.8048101,-65.4066581,,,Nodo 8415593455
1170591066,-24.8048552,-65.4066604,,,Nodo 1170591066
8415593444,-24.804947,-65.4066668,,,Nodo 8415593444
8415593461,-24.8054283,-65.4067041,,,Nodo 8415593461
1170591131,-24.8054974,-65.4067091,,,Nodo 1170591131
8415593465,-24.8055699,-65.4067136,,,Nodo 8415593465
8415593460,-24.8060942,-65.4067509,,,Nodo 8415593460
1170590723,-24.8061443,-65.406755,,,Nodo 1170590723
8415593473,-24.8062209,-65.4067613,,,Nodo 8415593473
8415593435,-24.8067077,-65.4067959,,,Nodo 8415593435
1170591186,-24.806769,-65.4067996,,,Nodo 1170591186
8415593467,-24.8068396,-65.4068032,,,Nodo 8415593467
1170591103,-24.8074325,-65.4068398,,,Nodo 1170591103
7799798717,-24.808044,-65.4068842,,,Nodo 7799798717
7799798720,-24.8081598,-65.4068922,,,Nodo 7799798720
1015252999,-24.7799276,-65.4282386,,,Nodo 1015252999
7684408061,-24.7798983,-65.4283803,,,Nodo 7684408061
5912829456,-24.7798637,-65.428475,,,Nodo 5912829456
12259700420,-24.7796999,-65.4287877,,,Nodo 12259700420
12259700431,-24.7795515,-65.429071,,,Nodo 12259700431
12259700440,-24.7794419,-65.4292801,,,Nodo 12259700440
1391039172,-24.7792958,-65.4295526,,,Nodo 1391039172
1015253001,-24.7786526,-65.4308196,,,Nodo 1015253001
595505254,-24.775002,-65.4151169,,,Nodo 595505254
12884512100,-24.7751078,-65.4151268,,,Nodo 12884512100
12884512110,-24.7756587,-65.4151782,,,Nodo 12884512110
1392302077,-24.7757703,-65.4151886,,,Nodo 1392302077
12884512114,-24.7758768,-65.4152003,,,Nodo 12884512114
5939416950,-24.7768689,-65.4153087,,,Nodo 5939416950
12884512016,-24.7769051,-65.4153118,,,Nodo 12884512016
1392271465,-24.7770226,-65.4153219,,,Nodo 1392271465
12884512017,-24.777119,-65.4153323,,,Nodo 12884512017
12884512008,-24.7781783,-65.4154472,,,Nodo 12884512008
1390875770,-24.7782972,-65.4154601,,,Nodo 1390875770
1025603485,-24.8088529,-65.4213173,,,Nodo 1025603485
1025603484,-24.8102764,-65.4219103,,,Nodo 1025603484
1015252982,-24.8101931,-65.4192919,,,Nodo 1015252982
1365442071,-24.8101025,-65.4192311,,,Nodo 1365442071
7686444005,-24.8098567,-65.4190883,,,Nodo 7686444005
1365442004,-24.8092798,-65.4188195,,,Nodo 1365442004
1365441942,-24.8085648,-65.4185246,,,Nodo 1365441942
13713237259,-24.8083822,-65.4184463,,,Nodo 13713237259
1365441891,-24.8078909,-65.4182358,,,Nodo 1365441891
1167270158,-24.7730808,-65.4176977,,,Nodo 1167270158
1167270171,-24.7743483,-65.4178459,,,Nodo 1167270171
1871063307,-24.7756155,-65.4180086,,,Nodo 1871063307
2077087070,-24.7762191,-65.4180861,,,Nodo 2077087070
1392271458,-24.776868,-65.4181528,,,Nodo 1392271458
2077087074,-24.777462,-65.4182165,,,Nodo 2077087074
1390875763,-24.7781079,-65.418289,,,Nodo 1390875763
1791111681,-24.7791649,-65.4183875,,,Nodo 1791111681
7684408048,-24.7793129,-65.4184019,,,Nodo 7684408048
7684408046,-24.779414,-65.4184118,,,Nodo 7684408046
1705192748,-24.7795998,-65.4184298,,,Nodo 1705192748
12884511828,-24.7805298,-65.418505,,,Nodo 12884511828
1167270289,-24.7805972,-65.4185104,,,Nodo 1167270289
5910349672,-24.7806942,-65.4185171,,,Nodo 5910349672
1167269961,-24.7813214,-65.4185714,,,Nodo 1167269961
1167270458,-24.7819168,-65.4186202,,,Nodo 1167270458
1167269940,-24.7831638,-65.4187409,,,Nodo 1167269940
1167270046,-24.7843994,-65.4188719,,,Nodo 1167270046
1167270506,-24.785473,-65.4189696,,,Nodo 1167270506
1167270167,-24.7866545,-65.4190814,,,Nodo 1167270167
1170590886,-24.7873126,-65.4191183,,,Nodo 1170590886
1167270473,-24.7879295,-65.419156,,,Nodo 1167270473
1167270257,-24.7892397,-65.4192488,,,Nodo 1167270257
1167270360,-24.781881,-65.4193142,,,Nodo 1167270360
1167269962,-24.783119,-65.4194399,,,Nodo 1167269962
446376376,-24.7893353,-65.4179362,,,Nodo 446376376
1167270428,-24.7880325,-65.4178229,,,Nodo 1167270428
1170590707,-24.7874112,-65.4177591,,,Nodo 1170590707
1167270226,-24.786758,-65.4176942,,,Nodo 1167270226
571784192,-24.782118,-65.4157953,,,Nodo 571784192
571784194,-24.7821919,-65.4144121,,,Nodo 571784194
1194373379,-24.7809853,-65.4227255,,,Nodo 1194373379
7431777285,-24.7809942,-65.42152,,,Nodo 7431777285
7431777086,-24.7809857,-65.4214496,,,Nodo 7431777086
7431752086,-24.7809614,-65.4213806,,,Nodo 7431752086
1194373324,-24.7809326,-65.4213219,,,Nodo 1194373324
1387550357,-24.7942234,-65.4183465,,,Nodo 1387550357
1168564592,-24.793822,-65.4184454,,,Nodo 1168564592
1167269985,-24.793043,-65.4183585,,,Nodo 1167269985
4240623471,-24.7922484,-65.432064,,,Nodo 4240623471
4240623470,-24.7928894,-65.4316187,,,Nodo 4240623470
7686443899,-24.7930044,-65.4315597,,,Nodo 7686443899
4240623468,-24.7934176,-65.4313953,,,Nodo 4240623468
1170590670,-24.7904258,-65.4192943,,,Nodo 1170590670
1168544222,-24.7967057,-65.4045311,,,Nodo 1168544222
5486881997,-24.7966257,-65.4054039,,,Nodo 5486881997
1170591171,-24.7964986,-65.4074045,,,Nodo 1170591171
7686432652,-24.7906482,-65.419432,,,Nodo 7686432652
4240571014,-24.7907659,-65.4194543,,,Nodo 4240571014
2118016424,-24.7910669,-65.4194832,,,Nodo 2118016424
1167270476,-24.7917148,-65.419533,,,Nodo 1167270476
2118016402,-24.7922657,-65.419581,,,Nodo 2118016402
1167269895,-24.7929552,-65.4196378,,,Nodo 1167269895
1170590731,-24.7973516,-65.4116964,,,Nodo 1170590731
1170591282,-24.7986032,-65.4118122,,,Nodo 1170591282
5923317307,-24.7998681,-65.4119153,,,Nodo 5923317307
1170591150,-24.7999395,-65.4119218,,,Nodo 1170591150
1365467208,-24.8005781,-65.4119804,,,Nodo 1365467208
1170590622,-24.8011912,-65.4120475,,,Nodo 1170590622
2470253580,-24.8020569,-65.4121203,,,Nodo 2470253580
1170590817,-24.8024534,-65.4121516,,,Nodo 1170590817
1365441744,-24.803929,-65.4122707,,,Nodo 1365441744
2123976505,-24.8050527,-65.412353,,,Nodo 2123976505
2123976475,-24.805682,-65.4124061,,,Nodo 2123976475
1365467602,-24.8062968,-65.4124646,,,Nodo 1365467602
4240242109,-24.806471,-65.4124792,,,Nodo 4240242109
1365467629,-24.8066323,-65.4124945,,,Nodo 1365467629
1390858557,-24.79608,-65.4296195,,,Nodo 1390858557
1170590699,-24.7961783,-65.4282293,,,Nodo 1170590699
1390875832,-24.7962757,-65.4268341,,,Nodo 1390875832
1170590958,-24.7963745,-65.4254805,,,Nodo 1170590958
1390875838,-24.7964642,-65.4240893,,,Nodo 1390875838
1170591135,-24.7965561,-65.4226952,,,Nodo 1170591135
1170591001,-24.7966284,-65.4213056,,,Nodo 1170591001
1170590778,-24.7967194,-65.419938,,,Nodo 1170590778
1170591005,-24.7967638,-65.418939,,,Nodo 1170591005
1170591115,-24.7968252,-65.4179692,,,Nodo 1170591115
1365441768,-24.80539,-65.4139116,,,Nodo 1365441768
1365441751,-24.8044684,-65.4137727,,,Nodo 1365441751
1365441736,-24.8037432,-65.4137091,,,Nodo 1365441736
1365467440,-24.8029188,-65.4136389,,,Nodo 1365467440
1365441713,-24.8023247,-65.4135825,,,Nodo 1365441713
1196732259,-24.7995607,-65.3979916,,,Nodo 1196732259
1365467108,-24.7994683,-65.3993188,,,Nodo 1365467108
1387614272,-24.799375,-65.4006958,,,Nodo 1387614272
1365467097,-24.7993235,-65.4013771,,,Nodo 1365467097
1365467092,-24.7992767,-65.4020763,,,Nodo 1365467092
1387598411,-24.7992463,-65.4024896,,,Nodo 1387598411
1170591296,-24.7991837,-65.4034634,,,Nodo 1170591296
1260445217,-24.7753556,-65.4020966,,,Nodo 1260445217
12887932664,-24.7753564,-65.4022655,,,Nodo 12887932664
1771508523,-24.7753569,-65.4023702,,,Nodo 1771508523
1771508522,-24.7753358,-65.4026722,,,Nodo 1771508522
1170612627,-24.7753198,-65.4029008,,,Nodo 1170612627
1176386770,-24.7849433,-65.402681,,,Nodo 1176386770
12884508882,-24.7849484,-65.4026098,,,Nodo 12884508882
1176386730,-24.7850255,-65.401543,,,Nodo 1176386730
12259994562,-24.7851187,-65.4000834,,,Nodo 12259994562
1176386810,-24.7851098,-65.3999901,,,Nodo 1176386810
1167270231,-24.7856557,-65.4025596,,,Nodo 1167270231
1176386789,-24.785756,-65.4014261,,,Nodo 1176386789
12882427365,-24.7858867,-65.3999408,,,Nodo 12882427365
1176386784,-24.7858977,-65.3998154,,,Nodo 1176386784
1176386786,-24.7843626,-65.4002662,,,Nodo 1176386786
12259994544,-24.7843802,-65.4003846,,,Nodo 12259994544
12259994545,-24.7843822,-65.400421,,,Nodo 12259994545
1176386769,-24.7842928,-65.4016641,,,Nodo 1176386769
12884511705,-24.784234,-65.4026157,,,Nodo 12884511705
12884508873,-24.784226,-65.402746,,,Nodo 12884508873
12884511742,-24.781741,-65.4020875,,,Nodo 12884511742
1176386850,-24.7818152,-65.4020851,,,Nodo 1176386850
12259994525,-24.7819072,-65.4020766,,,Nodo 12259994525
1176386794,-24.782294,-65.4020026,,,Nodo 1176386794
4236758013,-24.7829072,-65.4018943,,,Nodo 4236758013
1176386734,-24.776133,-65.4096925,,,Nodo 1176386734
4240297251,-24.7761694,-65.40898,,,Nodo 4240297251
1387621149,-24.7761922,-65.4086878,,,Nodo 1387621149
1771509784,-24.7762185,-65.4083084,,,Nodo 1771509784
1182784155,-24.7989698,-65.4160765,,,Nodo 1182784155
1182784185,-24.7988615,-65.4173107,,,Nodo 1182784185
1387612683,-24.7988604,-65.4174633,,,Nodo 1387612683
6124295391,-24.7770264,-65.4152288,,,Nodo 6124295391
1392271461,-24.7769609,-65.4167665,,,Nodo 1392271461
1392271453,-24.7767805,-65.419489,,,Nodo 1392271453
1390716830,-24.7766807,-65.4208322,,,Nodo 1390716830
1260432719,-24.7872665,-65.4128235,,,Nodo 1260432719
1188226890,-24.7861443,-65.412693,,,Nodo 1188226890
2077087064,-24.7700703,-65.4229371,,,Nodo 2077087064
1188247559,-24.7701894,-65.4229493,,,Nodo 1188247559
2116945947,-24.7714325,-65.4230784,,,Nodo 2116945947
1392330374,-24.7727262,-65.4231953,,,Nodo 1392330374
1392334746,-24.7733343,-65.4232562,,,Nodo 1392334746
12886803313,-24.7738864,-65.423296,,,Nodo 12886803313
1170612412,-24.7739697,-65.423302,,,Nodo 1170612412
1170612386,-24.7740579,-65.4219617,,,Nodo 1170612386
1392334750,-24.7734222,-65.4218881,,,Nodo 1392334750
1392330375,-24.7728066,-65.4218317,,,Nodo 1392330375
1390875891,-24.8019598,-65.4228188,,,Nodo 1390875891
1390875887,-24.8016078,-65.4229156,,,Nodo 1390875887
4240682114,-24.8009917,-65.423048,,,Nodo 4240682114
1170591113,-24.8003665,-65.423209,,,Nodo 1170591113
1489824348,-24.7991428,-65.4234996,,,Nodo 1489824348
1170590640,-24.7977763,-65.4238093,,,Nodo 1170590640
1390875843,-24.7970943,-65.4239467,,,Nodo 1390875843
1387511773,-24.7951911,-65.423974,,,Nodo 1387511773
1387511772,-24.793939,-65.4238693,,,Nodo 1387511772
1387511771,-24.7926699,-65.4237703,,,Nodo 1387511771
1194373388,-24.7699964,-65.4256916,,,Nodo 1194373388
2116945948,-24.7712366,-65.4258336,,,Nodo 2116945948
1392330364,-24.7725208,-65.4259803,,,Nodo 1392330364
2091748230,-24.7731457,-65.4260437,,,Nodo 2091748230
1170612466,-24.7737782,-65.4261327,,,Nodo 1170612466
1392302072,-24.77504,-65.4262927,,,Nodo 1392302072
3460650656,-24.7756544,-65.4263438,,,Nodo 3460650656
1392316149,-24.7763189,-65.4264111,,,Nodo 1392316149
3460650661,-24.7769222,-65.4264988,,,Nodo 3460650661
1390875710,-24.7775664,-65.426567,,,Nodo 1390875710
1392330423,-24.7782235,-65.4266472,,,Nodo 1392330423
1392318164,-24.7788212,-65.4267295,,,Nodo 1392318164
2091748235,-24.7794378,-65.4268014,,,Nodo 2091748235
12886803115,-24.7799898,-65.4268399,,,Nodo 12886803115
1387606353,-24.7800594,-65.4268447,,,Nodo 1387606353
1387606354,-24.7801053,-65.4261337,,,Nodo 1387606354
1392318167,-24.7788587,-65.4260066,,,Nodo 1392318167
1194373351,-24.777618,-65.4258421,,,Nodo 1194373351
1167269983,-24.7814031,-65.4171783,,,Nodo 1167269983
1170590735,-24.7812404,-65.4199328,,,Nodo 1170590735
1167269828,-24.7887843,-65.4262154,,,Nodo 1167269828
1194373326,-24.7874387,-65.4261005,,,Nodo 1194373326
2052323081,-24.7868234,-65.4260394,,,Nodo 2052323081
1167270262,-24.7861985,-65.4259962,,,Nodo 1167270262
1167270330,-24.7850018,-65.4258794,,,Nodo 1167270330
1167269939,-24.7802134,-65.4246728,,,Nodo 1167269939
1392318171,-24.7789505,-65.4245538,,,Nodo 1392318171
1211327785,-24.8024127,-65.419968,,,Nodo 1211327785
1211327777,-24.8011665,-65.4202675,,,Nodo 1211327777
1167270520,-24.7886878,-65.4275746,,,Nodo 1167270520
1167270516,-24.7898692,-65.4276821,,,Nodo 1167270516
1167270412,-24.7911281,-65.4278019,,,Nodo 1167270412
2052323157,-24.7917677,-65.4278593,,,Nodo 2052323157
1167269948,-24.7923851,-65.4279027,,,Nodo 1167269948
2133908589,-24.7930215,-65.4279654,,,Nodo 2133908589
1170591231,-24.7936561,-65.4280221,,,Nodo 1170591231
2133908594,-24.7942782,-65.4280673,,,Nodo 2133908594
1170591261,-24.7949166,-65.4281205,,,Nodo 1170591261
2134228916,-24.795545,-65.4281719,,,Nodo 2134228916
1167270228,-24.789053,-65.4219741,,,Nodo 1167270228
1167270329,-24.7902583,-65.4220389,,,Nodo 1167270329
2118016403,-24.7908931,-65.4221612,,,Nodo 2118016403
1167270422,-24.7915145,-65.4222763,,,Nodo 1167270422
2133908582,-24.792078,-65.4223293,,,Nodo 2133908582
1167269871,-24.7927754,-65.4223901,,,Nodo 1167269871
3220983676,-24.7934561,-65.4224487,,,Nodo 3220983676
1170591162,-24.794031,-65.4224917,,,Nodo 1170591162
1170591274,-24.7952835,-65.4225928,,,Nodo 1170591274
1167270059,-24.7888804,-65.4248301,,,Nodo 1167270059
1167270316,-24.7900636,-65.424934,,,Nodo 1167270316
4240571035,-24.7906883,-65.4249851,,,Nodo 4240571035
7686432653,-24.790985,-65.4250129,,,Nodo 7686432653
1167270420,-24.7913217,-65.4250444,,,Nodo 1167270420
2133908579,-24.7918849,-65.4250854,,,Nodo 2133908579
1167270125,-24.7925876,-65.4251442,,,Nodo 1167270125
1170590819,-24.7938424,-65.4252467,,,Nodo 1170590819
1170590977,-24.795099,-65.4253624,,,Nodo 1170590977
2134228918,-24.7957326,-65.4254195,,,Nodo 2134228918
1188226906,-24.7893489,-65.3934401,,,Nodo 1188226906
1553059378,-24.7892774,-65.3934284,,,Nodo 1553059378
1553059448,-24.789167,-65.3933907,,,Nodo 1553059448
1553059524,-24.7890822,-65.393321,,,Nodo 1553059524
1553059459,-24.7890331,-65.3932517,,,Nodo 1553059459
1553059667,-24.7889742,-65.3931606,,,Nodo 1553059667
1553059484,-24.7888962,-65.3930701,,,Nodo 1553059484
1553059399,-24.788798,-65.3929944,,,Nodo 1553059399
1553059565,-24.7886944,-65.3929219,,,Nodo 1553059565
1553059450,-24.7886241,-65.3928736,,,Nodo 1553059450
1553059487,-24.7885311,-65.3928405,,,Nodo 1553059487
1553059548,-24.7884409,-65.3928193,,,Nodo 1553059548
1553059572,-24.7883359,-65.3928217,,,Nodo 1553059572
1553059367,-24.7882525,-65.3928178,,,Nodo 1553059367
1553059385,-24.7881961,-65.3928055,,,Nodo 1553059385
1553059700,-24.7881228,-65.3927653,,,Nodo 1553059700
1553059418,-24.7880692,-65.3927171,,,Nodo 1553059418
1553059629,-24.7880105,-65.3926406,,,Nodo 1553059629
1553059316,-24.7879377,-65.3925078,,,Nodo 1553059316
1553059664,-24.7878839,-65.392426,,,Nodo 1553059664
1553059643,-24.7878218,-65.3923215,,,Nodo 1553059643
7684407685,-24.7877857,-65.3922804,,,Nodo 7684407685
1553059705,-24.787739,-65.3922451,,,Nodo 1553059705
1553059443,-24.7876441,-65.3922303,,,Nodo 1553059443
1553059439,-24.7873652,-65.392237,,,Nodo 1553059439
1553059596,-24.7871996,-65.3922531,,,Nodo 1553059596
1553059401,-24.7871363,-65.3922826,,,Nodo 1553059401
6067604753,-24.7871047,-65.3923322,,,Nodo 6067604753
1553059502,-24.7870986,-65.3923993,,,Nodo 1553059502
1553059426,-24.7871132,-65.3924519,,,Nodo 1553059426
1553059481,-24.7871741,-65.3925025,,,Nodo 1553059481
1553059425,-24.7872519,-65.3925321,,,Nodo 1553059425
1553059559,-24.787391,-65.3925364,,,Nodo 1553059559
1553059615,-24.7875785,-65.3925342,,,Nodo 1553059615
11280289118,-24.7876507,-65.3925482,,,Nodo 11280289118
1553059437,-24.7877229,-65.3926047,,,Nodo 1553059437
1553059434,-24.7877815,-65.3926939,,,Nodo 1553059434
1553059639,-24.7878403,-65.3927975,,,Nodo 1553059639
1553059494,-24.7879439,-65.3929485,,,Nodo 1553059494
1553059395,-24.788063,-65.3930947,,,Nodo 1553059395
1553059526,-24.7883466,-65.3933554,,,Nodo 1553059526
1553059701,-24.7884732,-65.3934936,,,Nodo 1553059701
1553059584,-24.7885686,-65.3936573,,,Nodo 1553059584
1553059364,-24.7886193,-65.3937403,,,Nodo 1553059364
1188226909,-24.7887742,-65.393939,,,Nodo 1188226909
1553059607,-24.7888385,-65.3940005,,,Nodo 1553059607
1553059349,-24.7889278,-65.394057,,,Nodo 1553059349
1553059429,-24.7890798,-65.3940957,,,Nodo 1553059429
7684406582,-24.7892014,-65.3941067,,,Nodo 7684406582
1553059611,-24.7893919,-65.3940932,,,Nodo 1553059611
1553059511,-24.7896712,-65.3940782,,,Nodo 1553059511
1553059421,-24.7899637,-65.3940636,,,Nodo 1553059421
1553059466,-24.7902364,-65.3940582,,,Nodo 1553059466
1553059609,-24.7907207,-65.3940488,,,Nodo 1553059609
1553059374,-24.7909034,-65.3940514,,,Nodo 1553059374
12259994791,-24.7909875,-65.3940659,,,Nodo 12259994791
1553059330,-24.7910716,-65.3940904,,,Nodo 1553059330
1553059687,-24.7912302,-65.3941688,,,Nodo 1553059687
12259994789,-24.7912834,-65.3942001,,,Nodo 12259994789
1553059400,-24.7913503,-65.3941961,,,Nodo 1553059400
1553059402,-24.7914551,-65.3941748,,,Nodo 1553059402
12877511766,-24.7914964,-65.3941366,,,Nodo 12877511766
1553059610,-24.7915304,-65.3941051,,,Nodo 1553059610
1553059649,-24.7915705,-65.3939829,,,Nodo 1553059649
12259994790,-24.7915732,-65.3938991,,,Nodo 12259994790
1553059315,-24.7915621,-65.39379,,,Nodo 1553059315
1553059536,-24.7915268,-65.3936209,,,Nodo 1553059536
1553059372,-24.791488,-65.3933608,,,Nodo 1553059372
1553059617,-24.7914795,-65.3931141,,,Nodo 1553059617
1553059313,-24.7914683,-65.3928981,,,Nodo 1553059313
1553059593,-24.7914769,-65.3926748,,,Nodo 1553059593
1553059640,-24.7914966,-65.3924836,,,Nodo 1553059640
1553059674,-24.7915635,-65.3922437,,,Nodo 1553059674
1553059613,-24.7916269,-65.3920175,,,Nodo 1553059613
1553059637,-24.7916573,-65.3918627,,,Nodo 1553059637
1553059361,-24.7916655,-65.3916737,,,Nodo 1553059361
1553059709,-24.7916728,-65.3915248,,,Nodo 1553059709
1553059482,-24.7916731,-65.3913009,,,Nodo 1553059482
1553059480,-24.7916777,-65.3911547,,,Nodo 1553059480
7684406578,-24.7916783,-65.3910283,,,Nodo 7684406578
1553059317,-24.7916889,-65.3909092,,,Nodo 1553059317
1553059550,-24.7917338,-65.3907981,,,Nodo 1553059550
7684406579,-24.7918242,-65.3906398,,,Nodo 7684406579
7684406580,-24.7918977,-65.390517,,,Nodo 7684406580
1553059579,-24.7920045,-65.3903414,,,Nodo 1553059579
7684406581,-24.7920822,-65.3902019,,,Nodo 7684406581
1553059587,-24.7922173,-65.3900134,,,Nodo 1553059587
1553059634,-24.7923955,-65.3898115,,,Nodo 1553059634
1553059451,-24.7924978,-65.3897048,,,Nodo 1553059451
7684406577,-24.7925863,-65.389621,,,Nodo 7684406577
1553059474,-24.7926727,-65.3895386,,,Nodo 1553059474
1553059503,-24.7927995,-65.3894643,,,Nodo 1553059503
1553059720,-24.793034,-65.3893763,,,Nodo 1553059720
1553059461,-24.7932411,-65.3893118,,,Nodo 1553059461
1553059684,-24.7934491,-65.3892342,,,Nodo 1553059684
1553059545,-24.7936248,-65.3891538,,,Nodo 1553059545
1553059327,-24.7938826,-65.3890063,,,Nodo 1553059327
1553059703,-24.7940533,-65.3889445,,,Nodo 1553059703
1553059708,-24.7941324,-65.3888868,,,Nodo 1553059708
1553059675,-24.7942154,-65.388784,,,Nodo 1553059675
7684406576,-24.7942481,-65.3886963,,,Nodo 7684406576
1553059510,-24.7942467,-65.3885778,,,Nodo 1553059510
1553059508,-24.7942347,-65.3884142,,,Nodo 1553059508
1553059351,-24.7942584,-65.3883402,,,Nodo 1553059351
1553059328,-24.794298,-65.3882753,,,Nodo 1553059328
1553059396,-24.7943857,-65.3882163,,,Nodo 1553059396
1553059359,-24.7944612,-65.3881841,,,Nodo 1553059359
1553059563,-24.7945476,-65.3881627,,,Nodo 1553059563
1553059333,-24.7946572,-65.3881493,,,Nodo 1553059333
1553059525,-24.7948675,-65.3881438,,,Nodo 1553059525
1553059519,-24.7953085,-65.3881643,,,Nodo 1553059519
1553059560,-24.7954848,-65.3881761,,,Nodo 1553059560
1553059380,-24.7956025,-65.3881808,,,Nodo 1553059380
7684406575,-24.7956585,-65.3881926,,,Nodo 7684406575
7684406574,-24.7957003,-65.3882201,,,Nodo 7684406574
1553059334,-24.7957197,-65.3882435,,,Nodo 1553059334
8138806472,-24.7957282,-65.3882794,,,Nodo 8138806472
1553059505,-24.795709,-65.3883284,,,Nodo 1553059505
1553059538,-24.7956628,-65.3883444,,,Nodo 1553059538
1553059528,-24.7956005,-65.3883551,,,Nodo 1553059528
1553059706,-24.7955349,-65.3883557,,,Nodo 1553059706
1553059441,-24.7954699,-65.3883362,,,Nodo 1553059441
1553059574,-24.795398,-65.3883281,,,Nodo 1553059574
1553059449,-24.7951941,-65.3883397,,,Nodo 1553059449
1553059345,-24.7948806,-65.3883653,,,Nodo 1553059345
1553059489,-24.7947725,-65.3883888,,,Nodo 1553059489
1553059492,-24.794677,-65.3884288,,,Nodo 1553059492
1553059530,-24.7945973,-65.3885006,,,Nodo 1553059530
7684406573,-24.7945474,-65.3885711,,,Nodo 7684406573
1553059471,-24.7945179,-65.3886432,,,Nodo 1553059471
1553059588,-24.7945123,-65.3887581,,,Nodo 1553059588
1553059521,-24.7945209,-65.3888459,,,Nodo 1553059521
1553059325,-24.7945368,-65.3890291,,,Nodo 1553059325
1553059501,-24.7945241,-65.389147,,,Nodo 1553059501
1553059307,-24.794476,-65.3892362,,,Nodo 1553059307
1553059632,-24.7944079,-65.3893146,,,Nodo 1553059632
1553059397,-24.7943072,-65.389408,,,Nodo 1553059397
1553059685,-24.7941923,-65.3894943,,,Nodo 1553059685
1553059428,-24.794098,-65.3895851,,,Nodo 1553059428
1553059681,-24.79399,-65.3896593,,,Nodo 1553059681
1553059669,-24.79384,-65.3897545,,,Nodo 1553059669
1553059398,-24.7935835,-65.3899067,,,Nodo 1553059398
1553059337,-24.793501,-65.3899778,,,Nodo 1553059337
1553059616,-24.7934577,-65.3900308,,,Nodo 1553059616
1553059469,-24.7934253,-65.3901107,,,Nodo 1553059469
1553059423,-24.7934334,-65.3901904,,,Nodo 1553059423
1553059310,-24.7934671,-65.3903242,,,Nodo 1553059310
1553059357,-24.7934737,-65.3904224,,,Nodo 1553059357
1553059463,-24.7934336,-65.390574,,,Nodo 1553059463
1553059540,-24.7933834,-65.3906799,,,Nodo 1553059540
1553059370,-24.7933027,-65.3908025,,,Nodo 1553059370
1553059414,-24.7932254,-65.3908999,,,Nodo 1553059414
1553059570,-24.7931158,-65.3910205,,,Nodo 1553059570
1553059542,-24.792996,-65.3911393,,,Nodo 1553059542
1553059369,-24.7928916,-65.3911906,,,Nodo 1553059369
1553059445,-24.7927883,-65.3912258,,,Nodo 1553059445
1553059662,-24.7927262,-65.3912344,,,Nodo 1553059662
7684406572,-24.7926839,-65.3912647,,,Nodo 7684406572
1553059419,-24.7926622,-65.3913145,,,Nodo 1553059419
1553059504,-24.7926738,-65.3913558,,,Nodo 1553059504
8138806471,-24.7927201,-65.3913829,,,Nodo 8138806471
1553059476,-24.7927871,-65.391384,,,Nodo 1553059476
7684406571,-24.792886,-65.3913531,,,Nodo 7684406571
1553059354,-24.7930622,-65.3912647,,,Nodo 1553059354
1553059323,-24.7932422,-65.3911735,,,Nodo 1553059323
1553059677,-24.7933992,-65.3911037,,,Nodo 1553059677
12259994788,-24.7935017,-65.3910541,,,Nodo 12259994788
1553059382,-24.7935675,-65.3910045,,,Nodo 1553059382
7684406570,-24.7936491,-65.3909088,,,Nodo 7684406570
1553059527,-24.7937036,-65.3908247,,,Nodo 1553059527
1553059552,-24.7937696,-65.3906826,,,Nodo 1553059552
1553059557,-24.7937864,-65.3905472,,,Nodo 1553059557
1553059647,-24.7937838,-65.3903921,,,Nodo 1553059647
1553059507,-24.7938013,-65.3902829,,,Nodo 1553059507
7684406569,-24.793835,-65.3902097,,,Nodo 7684406569
1553059678,-24.7938947,-65.3901502,,,Nodo 1553059678
1553059652,-24.7939819,-65.3901156,,,Nodo 1553059652
1260407741,-24.7940769,-65.3901153,,,Nodo 1260407741
1260407739,-24.7942857,-65.3901476,,,Nodo 1260407739
1260407743,-24.7944482,-65.3901917,,,Nodo 1260407743
1260407806,-24.794567,-65.3902039,,,Nodo 1260407806
1260407804,-24.7946596,-65.3901905,,,Nodo 1260407804
1260407799,-24.7947423,-65.3901382,,,Nodo 1260407799
1260407801,-24.7948081,-65.3900483,,,Nodo 1260407801
1260407800,-24.7948762,-65.389937,,,Nodo 1260407800
1260407798,-24.7949421,-65.3897932,,,Nodo 1260407798
1260407802,-24.794991,-65.3896387,,,Nodo 1260407802
8138806470,-24.7950255,-65.3895412,,,Nodo 8138806470
1260407773,-24.7950623,-65.3894918,,,Nodo 1260407773
8138806469,-24.7950977,-65.3894715,,,Nodo 8138806469
1260407805,-24.7951419,-65.3894641,,,Nodo 1260407805
8138806468,-24.7951924,-65.3894797,,,Nodo 8138806468
1260407803,-24.7952469,-65.3895199,,,Nodo 1260407803
12259994787,-24.7953769,-65.3896858,,,Nodo 12259994787
1260407747,-24.7955183,-65.3898593,,,Nodo 1260407747
1260407796,-24.7957775,-65.3901572,,,Nodo 1260407796
12259994786,-24.7958344,-65.3902091,,,Nodo 12259994786
1260407792,-24.7958868,-65.3902307,,,Nodo 1260407792
8138806467,-24.7959586,-65.3902413,,,Nodo 8138806467
1260407807,-24.7960667,-65.3902263,,,Nodo 1260407807
1260407797,-24.7963458,-65.390169,,,Nodo 1260407797
1260407795,-24.7965345,-65.3901425,,,Nodo 1260407795
1260407793,-24.7967244,-65.3901274,,,Nodo 1260407793
12287227901,-24.7968658,-65.3901294,,,Nodo 12287227901
1260407788,-24.7970762,-65.3901314,,,Nodo 1260407788
1260407790,-24.7975986,-65.3901538,,,Nodo 1260407790
1260407786,-24.7977153,-65.3901596,,,Nodo 1260407786
12259994797,-24.7977902,-65.3901522,,,Nodo 12259994797
1260407791,-24.797848,-65.3901448,,,Nodo 1260407791
1260407789,-24.7979917,-65.390102,,,Nodo 1260407789
1260407787,-24.7981159,-65.3900469,,,Nodo 1260407787
1260407785,-24.798245,-65.3899598,,,Nodo 1260407785
1260407783,-24.7983557,-65.3898538,,,Nodo 1260407783
1260407762,-24.7985079,-65.3896728,,,Nodo 1260407762
11280378945,-24.7985535,-65.3896027,,,Nodo 11280378945
1260407760,-24.7985907,-65.389528,,,Nodo 1260407760
1260407764,-24.7986148,-65.3894516,,,Nodo 1260407764
1260407770,-24.7986637,-65.3892275,,,Nodo 1260407770
12877511778,-24.7986753,-65.3891619,,,Nodo 12877511778
1260407757,-24.7986832,-65.3891176,,,Nodo 1260407757
1260407766,-24.7987051,-65.3890317,,,Nodo 1260407766
1260407767,-24.7987319,-65.3889781,,,Nodo 1260407767
1260407768,-24.798766,-65.388954,,,Nodo 1260407768
1260407755,-24.798822,-65.3889298,,,Nodo 1260407755
1260407763,-24.7988804,-65.3889245,,,Nodo 1260407763
13241688452,-24.7989586,-65.388939,,,Nodo 13241688452
13241688453,-24.799006,-65.3889604,,,Nodo 13241688453
13241688454,-24.7990476,-65.3889817,,,Nodo 13241688454
1260351965,-24.7951651,-65.3984331,,,Nodo 1260351965
1260427710,-24.7950248,-65.3983987,,,Nodo 1260427710
1260427715,-24.7947877,-65.3983091,,,Nodo 1260427715
1260427711,-24.7942958,-65.3981389,,,Nodo 1260427711
1260427714,-24.7939594,-65.3980284,,,Nodo 1260427714
1260427712,-24.7938506,-65.3980055,,,Nodo 1260427712
446390858,-24.7940997,-65.4000353,,,Nodo 446390858
12872347563,-24.7940269,-65.4001042,,,Nodo 12872347563
1260438511,-24.7935043,-65.4005987,,,Nodo 1260438511
12259994706,-24.7932416,-65.4008589,,,Nodo 12259994706
1260431119,-24.7930869,-65.4010102,,,Nodo 1260431119
12872322239,-24.793056,-65.4010404,,,Nodo 12872322239
12259994710,-24.7928258,-65.4012185,,,Nodo 12259994710
12259994712,-24.7927439,-65.4012742,,,Nodo 12259994712
1260428341,-24.7926307,-65.4013331,,,Nodo 1260428341
446376371,-24.7924888,-65.4014067,,,Nodo 446376371
12259994713,-24.7923942,-65.4014475,,,Nodo 12259994713
1260428343,-24.7920033,-65.4015951,,,Nodo 1260428343
12259994685,-24.7919364,-65.4016099,,,Nodo 12259994685
12882427076,-24.7919122,-65.4016129,,,Nodo 12882427076
1260428344,-24.7918782,-65.4016171,,,Nodo 1260428344
12882427088,-24.7916317,-65.4016351,,,Nodo 12882427088
1260438015,-24.7911153,-65.4016704,,,Nodo 1260438015
6096841894,-24.7908272,-65.4016983,,,Nodo 6096841894
12259994656,-24.7906571,-65.4017139,,,Nodo 12259994656
12882427107,-24.7903854,-65.4017503,,,Nodo 12882427107
446376367,-24.7902842,-65.4017638,,,Nodo 446376367
11280289115,-24.7942665,-65.3991563,,,Nodo 11280289115
12259994699,-24.7942585,-65.3991773,,,Nodo 12259994699
12259994698,-24.7942581,-65.3991983,,,Nodo 12259994698
3917293114,-24.7942663,-65.3992102,,,Nodo 3917293114
3917293116,-24.7945492,-65.3994634,,,Nodo 3917293116
12259994693,-24.7945677,-65.3994825,,,Nodo 12259994693
1260428142,-24.7945922,-65.39954,,,Nodo 1260428142
12259994784,-24.7950506,-65.3911789,,,Nodo 12259994784
12259994785,-24.7951859,-65.3911702,,,Nodo 12259994785
12259994777,-24.7952529,-65.3911616,,,Nodo 12259994777
12259994776,-24.7954766,-65.3911129,,,Nodo 12259994776
12259994775,-24.7955251,-65.3911271,,,Nodo 12259994775
3917170716,-24.79555,-65.3911616,,,Nodo 3917170716
7681388442,-24.795557,-65.3912077,,,Nodo 7681388442
1260429782,-24.7955514,-65.3912662,,,Nodo 1260429782
1260429779,-24.7955213,-65.391426,,,Nodo 1260429779
7029422221,-24.7954994,-65.3916992,,,Nodo 7029422221
12259994766,-24.7955036,-65.3917803,,,Nodo 12259994766
1260429781,-24.7955163,-65.3918395,,,Nodo 1260429781
11280378928,-24.7955385,-65.391898,,,Nodo 11280378928
1260429783,-24.7956141,-65.3919995,,,Nodo 1260429783
2068540710,-24.7955171,-65.4015638,,,Nodo 2068540710
2068540716,-24.7955382,-65.4014671,,,Nodo 2068540716
7686443986,-24.7955608,-65.401416,,,Nodo 7686443986
1260431089,-24.7956049,-65.4013068,,,Nodo 1260431089
12872347606,-24.7956174,-65.4012091,,,Nodo 12872347606
1260431088,-24.795619,-65.4011153,,,Nodo 1260431088
12875844253,-24.7956057,-65.401057,,,Nodo 12875844253
1260431087,-24.7955963,-65.4010156,,,Nodo 1260431087
1260431090,-24.79554,-65.4009255,,,Nodo 1260431090
1260431083,-24.7954883,-65.4008566,,,Nodo 1260431083
12873890211,-24.7954292,-65.4007896,,,Nodo 12873890211
1260431082,-24.7952322,-65.4006301,,,Nodo 1260431082
12872322262,-24.7952103,-65.4005908,,,Nodo 12872322262
1260431075,-24.7951995,-65.4005488,,,Nodo 1260431075
1260431110,-24.7932874,-65.4011494,,,Nodo 1260431110
12259994707,-24.79332,-65.4010962,,,Nodo 12259994707
1260431106,-24.7933264,-65.401058,,,Nodo 1260431106
1260431113,-24.79332,-65.4010191,,,Nodo 1260431113
1260431115,-24.7933071,-65.400989,,,Nodo 1260431115
7681050343,-24.7932896,-65.4009754,,,Nodo 7681050343
1260431105,-24.793253,-65.4009469,,,Nodo 1260431105
3916353491,-24.7932172,-65.400943,,,Nodo 3916353491
3916353490,-24.7931946,-65.4009503,,,Nodo 3916353490
11877258532,-24.7883956,-65.4130204,,,Nodo 11877258532
567058872,-24.7883474,-65.4136067,,,Nodo 567058872
11747705611,-24.7882226,-65.4153596,,,Nodo 11747705611
571784157,-24.7881426,-65.4163355,,,Nodo 571784157
11747705612,-24.7881191,-65.4166516,,,Nodo 11747705612
11747705617,-24.7881055,-65.4168355,,,Nodo 11747705617
1167270390,-24.7878354,-65.4205302,,,Nodo 1167270390
1167270479,-24.7877349,-65.4218993,,,Nodo 1167270479
1824867768,-24.7876928,-65.4226043,,,Nodo 1824867768
1167270393,-24.787652,-65.4233108,,,Nodo 1167270393
4240571032,-24.7875846,-65.4240646,,,Nodo 4240571032
3954626667,-24.7875427,-65.4247047,,,Nodo 3954626667
392350367,-24.7873483,-65.4274689,,,Nodo 392350367
2052323087,-24.7872964,-65.4281609,,,Nodo 2052323087
1390858540,-24.7872406,-65.4288541,,,Nodo 1390858540
1390673961,-24.7872008,-65.4294122,,,Nodo 1390673961
1390944724,-24.787165,-65.4302504,,,Nodo 1390944724
2052323083,-24.7871174,-65.4308783,,,Nodo 2052323083
1824867767,-24.7870575,-65.4316675,,,Nodo 1824867767
1824867766,-24.7870077,-65.4323219,,,Nodo 1824867766
1824867765,-24.7869611,-65.4330295,,,Nodo 1824867765
1167269821,-24.7868515,-65.4344027,,,Nodo 1167269821
1167270023,-24.7867724,-65.4357918,,,Nodo 1167270023
1167270032,-24.7867511,-65.4360866,,,Nodo 1167270032
446390856,-24.7882708,-65.4021184,,,Nodo 446390856
12882427160,-24.7882847,-65.402026,,,Nodo 12882427160
1176386766,-24.7884261,-65.4009443,,,Nodo 1176386766
446390855,-24.7886205,-65.3993516,,,Nodo 446390855
1167270298,-24.7868065,-65.4023777,,,Nodo 1167270298
7681050334,-24.7868083,-65.4024479,,,Nodo 7681050334
1260437106,-24.786813,-65.4025802,,,Nodo 1260437106
392350352,-24.7876419,-65.40673,,,Nodo 392350352
1260437531,-24.7876121,-65.4066085,,,Nodo 1260437531
1260437524,-24.7875626,-65.4064661,,,Nodo 1260437524
1260437525,-24.7875139,-65.4063443,,,Nodo 1260437525
1260437522,-24.7874757,-65.4062515,,,Nodo 1260437522
1260437526,-24.7874395,-65.4061848,,,Nodo 1260437526
1260437527,-24.7873943,-65.4060952,,,Nodo 1260437527
1260437523,-24.7873491,-65.4060185,,,Nodo 1260437523
1260437546,-24.7872147,-65.4058482,,,Nodo 1260437546
1260437094,-24.7910259,-65.4005074,,,Nodo 1260437094
1260431108,-24.7935249,-65.4009591,,,Nodo 1260431108
3916353494,-24.7936661,-65.4007567,,,Nodo 3916353494
3916353495,-24.7936743,-65.4007047,,,Nodo 3916353495
1260438516,-24.7936658,-65.4006727,,,Nodo 1260438516
7681050342,-24.7936444,-65.4006475,,,Nodo 7681050342
1260438513,-24.7936219,-65.400616,,,Nodo 1260438513
1260438510,-24.7935874,-65.4005912,,,Nodo 1260438510
3916353493,-24.7935542,-65.4005878,,,Nodo 3916353493
1176386775,-24.7799718,-65.4013134,,,Nodo 1176386775
12887932920,-24.7799331,-65.4019503,,,Nodo 12887932920
11418685881,-24.7798657,-65.4030602,,,Nodo 11418685881
12887932926,-24.7798537,-65.4031817,,,Nodo 12887932926
1260442992,-24.7798514,-65.4032048,,,Nodo 1260442992
1260442990,-24.7798426,-65.4032499,,,Nodo 1260442990
6096841888,-24.7798233,-65.4032889,,,Nodo 6096841888
1771508502,-24.7722201,-65.4009565,,,Nodo 1771508502
1771508512,-24.7730915,-65.4010459,,,Nodo 1771508512
1260445236,-24.7740545,-65.4011415,,,Nodo 1260445236
1260445234,-24.7742226,-65.4011316,,,Nodo 1260445234
1260445230,-24.7743593,-65.4011095,,,Nodo 1260445230
430557364,-24.7746988,-65.4002147,,,Nodo 430557364
3902947984,-24.7746771,-65.4001641,,,Nodo 3902947984
1260445231,-24.7746037,-65.4000155,,,Nodo 1260445231
1454272005,-24.7743976,-65.3996175,,,Nodo 1454272005
12254108861,-24.7742904,-65.3993954,,,Nodo 12254108861
12254108829,-24.7740651,-65.3989234,,,Nodo 12254108829
1454272006,-24.7739694,-65.3987132,,,Nodo 1454272006
12254108828,-24.7739303,-65.3986193,,,Nodo 12254108828
12254108827,-24.7738897,-65.3985069,,,Nodo 12254108827
1454272009,-24.7738507,-65.3983744,,,Nodo 1454272009
1454272002,-24.7738002,-65.3981631,,,Nodo 1454272002
392350307,-24.7775275,-65.4112093,,,Nodo 392350307
9118967665,-24.777554,-65.4112993,,,Nodo 9118967665
12887630854,-24.7778698,-65.4123711,,,Nodo 12887630854
1791264276,-24.7779349,-65.412592,,,Nodo 1791264276
1365441727,-24.8029573,-65.4163531,,,Nodo 1365441727
1365467436,-24.8027668,-65.4163316,,,Nodo 1365467436
1390825939,-24.8020958,-65.4162911,,,Nodo 1390825939
1015252983,-24.8036817,-65.416408,,,Nodo 1015252983
1365441722,-24.8034051,-65.417973,,,Nodo 1365441722
1365441729,-24.8035278,-65.4180301,,,Nodo 1365441729
484686355,-24.8026761,-65.4178373,,,Nodo 484686355
1365441718,-24.8031513,-65.4178892,,,Nodo 1365441718
7686432682,-24.8032717,-65.4179239,,,Nodo 7686432682
2537451812,-24.803666,-65.4181009,,,Nodo 2537451812
1390825960,-24.8038104,-65.4181959,,,Nodo 1390825960
1365441749,-24.8043435,-65.418565,,,Nodo 1365441749
1365441776,-24.8055534,-65.4193799,,,Nodo 1365441776
1392454728,-24.8058531,-65.4196084,,,Nodo 1392454728
1365442082,-24.8105622,-65.4186194,,,Nodo 1365442082
1390688820,-24.8104966,-65.4181813,,,Nodo 1390688820
1365442077,-24.8103966,-65.4175141,,,Nodo 1365442077
1365442075,-24.8102926,-65.4168304,,,Nodo 1365442075
1365442074,-24.8101958,-65.4161739,,,Nodo 1365442074
1365442070,-24.8100921,-65.4154823,,,Nodo 1365442070
1365442062,-24.8099858,-65.4147733,,,Nodo 1365442062
1365442060,-24.809886,-65.4141071,,,Nodo 1365442060
1365442052,-24.8097827,-65.4134179,,,Nodo 1365442052
1365442035,-24.8096781,-65.4127225,,,Nodo 1365442035
7686444025,-24.8095114,-65.4116177,,,Nodo 7686444025
7686444026,-24.8095153,-65.4113989,,,Nodo 7686444026
1365442000,-24.8092155,-65.4183939,,,Nodo 1365442000
1365441994,-24.8091128,-65.4177378,,,Nodo 1365441994
1365441986,-24.809013,-65.4170595,,,Nodo 1365441986
1365441978,-24.8089207,-65.4163897,,,Nodo 1365441978
1365441969,-24.808822,-65.415698,,,Nodo 1365441969
1365441964,-24.8087279,-65.4150177,,,Nodo 1365441964
1365441949,-24.808628,-65.4143191,,,Nodo 1365441949
1365441930,-24.8085242,-65.4136378,,,Nodo 1365441930
1365441928,-24.8084173,-65.4129489,,,Nodo 1365441928
1365441923,-24.808317,-65.4122609,,,Nodo 1365441923
8419694259,-24.8082215,-65.4116988,,,Nodo 8419694259
1365441919,-24.8081897,-65.4114258,,,Nodo 1365441919
1365441913,-24.8081568,-65.4108478,,,Nodo 1365441913
1365441839,-24.8069239,-65.4200752,,,Nodo 1365441839
6273351063,-24.8068278,-65.4198381,,,Nodo 6273351063
5018689840,-24.8067958,-65.4196478,,,Nodo 5018689840
1365441804,-24.8062575,-65.4175431,,,Nodo 1365441804
1365441770,-24.8052627,-65.4177476,,,Nodo 1365441770
8415593475,-24.8081554,-65.4107989,,,Nodo 8415593475
1365441908,-24.8081518,-65.4107006,,,Nodo 1365441908
1365441905,-24.8081496,-65.4106529,,,Nodo 1365441905
1365441832,-24.8068308,-65.4125027,,,Nodo 1365441832
1365441821,-24.806707,-65.4188865,,,Nodo 1365441821
1365441774,-24.8054803,-65.4190976,,,Nodo 1365441774
1365441784,-24.8055272,-65.4139316,,,Nodo 1365441784
1365441987,-24.8090486,-65.4128354,,,Nodo 1365441987
1365441972,-24.80884,-65.4114011,,,Nodo 1365441972
1365441845,-24.8070881,-65.4127933,,,Nodo 1365441845
1365441791,-24.8060071,-65.414079,,,Nodo 1365441791
1365441787,-24.8058046,-65.4138199,,,Nodo 1365441787
1365441789,-24.8058744,-65.4137791,,,Nodo 1365441789
1365441802,-24.8062167,-65.4134263,,,Nodo 1365441802
7799471550,-24.8072852,-65.4117917,,,Nodo 7799471550
1365441881,-24.8077334,-65.4110915,,,Nodo 1365441881
1365441889,-24.8078126,-65.4109719,,,Nodo 1365441889
1365441898,-24.8080276,-65.4108542,,,Nodo 1365441898
7686444035,-24.8083104,-65.410848,,,Nodo 7686444035
1365441926,-24.8084049,-65.4108534,,,Nodo 1365441926
7686444036,-24.8085578,-65.4108858,,,Nodo 7686444036
1365441954,-24.8086791,-65.4109298,,,Nodo 1365441954
7806159696,-24.8093448,-65.4112406,,,Nodo 7806159696
1365442008,-24.8093589,-65.4112472,,,Nodo 1365442008
7686444028,-24.8094162,-65.4112845,,,Nodo 7686444028
7686444029,-24.8094689,-65.4113346,,,Nodo 7686444029
7686444027,-24.809644,-65.4115776,,,Nodo 7686444027
1365441753,-24.804537,-65.4184994,,,Nodo 1365441753
1365441773,-24.8053705,-65.4183925,,,Nodo 1365441773
1365441847,-24.8072042,-65.4124677,,,Nodo 1365441847
1365441842,-24.8070447,-65.4124993,,,Nodo 1365441842
1365441806,-24.8064155,-65.4199598,,,Nodo 1365441806
3953899674,-24.8065541,-65.4199101,,,Nodo 3953899674
5018689841,-24.8066667,-65.4198611,,,Nodo 5018689841
6273351060,-24.8067375,-65.4197911,,,Nodo 6273351060
6273351062,-24.8067687,-65.4197215,,,Nodo 6273351062
1365442108,-24.810901,-65.4181138,,,Nodo 1365442108
1365442171,-24.8114222,-65.4173365,,,Nodo 1365442171
1365441863,-24.8074512,-65.4119403,,,Nodo 1365441863
4240242108,-24.8079375,-65.4115518,,,Nodo 4240242108
1365441807,-24.8065182,-65.4175023,,,Nodo 1365441807
1365441884,-24.8077509,-65.4172865,,,Nodo 1365441884
13713228751,-24.808313,-65.4171854,,,Nodo 13713228751
1365442180,-24.8115391,-65.4166018,,,Nodo 1365442180
3119079629,-24.8118264,-65.4165533,,,Nodo 3119079629
3119064728,-24.8119109,-65.4158377,,,Nodo 3119064728
1365442174,-24.8114575,-65.4159298,,,Nodo 1365442174
1365441871,-24.807549,-65.4159181,,,Nodo 1365441871
1365441805,-24.8063281,-65.4161393,,,Nodo 1365441805
1365441760,-24.8050771,-65.4163508,,,Nodo 1365441760
1365442115,-24.81086,-65.4132021,,,Nodo 1365442115
1365442215,-24.8118619,-65.4154702,,,Nodo 1365442215
7686444006,-24.8117686,-65.4154436,,,Nodo 7686444006
1365442198,-24.811663,-65.4154035,,,Nodo 1365442198
1365442177,-24.8113888,-65.4152421,,,Nodo 1365442177
1365442163,-24.8113455,-65.4152273,,,Nodo 1365442163
1365442148,-24.8112354,-65.4145443,,,Nodo 1365442148
1365441865,-24.8074487,-65.4152383,,,Nodo 1365441865
1365441800,-24.8062238,-65.4154545,,,Nodo 1365441800
1365442080,-24.8104719,-65.4125786,,,Nodo 1365442080
1365441846,-24.8071448,-65.4131776,,,Nodo 1365441846
1365441860,-24.8073472,-65.4145502,,,Nodo 1365441860
1365442140,-24.8111077,-65.4138815,,,Nodo 1365442140
1365441759,-24.8048729,-65.4149839,,,Nodo 1365441759
1170591273,-24.7979261,-65.4045357,,,Nodo 1170591273
1365467592,-24.8061788,-65.4131615,,,Nodo 1365467592
1365467581,-24.8061081,-65.4131887,,,Nodo 1365467581
1365467546,-24.8052542,-65.4132347,,,Nodo 1365467546
1365467543,-24.8051769,-65.4132902,,,Nodo 1365467543
1365467479,-24.803659,-65.4143698,,,Nodo 1365467479
1390825955,-24.8035616,-65.4144382,,,Nodo 1390825955
1365467469,-24.8035255,-65.414508,,,Nodo 1365467469
1365467455,-24.8032046,-65.4151441,,,Nodo 1365467455
8398987638,-24.8081598,-65.4037649,,,Nodo 8398987638
8398987616,-24.8080598,-65.4037758,,,Nodo 8398987616
1387614275,-24.8070081,-65.4038783,,,Nodo 1387614275
4240242099,-24.8063662,-65.4039413,,,Nodo 4240242099
1365467561,-24.80573,-65.4039967,,,Nodo 1365467561
1365467535,-24.8053284,-65.4040297,,,Nodo 1365467535
1365467510,-24.8044553,-65.4041111,,,Nodo 1365467510
1365467454,-24.803194,-65.4042309,,,Nodo 1365467454
1365467418,-24.8024321,-65.4042948,,,Nodo 1365467418
1365467390,-24.8019338,-65.4043311,,,Nodo 1365467390
1170591263,-24.8006293,-65.4044116,,,Nodo 1170591263
1170590998,-24.7991082,-65.4044888,,,Nodo 1170590998
12875844281,-24.795619,-65.4045489,,,Nodo 12875844281
12875844277,-24.7955324,-65.4045504,,,Nodo 12875844277
12875844278,-24.7954969,-65.4045509,,,Nodo 12875844278
12874338477,-24.7954506,-65.4045517,,,Nodo 12874338477
12874338475,-24.7954068,-65.4045524,,,Nodo 12874338475
1261033591,-24.7953251,-65.4045965,,,Nodo 1261033591
1551413589,-24.7979585,-65.398716,,,Nodo 1551413589
1551413590,-24.7973909,-65.3988921,,,Nodo 1551413590
1551413607,-24.7973858,-65.3992378,,,Nodo 1551413607
2463512461,-24.8080819,-65.4106533,,,Nodo 2463512461
2463512460,-24.8079328,-65.4107211,,,Nodo 2463512460
2463512459,-24.8078002,-65.4108145,,,Nodo 2463512459
2463512458,-24.8076929,-65.4108979,,,Nodo 2463512458
2463512457,-24.8075841,-65.4110291,,,Nodo 2463512457
8958417892,-24.8073103,-65.4111504,,,Nodo 8958417892
9300898814,-24.8072349,-65.4111647,,,Nodo 9300898814
4240242107,-24.8071033,-65.4111814,,,Nodo 4240242107
1365467653,-24.8069916,-65.4111699,,,Nodo 1365467653
1365467607,-24.8064003,-65.4110044,,,Nodo 1365467607
1365467567,-24.8058666,-65.4109112,,,Nodo 1365467567
1365467542,-24.8051689,-65.411007,,,Nodo 1365467542
1365467511,-24.8044898,-65.4109662,,,Nodo 1365467511
1365467490,-24.8038391,-65.4109203,,,Nodo 1365467490
1365467447,-24.8029962,-65.4108514,,,Nodo 1365467447
1365467433,-24.8025732,-65.4108119,,,Nodo 1365467433
1551413600,-24.7969641,-65.4004975,,,Nodo 1551413600
1551413597,-24.7974218,-65.4005229,,,Nodo 1551413597
1365467070,-24.7980281,-65.4005779,,,Nodo 1365467070
1170590674,-24.8054003,-65.4081279,,,Nodo 1170590674
1365467552,-24.8056317,-65.405305,,,Nodo 1365467552
1365467533,-24.805087,-65.397233,,,Nodo 1365467533
12287227703,-24.8051007,-65.397366,,,Nodo 12287227703
1365467530,-24.8050045,-65.3984263,,,Nodo 1365467530
1365467527,-24.8049388,-65.399114,,,Nodo 1365467527
1365467526,-24.8048574,-65.3997927,,,Nodo 1365467526
1365467521,-24.8047435,-65.4011699,,,Nodo 1365467521
1365467520,-24.8046733,-65.4018423,,,Nodo 1365467520
1387608901,-24.8046049,-65.4025447,,,Nodo 1387608901
1365467516,-24.8045109,-65.4033746,,,Nodo 1365467516
1365467512,-24.8044732,-65.4039101,,,Nodo 1365467512
1365467439,-24.8028678,-65.4010083,,,Nodo 1365467439
1365467435,-24.8027631,-65.4023955,,,Nodo 1365467435
1365467708,-24.8081335,-65.3993728,,,Nodo 1365467708
1365467664,-24.8073702,-65.3993094,,,Nodo 1365467664
1365467569,-24.8058856,-65.4019756,,,Nodo 1365467569
1365467481,-24.8037296,-65.4051753,,,Nodo 1365467481
1365467417,-24.8022714,-65.400321,,,Nodo 1365467417
1365467471,-24.8035457,-65.4004544,,,Nodo 1365467471
8421009372,-24.8081555,-65.4061641,,,Nodo 8421009372
8421009348,-24.8080789,-65.4061607,,,Nodo 8421009348
1365467633,-24.8068305,-65.406093,,,Nodo 1365467633
1365467583,-24.8060994,-65.3992003,,,Nodo 1365467583
1365467449,-24.8030541,-65.4058373,,,Nodo 1365467449
1365467367,-24.8017956,-65.4057453,,,Nodo 1365467367
1365467550,-24.8055645,-65.3984636,,,Nodo 1365467550
1365467554,-24.8056729,-65.3971542,,,Nodo 1365467554
1365467545,-24.8053311,-65.4012209,,,Nodo 1365467545
1365467548,-24.8054399,-65.399844,,,Nodo 1365467548
1365467307,-24.8011628,-65.414403,,,Nodo 1365467307
1365467415,-24.8022396,-65.4145258,,,Nodo 1365467415
1365467046,-24.7976159,-65.408206,,,Nodo 1365467046
1365467074,-24.7988362,-65.4082994,,,Nodo 1365467074
1365467150,-24.8001756,-65.4097526,,,Nodo 1365467150
1365467340,-24.8013917,-65.4098808,,,Nodo 1365467340
1365467705,-24.8081294,-65.4007549,,,Nodo 1365467705
1365467657,-24.8072636,-65.4006991,,,Nodo 1365467657
1365467403,-24.8022039,-65.4150371,,,Nodo 1365467403
8421009356,-24.8073018,-65.4104195,,,Nodo 8421009356
1365467608,-24.8064615,-65.4103346,,,Nodo 1365467608
1365467375,-24.8018269,-65.398163,,,Nodo 1365467375
1365467364,-24.8017167,-65.3995114,,,Nodo 1365467364
1365467353,-24.8015962,-65.4008936,,,Nodo 1365467353
1365467594,-24.8062678,-65.4053404,,,Nodo 1365467594
1365467576,-24.8060296,-65.4081717,,,Nodo 1365467576
1365467193,-24.8004465,-65.4133962,,,Nodo 1365467193
1365467184,-24.800323,-65.4148358,,,Nodo 1365467184
1365467347,-24.8015767,-65.4031763,,,Nodo 1365467347
1365467361,-24.8016646,-65.402289,,,Nodo 1365467361
1365467370,-24.8018008,-65.400915,,,Nodo 1365467370
8427252020,-24.8034813,-65.4093536,,,Nodo 8427252020
1365467477,-24.8036165,-65.407994,,,Nodo 1365467477
8427230114,-24.8052834,-65.4095865,,,Nodo 8427230114
8427230115,-24.8052909,-65.4094929,,,Nodo 8427230115
1170591074,-24.7996425,-65.4076752,,,Nodo 1170591074
2470253587,-24.8015148,-65.4128311,,,Nodo 2470253587
1365467420,-24.8023894,-65.4129109,,,Nodo 1365467420
1365467491,-24.8038345,-65.4130412,,,Nodo 1365467491
8427230113,-24.805978,-65.4096435,,,Nodo 8427230113
8427230112,-24.8059866,-65.4095452,,,Nodo 8427230112
1365467585,-24.8061068,-65.4081778,,,Nodo 1365467585
1365467257,-24.8008715,-65.40153,,,Nodo 1365467257
1551414624,-24.7996465,-65.401408,,,Nodo 1551414624
1365467066,-24.7979989,-65.4012744,,,Nodo 1365467066
1551413603,-24.7974348,-65.4012163,,,Nodo 1551413603
1551413604,-24.7969222,-65.401175,,,Nodo 1551413604
1365467628,-24.8065721,-65.4013199,,,Nodo 1365467628
1365467631,-24.8066836,-65.3999472,,,Nodo 1365467631
1365467632,-24.8067895,-65.3985779,,,Nodo 1365467632
1365467636,-24.806908,-65.3971766,,,Nodo 1365467636
4240242096,-24.8069136,-65.3969646,,,Nodo 4240242096
1365467597,-24.8062619,-65.3970709,,,Nodo 1365467597
12287227718,-24.8063284,-65.3971235,,,Nodo 12287227718
4240242097,-24.806365,-65.3971374,,,Nodo 4240242097
1365467682,-24.8075454,-65.3972503,,,Nodo 1365467682
1365467686,-24.8081318,-65.3972956,,,Nodo 1365467686
8421009336,-24.8073191,-65.4097527,,,Nodo 8421009336
8421009347,-24.8073237,-65.4096452,,,Nodo 8421009347
1170590952,-24.8073722,-65.4082728,,,Nodo 1170590952
1365467230,-24.8007171,-65.403281,,,Nodo 1365467230
1365467397,-24.8020275,-65.4031117,,,Nodo 1365467397
1390673965,-24.8033282,-65.4027333,,,Nodo 1390673965
4240242098,-24.8038801,-65.4025879,,,Nodo 4240242098
1365467499,-24.8039523,-65.4024955,,,Nodo 1365467499
7686443998,-24.804011,-65.4024096,,,Nodo 7686443998
1365467501,-24.8041141,-65.4011098,,,Nodo 1365467501
1365467503,-24.8042376,-65.3997179,,,Nodo 1365467503
1365467509,-24.8043611,-65.3983591,,,Nodo 1365467509
12287227704,-24.8044728,-65.3974192,,,Nodo 12287227704
1365467514,-24.8044658,-65.3973127,,,Nodo 1365467514
8427230116,-24.8046115,-65.4095318,,,Nodo 8427230116
8427252017,-24.8046192,-65.4094411,,,Nodo 8427252017
1170590922,-24.8047349,-65.4080776,,,Nodo 1170590922
1365467528,-24.8049736,-65.4052645,,,Nodo 1365467528
1365467154,-24.8000935,-65.3979182,,,Nodo 1365467154
1390775446,-24.8001905,-65.3980142,,,Nodo 1390775446
1365467156,-24.8003207,-65.3980369,,,Nodo 1365467156
1551414626,-24.8009854,-65.3981144,,,Nodo 1551414626
1365467315,-24.8011446,-65.3981311,,,Nodo 1365467315
1365467422,-24.8024886,-65.3982099,,,Nodo 1365467422
1365467482,-24.8037569,-65.398308,,,Nodo 1365467482
1365467713,-24.8081319,-65.3986877,,,Nodo 1365467713
1390825967,-24.8088246,-65.3987502,,,Nodo 1390825967
1390785561,-24.8094613,-65.3988006,,,Nodo 1390785561
1390785574,-24.8100925,-65.3988488,,,Nodo 1390785574
1390775448,-24.8107293,-65.3989044,,,Nodo 1390775448
3242559803,-24.8113531,-65.3989659,,,Nodo 3242559803
1390785596,-24.811986,-65.399023,,,Nodo 1390785596
3242559806,-24.8126176,-65.399073,,,Nodo 3242559806
1390775449,-24.812919,-65.3990969,,,Nodo 1390775449
1387598410,-24.7988273,-65.4034252,,,Nodo 1387598410
4240242141,-24.7999316,-65.4035161,,,Nodo 4240242141
1365467226,-24.8006935,-65.4035738,,,Nodo 1365467226
1365467393,-24.8019802,-65.4036926,,,Nodo 1365467393
1365467467,-24.8032323,-65.4037934,,,Nodo 1365467467
12884512103,-24.7744271,-65.4163801,,,Nodo 12884512103
1167270086,-24.7744197,-65.4164859,,,Nodo 1167270086
4990034988,-24.7705325,-65.4119635,,,Nodo 4990034988
12253568167,-24.7705138,-65.4120458,,,Nodo 12253568167
4236827701,-24.7705003,-65.412094,,,Nodo 4236827701
1387553554,-24.7704931,-65.4121454,,,Nodo 1387553554
12253568165,-24.7704922,-65.4122096,,,Nodo 12253568165
1387553558,-24.7705029,-65.4122576,,,Nodo 1387553558
1387553561,-24.7705597,-65.4123389,,,Nodo 1387553561
12253568177,-24.7706101,-65.4123638,,,Nodo 12253568177
1387553563,-24.7706668,-65.4123957,,,Nodo 1387553563
1387553564,-24.7707745,-65.4124522,,,Nodo 1387553564
1387553573,-24.7708305,-65.4124683,,,Nodo 1387553573
12253568179,-24.7709221,-65.4124873,,,Nodo 12253568179
1387553581,-24.7709862,-65.4124865,,,Nodo 1387553581
12253568180,-24.7710367,-65.4124759,,,Nodo 12253568180
11624973514,-24.7835196,-65.4117932,,,Nodo 11624973514
11624973504,-24.7824378,-65.4116923,,,Nodo 11624973504
392350318,-24.7823843,-65.4116873,,,Nodo 392350318
12884511899,-24.7812464,-65.4115389,,,Nodo 12884511899
5910349677,-24.7811681,-65.4115287,,,Nodo 5910349677
392350339,-24.7824667,-65.4103086,,,Nodo 392350339
11624973508,-24.7825231,-65.4103132,,,Nodo 11624973508
2068445554,-24.7830942,-65.4103602,,,Nodo 2068445554
11624973511,-24.7835969,-65.4104089,,,Nodo 11624973511
392350343,-24.7837131,-65.4104201,,,Nodo 392350343
11624973509,-24.7837559,-65.4104243,,,Nodo 11624973509
11303618786,-24.78447,-65.4104946,,,Nodo 11303618786
392350347,-24.7850033,-65.4105469,,,Nodo 392350347
392350351,-24.7863396,-65.4106886,,,Nodo 392350351
392350355,-24.7877121,-65.4108343,,,Nodo 392350355
567058879,-24.7835422,-65.4131584,,,Nodo 567058879
11624973512,-24.7837095,-65.4104799,,,Nodo 11624973512
2068445557,-24.7836433,-65.4115901,,,Nodo 2068445557
11624973515,-24.7836335,-65.4117113,,,Nodo 11624973515
11624973503,-24.7823906,-65.4115812,,,Nodo 11624973503
11624973507,-24.7824621,-65.4103863,,,Nodo 11624973507
11624973505,-24.782474,-65.4102025,,,Nodo 11624973505
5485258839,-24.782516,-65.4095968,,,Nodo 5485258839
5939416945,-24.7825427,-65.409145,,,Nodo 5939416945
392350338,-24.782555,-65.4089378,,,Nodo 392350338
392350337,-24.7826576,-65.4075564,,,Nodo 392350337
1387569564,-24.811214,-65.4138591,,,Nodo 1387569564
1365442168,-24.8113295,-65.4138379,,,Nodo 1365442168
1167270245,-24.7903542,-65.4205252,,,Nodo 1167270245
1167269991,-24.789164,-65.4204191,,,Nodo 1167269991
1167270491,-24.7891466,-65.420592,,,Nodo 1167270491
1167270077,-24.7865683,-65.4204656,,,Nodo 1167270077
1167270302,-24.7853858,-65.420352,,,Nodo 1167270302
1167269819,-24.7842926,-65.4202396,,,Nodo 1167269819
1167269959,-24.7830749,-65.4201101,,,Nodo 1167269959
4240571025,-24.7823177,-65.4200404,,,Nodo 4240571025
1167270317,-24.7818338,-65.4199931,,,Nodo 1167270317
5910349670,-24.780609,-65.4198824,,,Nodo 5910349670
1167269931,-24.780518,-65.4198712,,,Nodo 1167269931
1387598409,-24.7979979,-65.4023545,,,Nodo 1387598409
1387621151,-24.8010653,-65.4148911,,,Nodo 1387621151
1387621150,-24.8009529,-65.41488,,,Nodo 1387621150
1170590697,-24.7996641,-65.4147756,,,Nodo 1170590697
1365467262,-24.8009049,-65.4148764,,,Nodo 1365467262
1390703268,-24.7871229,-65.4058048,,,Nodo 1390703268
1390703266,-24.7870629,-65.4057899,,,Nodo 1390703266
1390703264,-24.7870224,-65.4057943,,,Nodo 1390703264
1390703262,-24.7869849,-65.405818,,,Nodo 1390703262
1167270305,-24.7869281,-65.4058612,,,Nodo 1167270305
1260437532,-24.7872795,-65.4024941,,,Nodo 1260437532
12259994602,-24.7874725,-65.4025383,,,Nodo 12259994602
12882427188,-24.7881314,-65.4025994,,,Nodo 12882427188
1260437542,-24.7882177,-65.4026074,,,Nodo 1260437542
12882427191,-24.7882643,-65.4026097,,,Nodo 12882427191
1260437833,-24.7891802,-65.402654,,,Nodo 1260437833
1260437832,-24.7902211,-65.4027179,,,Nodo 1260437832
1390712224,-24.7828155,-65.4237713,,,Nodo 1390712224
2052323018,-24.7822527,-65.4229865,,,Nodo 2052323018
1390712222,-24.7821271,-65.4228284,,,Nodo 1390712222
1390716832,-24.7798063,-65.4211712,,,Nodo 1390716832
1390716833,-24.779897,-65.4198389,,,Nodo 1390716833
1390775444,-24.8000922,-65.39937,,,Nodo 1390775444
1390785591,-24.8119525,-65.4086087,,,Nodo 1390785591
8421944935,-24.811907,-65.4086526,,,Nodo 8421944935
1390785584,-24.8109559,-65.4095698,,,Nodo 1390785584
1390785573,-24.8101203,-65.3974442,,,Nodo 1390785573
1390788620,-24.8100788,-65.4002425,,,Nodo 1390788620
1390788617,-24.8100655,-65.4010485,,,Nodo 1390788617
1390785603,-24.812298,-65.409274,,,Nodo 1390785603
8421864278,-24.8121969,-65.4093716,,,Nodo 8421864278
8421864296,-24.81162,-65.4099236,,,Nodo 8421864296
1390785587,-24.811524,-65.4100157,,,Nodo 1390785587
1390795675,-24.8102524,-65.404379,,,Nodo 1390795675
8416711852,-24.8102517,-65.4044507,,,Nodo 8416711852
8703252294,-24.8102477,-65.4055564,,,Nodo 8703252294
1390785575,-24.8102473,-65.4056091,,,Nodo 1390785575
8399048264,-24.8114633,-65.4100114,,,Nodo 8399048264
8421009335,-24.8109366,-65.4099719,,,Nodo 8421009335
8415593466,-24.8103495,-65.4099268,,,Nodo 8415593466
8421009375,-24.8081598,-65.4046453,,,Nodo 8421009375
8421009368,-24.8080837,-65.404641,,,Nodo 8421009368
1824889153,-24.8069543,-65.4045639,,,Nodo 1824889153
1390825973,-24.8101566,-65.4118182,,,Nodo 1390825973
7806159874,-24.81048,-65.4122069,,,Nodo 7806159874
2055464170,-24.8107691,-65.4125545,,,Nodo 2055464170
7686444021,-24.810902,-65.4127272,,,Nodo 7686444021
1390825978,-24.8110402,-65.4129571,,,Nodo 1390825978
2055464171,-24.8112066,-65.4133285,,,Nodo 2055464171
1390825979,-24.8113683,-65.4138304,,,Nodo 1390825979
2055464174,-24.8116382,-65.4147015,,,Nodo 2055464174
2055464209,-24.814308,-65.4026027,,,Nodo 2055464209
2135274846,-24.8136365,-65.4026082,,,Nodo 2135274846
1390825987,-24.8127202,-65.4026183,,,Nodo 1390825987
1390788631,-24.8119682,-65.402632,,,Nodo 1390788631
1390795680,-24.810901,-65.4026398,,,Nodo 1390795680
1390788622,-24.8107107,-65.4026425,,,Nodo 1390788622
8416711849,-24.8102422,-65.4026442,,,Nodo 8416711849
1390788613,-24.8100763,-65.4026462,,,Nodo 1390788613
1390788609,-24.8094456,-65.4026605,,,Nodo 1390788609
1390795673,-24.8094454,-65.4031997,,,Nodo 1390795673
8427358085,-24.8099484,-65.4032072,,,Nodo 8427358085
8416711848,-24.8102389,-65.4032116,,,Nodo 8416711848
8427351001,-24.8104177,-65.4032143,,,Nodo 8427351001
1390795682,-24.810909,-65.4032217,,,Nodo 1390795682
1390795701,-24.8119721,-65.403226,,,Nodo 1390795701
1390785585,-24.8110566,-65.4074618,,,Nodo 1390785585
8964419974,-24.811,-65.4075148,,,Nodo 8964419974
1390795679,-24.8102591,-65.4082079,,,Nodo 1390795679
7799471502,-24.8109269,-65.4070859,,,Nodo 7799471502
7799471501,-24.8109324,-65.4064806,,,Nodo 7799471501
1390795685,-24.8109325,-65.405653,,,Nodo 1390795685
1390825924,-24.7994591,-65.4172921,,,Nodo 1390825924
1390825923,-24.799474,-65.4171394,,,Nodo 1390825923
1365467101,-24.7994748,-65.4171113,,,Nodo 1365467101
1170591152,-24.7995559,-65.4161329,,,Nodo 1170591152
2537451813,-24.8038235,-65.4177964,,,Nodo 2537451813
1365441742,-24.803827,-65.4164517,,,Nodo 1365441742
2471309442,-24.8038697,-65.4161722,,,Nodo 2471309442
1390825961,-24.8039182,-65.4159519,,,Nodo 1390825961
6067663711,-24.8039763,-65.4157058,,,Nodo 6067663711
6067663710,-24.8040652,-65.4154676,,,Nodo 6067663710
1390825962,-24.8042202,-65.4151211,,,Nodo 1390825962
1390825947,-24.8028862,-65.4200969,,,Nodo 1390825947
1365441734,-24.8037259,-65.4151909,,,Nodo 1365441734
1365467472,-24.8035872,-65.4151759,,,Nodo 1365467472
1390825920,-24.7960839,-65.4198795,,,Nodo 1390825920
1390825919,-24.7960133,-65.4212614,,,Nodo 1390825919
1390825946,-24.8028661,-65.4143773,,,Nodo 1390825946
1390825949,-24.8029568,-65.4202242,,,Nodo 1390825949
1390825972,-24.8102312,-65.4114549,,,Nodo 1390825972
7799595929,-24.8112552,-65.411121,,,Nodo 7799595929
2055464172,-24.8113304,-65.4111258,,,Nodo 2055464172
1390825933,-24.8017571,-65.4237586,,,Nodo 1390825933
1390825934,-24.8017922,-65.4239642,,,Nodo 1390825934
7686432683,-24.8030252,-65.4203348,,,Nodo 7686432683
1211327756,-24.803339,-65.4238961,,,Nodo 1211327756
1392486562,-24.8033599,-65.424082,,,Nodo 1392486562
2065924269,-24.8034283,-65.4245536,,,Nodo 2065924269
1392570776,-24.8034907,-65.424966,,,Nodo 1392570776
1390825954,-24.8035179,-65.4252072,,,Nodo 1390825954
1390825968,-24.8088169,-65.4001304,,,Nodo 1390825968
1551414630,-24.8088459,-65.3973389,,,Nodo 1551414630
1390825937,-24.8020093,-65.4181965,,,Nodo 1390825937
1390825930,-24.800814,-65.4182892,,,Nodo 1390825930
8415593434,-24.8102646,-65.4086466,,,Nodo 8415593434
1390825977,-24.8105107,-65.4089778,,,Nodo 1390825977
1390825940,-24.8020836,-65.4186756,,,Nodo 1390825940
1390825936,-24.8019679,-65.4177624,,,Nodo 1390825936
8421009366,-24.8102094,-65.4099171,,,Nodo 8421009366
8421009334,-24.8102098,-65.4099965,,,Nodo 8421009334
7686444033,-24.8102357,-65.4116863,,,Nodo 7686444033
7686444034,-24.8102067,-65.4117668,,,Nodo 7686444034
8415593474,-24.8124206,-65.4072756,,,Nodo 8415593474
8415593457,-24.8123567,-65.4072725,,,Nodo 8415593457
8421864271,-24.8123366,-65.4072714,,,Nodo 8421864271
1390825980,-24.8115018,-65.4080437,,,Nodo 1390825980
1390825935,-24.801838,-65.4242408,,,Nodo 1390825935
2052323226,-24.8019383,-65.4248832,,,Nodo 2052323226
1390875895,-24.8020439,-65.4255223,,,Nodo 1390875895
2052323230,-24.8021609,-65.4261851,,,Nodo 2052323230
1390825942,-24.8022685,-65.426843,,,Nodo 1390825942
4240682118,-24.8027311,-65.4253753,,,Nodo 4240682118
4240682117,-24.8026385,-65.4247185,,,Nodo 4240682117
1390825945,-24.802551,-65.4240874,,,Nodo 1390825945
2065924256,-24.8024288,-65.4234469,,,Nodo 2065924256
2134281469,-24.8026253,-65.4226814,,,Nodo 2134281469
2065924259,-24.8027704,-65.421954,,,Nodo 2065924259
1390825948,-24.8029004,-65.4212645,,,Nodo 1390825948
1390825951,-24.8030463,-65.420525,,,Nodo 1390825951
1390825950,-24.8030507,-65.4204271,,,Nodo 1390825950
7686443887,-24.8030447,-65.4203834,,,Nodo 7686443887
7686443889,-24.8030415,-65.4203755,,,Nodo 7686443889
1390825929,-24.8007652,-65.4180205,,,Nodo 1390825929
6917297150,-24.7998459,-65.4182262,,,Nodo 6917297150
1390825927,-24.7995664,-65.4182887,,,Nodo 1390825927
3374876586,-24.7988745,-65.418456,,,Nodo 3374876586
1489824338,-24.7983448,-65.4185825,,,Nodo 1489824338
1390825922,-24.7980964,-65.4186372,,,Nodo 1390825922
1390825918,-24.7954741,-65.4189231,,,Nodo 1390825918
1170591175,-24.8026192,-65.418552,,,Nodo 1170591175
2052323238,-24.8025519,-65.4192247,,,Nodo 2052323238
2537451802,-24.8022762,-65.4207674,,,Nodo 2537451802
1390825941,-24.8022215,-65.4209766,,,Nodo 1390825941
7686443893,-24.802168,-65.4212108,,,Nodo 7686443893
3374849373,-24.8021254,-65.4214406,,,Nodo 3374849373
1365467437,-24.8028252,-65.415108,,,Nodo 1365467437
2052323220,-24.801505,-65.4222509,,,Nodo 2052323220
1211327776,-24.8013861,-65.4216032,,,Nodo 1211327776
1393656502,-24.8040318,-65.4273615,,,Nodo 1393656502
4240682120,-24.8040133,-65.4274032,,,Nodo 4240682120
1390875902,-24.8038784,-65.4275752,,,Nodo 1390875902
4240682125,-24.8037562,-65.4277387,,,Nodo 4240682125
7686443895,-24.8036898,-65.4278047,,,Nodo 7686443895
1392454694,-24.8036293,-65.4278518,,,Nodo 1392454694
11281803443,-24.8035867,-65.4278699,,,Nodo 11281803443
1392454689,-24.8033074,-65.427932,,,Nodo 1392454689
1392459426,-24.803005,-65.4280031,,,Nodo 1392459426
1390858565,-24.7973753,-65.4198028,,,Nodo 1390858565
1390858564,-24.7972863,-65.4211761,,,Nodo 1390858564
1211327763,-24.7972018,-65.4225719,,,Nodo 1211327763
1390858562,-24.79701,-65.4253498,,,Nodo 1390858562
1390875841,-24.7969279,-65.4266925,,,Nodo 1390875841
1390858561,-24.7968258,-65.4280733,,,Nodo 1390858561
1390858559,-24.7967245,-65.4294846,,,Nodo 1390858559
4240682121,-24.7968644,-65.4298918,,,Nodo 4240682121
1390875851,-24.8012683,-65.4243538,,,Nodo 1390875851
1390875854,-24.8014472,-65.4243162,,,Nodo 1390875854
1392459411,-24.8024343,-65.4241117,,,Nodo 1392459411
1392459415,-24.802643,-65.4253956,,,Nodo 1392459415
1390875849,-24.8008058,-65.4258001,,,Nodo 1390875849
1489824359,-24.7995707,-65.4260597,,,Nodo 1489824359
1393665892,-24.7986134,-65.4263153,,,Nodo 1393665892
1390875846,-24.7975866,-65.4265512,,,Nodo 1390875846
1390875706,-24.7774733,-65.4280045,,,Nodo 1390875706
1391039169,-24.7773746,-65.4293387,,,Nodo 1391039169
1392318126,-24.777339,-65.4299067,,,Nodo 1392318126
1392330416,-24.7773003,-65.4304345,,,Nodo 1392330416
2134281448,-24.7772412,-65.4313478,,,Nodo 2134281448
1390875700,-24.7771989,-65.4319739,,,Nodo 1390875700
1390875766,-24.778208,-65.4168799,,,Nodo 1390875766
6124295390,-24.7783008,-65.4153642,,,Nodo 6124295390
1390944720,-24.7847184,-65.4300407,,,Nodo 1390944720
4240571041,-24.7852997,-65.4300939,,,Nodo 4240571041
1390944722,-24.7859514,-65.4301667,,,Nodo 1390944722
1392330359,-24.7722276,-65.4298079,,,Nodo 1392330359
1392330361,-24.772322,-65.428738,,,Nodo 1392330361
1392330363,-24.7724328,-65.4273834,,,Nodo 1392330363
4890760996,-24.7726207,-65.4246159,,,Nodo 4890760996
2116945953,-24.7726705,-65.4239116,,,Nodo 2116945953
5910349668,-24.7805034,-65.4212509,,,Nodo 5910349668
1182784157,-24.7804284,-65.4212424,,,Nodo 1182784157
12886768060,-24.7803473,-65.4212331,,,Nodo 12886768060
1167270201,-24.7791851,-65.4211051,,,Nodo 1167270201
2077087075,-24.7785419,-65.4210333,,,Nodo 2077087075
1390875722,-24.7779268,-65.420975,,,Nodo 1390875722
1392271418,-24.7731523,-65.4163561,,,Nodo 1392271418
5919488293,-24.7731622,-65.4162,,,Nodo 5919488293
5939416953,-24.7732247,-65.4152208,,,Nodo 5939416953
11554795965,-24.7732289,-65.4151554,,,Nodo 11554795965
4990034986,-24.770449,-65.4118244,,,Nodo 4990034986
12253568166,-24.7704857,-65.4118532,,,Nodo 12253568166
1771986552,-24.7705034,-65.4118726,,,Nodo 1771986552
5003238956,-24.7705146,-65.4118957,,,Nodo 5003238956
5003238954,-24.7705239,-65.411919,,,Nodo 5003238954
3903403426,-24.7746909,-65.4315554,,,Nodo 3903403426
1392316139,-24.7747853,-65.4302138,,,Nodo 1392316139
1392316140,-24.7748583,-65.4290423,,,Nodo 1392316140
1392312383,-24.7756006,-65.4110066,,,Nodo 1392312383
1392312382,-24.774772,-65.4109273,,,Nodo 1392312382
1392312380,-24.7746391,-65.4129476,,,Nodo 1392312380
1392312384,-24.7759071,-65.4130699,,,Nodo 1392312384
1392316135,-24.77352,-65.4302507,,,Nodo 1392316135
2052322900,-24.7741481,-65.4302346,,,Nodo 2052322900
2052322922,-24.7754068,-65.4301849,,,Nodo 2052322922
1392316145,-24.7760508,-65.43016,,,Nodo 1392316145
6067596625,-24.7765034,-65.4234459,,,Nodo 6067596625
1392316152,-24.776494,-65.4235533,,,Nodo 1392316152
12886803300,-24.776487,-65.4236547,,,Nodo 12886803300
1392316151,-24.7763941,-65.4250036,,,Nodo 1392316151
1392316148,-24.7762053,-65.4278422,,,Nodo 1392316148
1392316146,-24.7761237,-65.4291952,,,Nodo 1392316146
1194373422,-24.7781134,-65.424464,,,Nodo 1194373422
1392318128,-24.7780692,-65.4251747,,,Nodo 1392318128
1392318186,-24.7791814,-65.4309853,,,Nodo 1392318186
3534053833,-24.7789021,-65.4309615,,,Nodo 3534053833
1392330428,-24.7786572,-65.430955,,,Nodo 1392330428
1392318124,-24.77607,-65.4299788,,,Nodo 1392318124
1392318148,-24.7785678,-65.4311194,,,Nodo 1392318148
1015253003,-24.7785153,-65.4314296,,,Nodo 1015253003
2052322966,-24.7784568,-65.4320808,,,Nodo 2052322966
2052322964,-24.7784524,-65.4321383,,,Nodo 2052322964
1015253005,-24.7784272,-65.4325105,,,Nodo 1015253005
5912829600,-24.7783904,-65.4327343,,,Nodo 5912829600
1392340208,-24.7783272,-65.432921,,,Nodo 1392340208
1015253008,-24.778266,-65.433045,,,Nodo 1015253008
1392330426,-24.7785302,-65.4308916,,,Nodo 1392330426
5912829463,-24.7784798,-65.4308387,,,Nodo 5912829463
4240571043,-24.7784284,-65.4307465,,,Nodo 4240571043
3534067755,-24.7784042,-65.4306784,,,Nodo 3534067755
3534067756,-24.77839,-65.4306341,,,Nodo 3534067756
4240571050,-24.7783606,-65.4305786,,,Nodo 4240571050
3534067757,-24.7782797,-65.4304659,,,Nodo 3534067757
1392330420,-24.7781146,-65.4280672,,,Nodo 1392330420
1392330418,-24.7780329,-65.4294138,,,Nodo 1392330418
1392330376,-24.7729451,-65.4197715,,,Nodo 1392330376
1392330400,-24.774177,-65.4198691,,,Nodo 1392330400
1392330411,-24.7754576,-65.4200089,,,Nodo 1392330411
1392330819,-24.7754104,-65.4207105,,,Nodo 1392330819
1392330817,-24.7741371,-65.4205698,,,Nodo 1392330817
1392334776,-24.7735117,-65.420505,,,Nodo 1392334776
1871063312,-24.8062245,-65.4198444,,,Nodo 1871063312
6275545212,-24.8061184,-65.42011,,,Nodo 6275545212
2065924321,-24.8055638,-65.4214985,,,Nodo 2065924321
3954626673,-24.8053951,-65.4219326,,,Nodo 3954626673
1392454718,-24.8049112,-65.4231514,,,Nodo 1392454718
1392454715,-24.804673,-65.4243762,,,Nodo 1392454715
1392621875,-24.8043834,-65.4257718,,,Nodo 1392621875
1211327781,-24.8042565,-65.4263937,,,Nodo 1211327781
3374849374,-24.802036,-65.4221207,,,Nodo 3374849374
7686443894,-24.8019905,-65.4229488,,,Nodo 7686443894
1392459409,-24.80204,-65.423064,,,Nodo 1392459409
1392459410,-24.8021663,-65.4233423,,,Nodo 1392459410
8816526759,-24.8021895,-65.4234039,,,Nodo 8816526759
1392570777,-24.8036496,-65.4241408,,,Nodo 1392570777
3242551369,-24.8042884,-65.4242839,,,Nodo 3242551369
1392486563,-24.8047809,-65.4244009,,,Nodo 1392486563
1392486560,-24.8033221,-65.4229054,,,Nodo 1392486560
1392570779,-24.8038265,-65.4229725,,,Nodo 1392570779
1392570781,-24.8038582,-65.4229767,,,Nodo 1392570781
5938132080,-24.803888,-65.422982,,,Nodo 5938132080
3113163092,-24.8043359,-65.4230617,,,Nodo 3113163092
3113163091,-24.8045193,-65.4230948,,,Nodo 3113163091
1392454721,-24.8050387,-65.4231234,,,Nodo 1392454721
2065924311,-24.8054239,-65.4231841,,,Nodo 2065924311
2065924323,-24.8056117,-65.4232186,,,Nodo 2065924323
1392634607,-24.8060603,-65.4233133,,,Nodo 1392634607
2065924351,-24.8061802,-65.4233368,,,Nodo 2065924351
1392621881,-24.8063738,-65.42335,,,Nodo 1392621881
2065924395,-24.8069344,-65.4234158,,,Nodo 2065924395
2065924418,-24.8072767,-65.4234516,,,Nodo 2065924418
2065924424,-24.8076487,-65.4235005,,,Nodo 2065924424
1392621884,-24.8055894,-65.4256744,,,Nodo 1392621884
3735854281,-24.806282,-65.4251528,,,Nodo 3735854281
7686443904,-24.8063523,-65.4250897,,,Nodo 7686443904
4240682110,-24.8064004,-65.4250266,,,Nodo 4240682110
1392486565,-24.8064497,-65.424815,,,Nodo 1392486565
7686443903,-24.8065545,-65.4243105,,,Nodo 7686443903
1392621886,-24.806556,-65.4242542,,,Nodo 1392621886
1392634600,-24.804469,-65.4259653,,,Nodo 1392634600
2134281482,-24.8048492,-65.4260592,,,Nodo 2134281482
1392634602,-24.8054842,-65.4262221,,,Nodo 1392634602
5750550017,-24.802931,-65.4287754,,,Nodo 5750550017
2445267943,-24.8029425,-65.4287107,,,Nodo 2445267943
1392459425,-24.8029731,-65.4286114,,,Nodo 1392459425
2065924401,-24.8070017,-65.4279923,,,Nodo 2065924401
2065924383,-24.806797,-65.4279549,,,Nodo 2065924383
2065924374,-24.8066823,-65.4279367,,,Nodo 2065924374
2065924368,-24.8064678,-65.427896,,,Nodo 2065924368
2065924362,-24.8063385,-65.4278659,,,Nodo 2065924362
2065924346,-24.8061547,-65.427836,,,Nodo 2065924346
5938132081,-24.8058938,-65.42779,,,Nodo 5938132081
7686443937,-24.8058472,-65.4277818,,,Nodo 7686443937
2065924315,-24.8055424,-65.4277286,,,Nodo 2065924315
1392634601,-24.8052001,-65.4276384,,,Nodo 1392634601
2134281479,-24.8045671,-65.427493,,,Nodo 2134281479
1393656504,-24.8041856,-65.4274091,,,Nodo 1393656504
1393656501,-24.8039475,-65.4273264,,,Nodo 1393656501
7686443942,-24.8029904,-65.4285456,,,Nodo 7686443942
1392454685,-24.8030081,-65.4281521,,,Nodo 1392454685
1393664787,-24.7988632,-65.4276146,,,Nodo 1393664787
1393664804,-24.7991023,-65.4275654,,,Nodo 1393664804
2052323202,-24.7991929,-65.4275492,,,Nodo 2052323202
1489824362,-24.7998032,-65.4274126,,,Nodo 1489824362
1170591300,-24.8010398,-65.4271296,,,Nodo 1170591300
1393664781,-24.7975393,-65.4272347,,,Nodo 1393664781
1393665900,-24.798656,-65.4269844,,,Nodo 1393665900
1393664786,-24.798862,-65.4269377,,,Nodo 1393664786
1393664768,-24.7884949,-65.4303485,,,Nodo 1393664768
3954626668,-24.789096,-65.4304022,,,Nodo 3954626668
1393664770,-24.7896775,-65.4304524,,,Nodo 1393664770
1393664771,-24.7909391,-65.430573,,,Nodo 1393664771
2052323153,-24.7915796,-65.4306226,,,Nodo 2052323153
1393664772,-24.7922085,-65.4306803,,,Nodo 1393664772
1393665911,-24.8000213,-65.4287276,,,Nodo 1393665911
2077106924,-24.8001349,-65.4293771,,,Nodo 2077106924
3242551363,-24.8002367,-65.4300154,,,Nodo 3242551363
2052323210,-24.8003492,-65.4306157,,,Nodo 2052323210
1394251357,-24.8004559,-65.4313048,,,Nodo 1394251357
1394251380,-24.8005673,-65.4320219,,,Nodo 1394251380
1393665910,-24.798704,-65.429033,,,Nodo 1393665910
2052323197,-24.7987088,-65.4283267,,,Nodo 2052323197
1393665908,-24.7986788,-65.4276548,,,Nodo 1393665908
3954626672,-24.7985743,-65.4256528,,,Nodo 3954626672
1393665891,-24.798535,-65.4249854,,,Nodo 1393665891
1393667418,-24.7983224,-65.4339451,,,Nodo 1393667418
1393667419,-24.7983675,-65.433256,,,Nodo 1393667419
1393667422,-24.7984126,-65.4325692,,,Nodo 1393667422
1393667427,-24.8003653,-65.4341151,,,Nodo 1393667427
1394253682,-24.7995757,-65.4340497,,,Nodo 1394253682
1394253715,-24.7981936,-65.4339384,,,Nodo 1394253715
1394251341,-24.7979644,-65.4339093,,,Nodo 1394251341
1394251367,-24.797436,-65.433869,,,Nodo 1394251367
1394251337,-24.7968857,-65.4338288,,,Nodo 1394251337
1394253739,-24.7963231,-65.4337879,,,Nodo 1394253739
1394251334,-24.7957967,-65.4337368,,,Nodo 1394251334
1394253725,-24.7951741,-65.4336902,,,Nodo 1394253725
1393667387,-24.7945491,-65.4336373,,,Nodo 1393667387
1394251353,-24.7971584,-65.4324616,,,Nodo 1394251353
1394251348,-24.7974883,-65.4329286,,,Nodo 1394251348
5923384872,-24.7979294,-65.4335739,,,Nodo 5923384872
1394251335,-24.7979647,-65.433741,,,Nodo 1394251335
1394251365,-24.7954354,-65.439219,,,Nodo 1394251365
1394253703,-24.795445,-65.4390705,,,Nodo 1394253703
1394251362,-24.7955524,-65.4374037,,,Nodo 1394251362
1394251355,-24.7956208,-65.4363657,,,Nodo 1394251355
1394251343,-24.7956633,-65.4357269,,,Nodo 1394251343
1394251350,-24.7956991,-65.4351231,,,Nodo 1394251350
1394251379,-24.7958881,-65.4323593,,,Nodo 1394251379
1393667394,-24.7969596,-65.432448,,,Nodo 1393667394
2537435465,-24.7968078,-65.4349365,,,Nodo 2537435465
1393685710,-24.7967816,-65.4351968,,,Nodo 1393685710
1394251370,-24.7967671,-65.4355444,,,Nodo 1394251370
1394251360,-24.7967038,-65.4364414,,,Nodo 1394251360
1393656483,-24.7966412,-65.4374828,,,Nodo 1393656483
1394251372,-24.7965844,-65.4384137,,,Nodo 1394251372
1394251351,-24.7988691,-65.4321609,,,Nodo 1394251351
1394251340,-24.7971852,-65.4321062,,,Nodo 1394251340
1394251363,-24.7988517,-65.4317438,,,Nodo 1394251363
1392454667,-24.8007762,-65.4312254,,,Nodo 1392454667
1394251352,-24.7988774,-65.4326018,,,Nodo 1394251352
3242549658,-24.7988178,-65.4310041,,,Nodo 3242549658
2077106921,-24.7987709,-65.4303455,,,Nodo 2077106921
1394253688,-24.7952632,-65.4323044,,,Nodo 1394253688
1394253690,-24.7950899,-65.4350629,,,Nodo 1394253690
1394253719,-24.7950107,-65.4363113,,,Nodo 1394253719
1394253721,-24.7949417,-65.4373645,,,Nodo 1394253721
1394253679,-24.7948349,-65.4390325,,,Nodo 1394253679
1394253748,-24.7962306,-65.4351565,,,Nodo 1394253748
1167270426,-24.7930165,-65.418802,,,Nodo 1167270426
1387550356,-24.7942074,-65.4185417,,,Nodo 1387550356
1489824350,-24.79789,-65.421727,,,Nodo 1489824350
1489824340,-24.7988334,-65.4215243,,,Nodo 1489824340
1170591215,-24.800048,-65.421233,,,Nodo 1170591215
1170590789,-24.7981583,-65.4176661,,,Nodo 1170590789
5923385194,-24.7982768,-65.4182244,,,Nodo 5923385194
1489824360,-24.7985219,-65.4195318,,,Nodo 1489824360
1211327772,-24.7987583,-65.4208405,,,Nodo 1211327772
1211327764,-24.7989249,-65.422186,,,Nodo 1211327764
3242549659,-24.799026,-65.4228236,,,Nodo 3242549659
3242549660,-24.7992522,-65.4241287,,,Nodo 3242549660
1489824361,-24.7993621,-65.4247931,,,Nodo 1489824361
3242551361,-24.7994664,-65.4254559,,,Nodo 3242551361
3242551362,-24.799693,-65.4267629,,,Nodo 3242551362
2052323205,-24.7999053,-65.4280722,,,Nodo 2052323205
1390825970,-24.81031,-65.4218171,,,Nodo 1390825970
1390825966,-24.8088814,-65.421207,,,Nodo 1390825966
3953899678,-24.8077519,-65.4206949,,,Nodo 3953899678
3953899677,-24.8075578,-65.4205914,,,Nodo 3953899677
1390825965,-24.8073816,-65.4204953,,,Nodo 1390825965
1365441844,-24.807264,-65.4204136,,,Nodo 1365441844
7686444002,-24.8071186,-65.420307,,,Nodo 7686444002
2537434140,-24.807018,-65.4202062,,,Nodo 2537434140
1551402665,-24.7963229,-65.3919209,,,Nodo 1551402665
1551402679,-24.7967335,-65.3923895,,,Nodo 1551402679
1551402661,-24.7971085,-65.3928558,,,Nodo 1551402661
1551402663,-24.7972185,-65.3909907,,,Nodo 1551402663
5072463274,-24.7956921,-65.3926089,,,Nodo 5072463274
7029815948,-24.7955964,-65.3927211,,,Nodo 7029815948
1551412267,-24.7957465,-65.3949933,,,Nodo 1551412267
1551402684,-24.7955309,-65.3946277,,,Nodo 1551402684
6077476407,-24.7955185,-65.3945743,,,Nodo 6077476407
1551402687,-24.7955216,-65.3945349,,,Nodo 1551402687
12287197516,-24.7955335,-65.3945048,,,Nodo 12287197516
12287197517,-24.7955558,-65.3944678,,,Nodo 12287197517
1551402660,-24.795576,-65.3944448,,,Nodo 1551402660
11280378934,-24.7970399,-65.3929537,,,Nodo 11280378934
12287197518,-24.7970742,-65.3929129,,,Nodo 12287197518
11280378935,-24.7971543,-65.3927758,,,Nodo 11280378935
1551402664,-24.7975799,-65.3919086,,,Nodo 1551402664
12287197523,-24.7976115,-65.3916216,,,Nodo 12287197523
1551402662,-24.7976086,-65.3915247,,,Nodo 1551402662
12287197524,-24.7975608,-65.3915539,,,Nodo 12287197524
12287197522,-24.7975315,-65.3915785,,,Nodo 12287197522
11280378927,-24.7954691,-65.3936851,,,Nodo 11280378927
985377341,-24.7953901,-65.393735,,,Nodo 985377341
13241688473,-24.7953643,-65.3937383,,,Nodo 13241688473
1551412278,-24.7951194,-65.3947078,,,Nodo 1551412278
7029422238,-24.7950222,-65.3946429,,,Nodo 7029422238
12259994756,-24.7949935,-65.3946129,,,Nodo 12259994756
7029422237,-24.7949777,-65.3945734,,,Nodo 7029422237
1551412276,-24.7948959,-65.3935761,,,Nodo 1551412276
3795842737,-24.7944154,-65.3920434,,,Nodo 3795842737
12259994772,-24.7943489,-65.3920698,,,Nodo 12259994772
12259994771,-24.7942996,-65.3920994,,,Nodo 12259994771
1551412290,-24.7942609,-65.3921397,,,Nodo 1551412290
1551412281,-24.7941038,-65.3923738,,,Nodo 1551412281
12259994770,-24.7940566,-65.3924748,,,Nodo 12259994770
1551412279,-24.7939637,-65.3928065,,,Nodo 1551412279
1551412291,-24.7939501,-65.3929062,,,Nodo 1551412291
1551412292,-24.7939471,-65.3930751,,,Nodo 1551412292
1551412305,-24.7939666,-65.3934721,,,Nodo 1551412305
12259994769,-24.793969,-65.3935698,,,Nodo 12259994769
1551412294,-24.7939228,-65.3946254,,,Nodo 1551412294
1551402672,-24.7958197,-65.3952494,,,Nodo 1551402672
6077476406,-24.7958628,-65.3953082,,,Nodo 6077476406
1551402674,-24.7959342,-65.3953792,,,Nodo 1551402674
1551412270,-24.7961602,-65.3955708,,,Nodo 1551412270
1551412266,-24.7960836,-65.3954549,,,Nodo 1551412266
1551412269,-24.796011,-65.3952051,,,Nodo 1551412269
1551412268,-24.796002,-65.3951527,,,Nodo 1551412268
12882417099,-24.7959043,-65.3950911,,,Nodo 12882417099
12882417100,-24.7958538,-65.3951019,,,Nodo 12882417100
12882427001,-24.7958222,-65.3951408,,,Nodo 12882427001
12882427002,-24.7958088,-65.3952011,,,Nodo 12882427002
1551412298,-24.7975508,-65.3972078,,,Nodo 1551412298
1551412301,-24.7975642,-65.3973453,,,Nodo 1551412301
12259994744,-24.7975584,-65.397416,,,Nodo 12259994744
1551412299,-24.7975356,-65.3974961,,,Nodo 1551412299
1551412262,-24.7974534,-65.3976563,,,Nodo 1551412262
1551412263,-24.7973852,-65.3977636,,,Nodo 1551412263
12259994743,-24.7973415,-65.3978196,,,Nodo 12259994743
1551412306,-24.7972949,-65.3978442,,,Nodo 1551412306
1551412264,-24.7972485,-65.397858,,,Nodo 1551412264
12259994745,-24.7971891,-65.3978632,,,Nodo 12259994745
985377321,-24.797067,-65.3978528,,,Nodo 985377321
3704914695,-24.7945559,-65.3947728,,,Nodo 3704914695
1260352040,-24.7971274,-65.3983339,,,Nodo 1260352040
12259994735,-24.7971204,-65.3984578,,,Nodo 12259994735
2424959496,-24.7970638,-65.3992351,,,Nodo 2424959496
12873890199,-24.7969092,-65.4013614,,,Nodo 12873890199
1551413593,-24.7968749,-65.4018528,,,Nodo 1551413593
2068540774,-24.7968015,-65.4030876,,,Nodo 2068540774
1365467463,-24.8033533,-65.4024545,,,Nodo 1365467463
1365467399,-24.8020963,-65.4023279,,,Nodo 1365467399
1365467246,-24.8008124,-65.4022215,,,Nodo 1365467246
4240242142,-24.8000348,-65.4021524,,,Nodo 4240242142
1551414623,-24.799399,-65.4020888,,,Nodo 1551414623
1365467062,-24.7979944,-65.401954,,,Nodo 1365467062
1551413599,-24.7974489,-65.4019071,,,Nodo 1551413599
1551413591,-24.7977284,-65.399237,,,Nodo 1551413591
12887630893,-24.7975686,-65.3997193,,,Nodo 12887630893
1551413594,-24.7975167,-65.3999277,,,Nodo 1551413594
1551413595,-24.7974388,-65.4003386,,,Nodo 1551413595
1551414628,-24.8004677,-65.3994049,,,Nodo 1551414628
1551414625,-24.7999213,-65.4007381,,,Nodo 1551414625
878834964,-24.794276,-65.3973864,,,Nodo 878834964
1551415508,-24.7936938,-65.3968652,,,Nodo 1551415508
7681388438,-24.793629,-65.396829,,,Nodo 7681388438
7681388439,-24.7935831,-65.3968209,,,Nodo 7681388439
12259994750,-24.7935343,-65.3968379,,,Nodo 12259994750
7681388440,-24.7934856,-65.3968769,,,Nodo 7681388440
2585486712,-24.7932169,-65.3972095,,,Nodo 2585486712
2052323248,-24.8032247,-65.3941983,,,Nodo 2052323248
12287197565,-24.8032502,-65.3943004,,,Nodo 12287197565
7686444103,-24.8032663,-65.3943445,,,Nodo 7686444103
1553070326,-24.8033004,-65.3944141,,,Nodo 1553070326
1553070276,-24.8035266,-65.3946049,,,Nodo 1553070276
3894362285,-24.8035507,-65.3946361,,,Nodo 3894362285
1553070321,-24.8035661,-65.3946801,,,Nodo 1553070321
2052323252,-24.8035929,-65.3948838,,,Nodo 2052323252
1553070280,-24.8036471,-65.3952827,,,Nodo 1553070280
1553070328,-24.8037436,-65.3961551,,,Nodo 1553070328
1365467492,-24.8038582,-65.3970867,,,Nodo 1365467492
3894362287,-24.80379,-65.3941194,,,Nodo 3894362287
1553070268,-24.8039219,-65.3940988,,,Nodo 1553070268
1553070335,-24.8040093,-65.394087,,,Nodo 1553070335
12287197580,-24.8047255,-65.3939888,,,Nodo 12287197580
7686444129,-24.8047694,-65.3939926,,,Nodo 7686444129
2052323271,-24.804888,-65.394039,,,Nodo 2052323271
1553070327,-24.8043961,-65.3955205,,,Nodo 1553070327
3894362286,-24.8038068,-65.3952781,,,Nodo 3894362286
12287197596,-24.8037605,-65.3952687,,,Nodo 12287197596
1553070318,-24.8060048,-65.3953323,,,Nodo 1553070318
2109826777,-24.8051862,-65.3954465,,,Nodo 2109826777
1553070293,-24.8044629,-65.3955397,,,Nodo 1553070293
12287197595,-24.8044352,-65.3955352,,,Nodo 12287197595
12471001678,-24.8039561,-65.3968203,,,Nodo 12471001678
1553070299,-24.8041603,-65.3962642,,,Nodo 1553070299
1553070291,-24.8046434,-65.3947727,,,Nodo 1553070291
1790882876,-24.7785424,-65.414049,,,Nodo 1790882876
1577968379,-24.7784017,-65.4136549,,,Nodo 1577968379
1577968399,-24.7784809,-65.4126464,,,Nodo 1577968399
392350314,-24.7785649,-65.4113026,,,Nodo 392350314
392350327,-24.7786571,-65.4099458,,,Nodo 392350327
392350326,-24.7787422,-65.4085479,,,Nodo 392350326
1167270013,-24.7792879,-65.4197602,,,Nodo 1167270013
2077087076,-24.7786272,-65.419689,,,Nodo 2077087076
1167269878,-24.7780299,-65.4196117,,,Nodo 1167269878
1167270304,-24.7794937,-65.4181943,,,Nodo 1167270304
1705192789,-24.7803698,-65.4197971,,,Nodo 1705192789
4240571020,-24.7804081,-65.4198178,,,Nodo 4240571020
5910349674,-24.7808944,-65.415652,,,Nodo 5910349674
12884511859,-24.7809768,-65.4156585,,,Nodo 12884511859
11555151031,-24.781165,-65.4156775,,,Nodo 11555151031
13701394982,-24.7815179,-65.4157221,,,Nodo 13701394982
11960088280,-24.78201,-65.4157843,,,Nodo 11960088280
11960088281,-24.7821987,-65.4158036,,,Nodo 11960088281
1387566320,-24.7833452,-65.4159209,,,Nodo 1387566320
1167270146,-24.7846087,-65.4160525,,,Nodo 1167270146
1771508478,-24.7690807,-65.4034223,,,Nodo 1771508478
4236827696,-24.7696908,-65.4034748,,,Nodo 4236827696
446376408,-24.7703652,-65.4035457,,,Nodo 446376408
1454272013,-24.7707401,-65.3977927,,,Nodo 1454272013
5639068461,-24.7707185,-65.3978478,,,Nodo 5639068461
12889150700,-24.7707056,-65.397877,,,Nodo 12889150700
1770948770,-24.7706836,-65.3979267,,,Nodo 1770948770
1771508501,-24.7722252,-65.4000385,,,Nodo 1771508501
8385668778,-24.7722203,-65.4009168,,,Nodo 8385668778
1454329854,-24.7731982,-65.3982891,,,Nodo 1454329854
12887932827,-24.7731388,-65.3983883,,,Nodo 12887932827
1771508504,-24.7726796,-65.3991552,,,Nodo 1771508504
1771508484,-24.7700745,-65.4007197,,,Nodo 1771508484
1771508483,-24.7700708,-65.3992709,,,Nodo 1771508483
1771508491,-24.7708038,-65.4008032,,,Nodo 1771508491
1771508490,-24.7708028,-65.3989751,,,Nodo 1771508490
1771508472,-24.7686814,-65.3995934,,,Nodo 1771508472
1771508482,-24.7693476,-65.4001859,,,Nodo 1771508482
1771508486,-24.7702402,-65.4049435,,,Nodo 1771508486
1771508476,-24.7689761,-65.4048049,,,Nodo 1771508476
1771508497,-24.7715077,-65.4008865,,,Nodo 1771508497
1771508496,-24.7715035,-65.4001066,,,Nodo 1771508496
1771508495,-24.7714966,-65.3989706,,,Nodo 1771508495
1260445227,-24.7744446,-65.400784,,,Nodo 1260445227
1771508513,-24.7736045,-65.4005549,,,Nodo 1771508513
7681050193,-24.7723482,-65.4000731,,,Nodo 7681050193
7681050194,-24.7721208,-65.4000386,,,Nodo 7681050194
1454272011,-24.7727842,-65.3977174,,,Nodo 1454272011
12254108805,-24.7727575,-65.3977553,,,Nodo 12254108805
3903206591,-24.7727281,-65.3978008,,,Nodo 3903206591
1771508505,-24.7727122,-65.3978411,,,Nodo 1771508505
6511035637,-24.7727026,-65.3979132,,,Nodo 6511035637
3903206592,-24.7727113,-65.3979651,,,Nodo 3903206592
1771508506,-24.7727263,-65.3980096,,,Nodo 1771508506
12254108806,-24.7727545,-65.3980496,,,Nodo 12254108806
1771508508,-24.7728052,-65.3980922,,,Nodo 1771508508
1771508507,-24.7727544,-65.4051567,,,Nodo 1771508507
1771508511,-24.7729804,-65.4024548,,,Nodo 1771508511
1771508481,-24.7693048,-65.4006309,,,Nodo 1771508481
12253944754,-24.7693125,-65.4007153,,,Nodo 12253944754
1771508480,-24.7692053,-65.4020359,,,Nodo 1771508480
3903119236,-24.7691024,-65.4031196,,,Nodo 3903119236
1771508518,-24.7749104,-65.4012003,,,Nodo 1771508518
1771508519,-24.7749696,-65.4012255,,,Nodo 1771508519
12254108868,-24.7750149,-65.4012289,,,Nodo 12254108868
1771508520,-24.7750547,-65.4012171,,,Nodo 1771508520
11959371582,-24.7750833,-65.4011844,,,Nodo 11959371582
12254108869,-24.7751031,-65.4011531,,,Nodo 12254108869
1260445212,-24.7751374,-65.4010758,,,Nodo 1260445212
1771508489,-24.7705664,-65.4007814,,,Nodo 1771508489
1771508488,-24.7704762,-65.4021638,,,Nodo 1771508488
1771508485,-24.7701968,-65.4055577,,,Nodo 1771508485
7681050199,-24.773575,-65.3985972,,,Nodo 7681050199
12254108844,-24.7736403,-65.3986206,,,Nodo 12254108844
12254108830,-24.773686,-65.3986239,,,Nodo 12254108830
1771508514,-24.7737236,-65.3986159,,,Nodo 1771508514
1771508515,-24.7737698,-65.3985858,,,Nodo 1771508515
12254108813,-24.7737854,-65.3985763,,,Nodo 12254108813
1771508516,-24.773821,-65.3985176,,,Nodo 1771508516
12254108812,-24.7738383,-65.3984683,,,Nodo 12254108812
2052322931,-24.775947,-65.4027231,,,Nodo 2052322931
12887932741,-24.7758978,-65.402719,,,Nodo 12887932741
1260445235,-24.774246,-65.4025797,,,Nodo 1260445235
4236827699,-24.7710936,-65.4022343,,,Nodo 4236827699
4236827695,-24.7698269,-65.4021075,,,Nodo 4236827695
1771508474,-24.768821,-65.3989605,,,Nodo 1771508474
1771508487,-24.7702788,-65.3989647,,,Nodo 1771508487
1771508500,-24.7722046,-65.3989728,,,Nodo 1771508500
7681050195,-24.7723101,-65.3989919,,,Nodo 7681050195
12254108860,-24.7741087,-65.3998134,,,Nodo 12254108860
430557359,-24.7740185,-65.4053055,,,Nodo 430557359
1771509761,-24.7739172,-65.4066424,,,Nodo 1771509761
4240297254,-24.7738882,-65.4069679,,,Nodo 4240297254
1771508470,-24.7682536,-65.4049035,,,Nodo 1771508470
5116196082,-24.7683058,-65.4041621,,,Nodo 5116196082
1771509711,-24.7683656,-65.403351,,,Nodo 1771509711
3903119237,-24.7683754,-65.4032113,,,Nodo 3903119237
1771509726,-24.7685182,-65.4015,,,Nodo 1771509726
1771509713,-24.7685056,-65.4012974,,,Nodo 1771509713
1771509742,-24.7725263,-65.4079194,,,Nodo 1771509742
1643743931,-24.7724053,-65.4093463,,,Nodo 1643743931
1771509737,-24.7723001,-65.4106561,,,Nodo 1771509737
1771509736,-24.7721826,-65.4120081,,,Nodo 1771509736
1260445211,-24.7744465,-65.4003117,,,Nodo 1260445211
12887932749,-24.774436,-65.4003892,,,Nodo 12887932749
1260445213,-24.7744368,-65.4005082,,,Nodo 1260445213
1260445225,-24.7744581,-65.400626,,,Nodo 1260445225
1260445224,-24.7744782,-65.4006948,,,Nodo 1260445224
3902947990,-24.7745078,-65.4007754,,,Nodo 3902947990
1260445223,-24.774563,-65.4008839,,,Nodo 1260445223
12887932688,-24.7746364,-65.4009736,,,Nodo 12887932688
3902947989,-24.7747168,-65.4010548,,,Nodo 3902947989
1771535221,-24.7625759,-65.398951,,,Nodo 1771535221
12889336124,-24.7627269,-65.3990052,,,Nodo 12889336124
1771535245,-24.763424,-65.3992556,,,Nodo 1771535245
1771535271,-24.7642931,-65.3995342,,,Nodo 1771535271
12254077654,-24.7650775,-65.3998063,,,Nodo 12254077654
1771535299,-24.7651374,-65.3998221,,,Nodo 1771535299
7681050253,-24.7652396,-65.3998322,,,Nodo 7681050253
1771535318,-24.7659775,-65.3998357,,,Nodo 1771535318
12254077656,-24.7668328,-65.3998481,,,Nodo 12254077656
1771535376,-24.7669089,-65.3998605,,,Nodo 1771535376
12253944755,-24.7669734,-65.3998861,,,Nodo 12253944755
1771535395,-24.7674485,-65.4003247,,,Nodo 1771535395
1771535445,-24.7679673,-65.4007986,,,Nodo 1771535445
1771535447,-24.7683989,-65.4011906,,,Nodo 1771535447
1260445216,-24.7746292,-65.4001814,,,Nodo 1260445216
3902947993,-24.7745848,-65.4001709,,,Nodo 3902947993
12887932703,-24.7745515,-65.4001741,,,Nodo 12887932703
12254108863,-24.7745433,-65.4001749,,,Nodo 12254108863
1260445218,-24.7745018,-65.4001871,,,Nodo 1260445218
12254108864,-24.7744778,-65.4002212,,,Nodo 12254108864
1771535403,-24.7675345,-65.4046647,,,Nodo 1771535403
5116196129,-24.7675861,-65.4040911,,,Nodo 5116196129
1770948767,-24.7676533,-65.4032962,,,Nodo 1770948767
1771535435,-24.7677133,-65.4026086,,,Nodo 1771535435
5117504150,-24.7677118,-65.4024731,,,Nodo 5117504150
1771535427,-24.7676734,-65.4023822,,,Nodo 1771535427
1771951177,-24.7726401,-65.3952994,,,Nodo 1771951177
12254108874,-24.772029,-65.3948291,,,Nodo 12254108874
1771951161,-24.7718426,-65.3946867,,,Nodo 1771951161
12254108801,-24.7717269,-65.3945809,,,Nodo 12254108801
12254108800,-24.7715971,-65.3944382,,,Nodo 12254108800
1771951152,-24.771525,-65.3943518,,,Nodo 1771951152
12254108799,-24.7714443,-65.3942379,,,Nodo 12254108799
1771951151,-24.7713397,-65.394067,,,Nodo 1771951151
11280289094,-24.7712491,-65.3939058,,,Nodo 11280289094
1771951148,-24.7711431,-65.3936713,,,Nodo 1771951148
12254108781,-24.7710916,-65.3935249,,,Nodo 12254108781
1771951146,-24.7710401,-65.3933507,,,Nodo 1771951146
12254108782,-24.7710141,-65.3932128,,,Nodo 12254108782
8138806235,-24.7709909,-65.3930626,,,Nodo 8138806235
1771951142,-24.7709756,-65.3928104,,,Nodo 1771951142
11280289095,-24.7709854,-65.3926642,,,Nodo 11280289095
1771951144,-24.7710043,-65.392492,,,Nodo 1771951144
12254108795,-24.7710293,-65.3923073,,,Nodo 12254108795
1771951150,-24.7712426,-65.3913388,,,Nodo 1771951150
1771951181,-24.7729754,-65.3945809,,,Nodo 1771951181
12254108873,-24.7723201,-65.3940694,,,Nodo 12254108873
1771951169,-24.7721584,-65.3939374,,,Nodo 1771951169
1771951166,-24.7720668,-65.393855,,,Nodo 1771951166
12254108798,-24.7719874,-65.3937552,,,Nodo 12254108798
1771951163,-24.771895,-65.393599,,,Nodo 1771951163
12254108797,-24.771828,-65.3934536,,,Nodo 12254108797
1771951160,-24.7717694,-65.3932712,,,Nodo 1771951160
12254108796,-24.7717284,-65.3931144,,,Nodo 12254108796
1771951156,-24.7717031,-65.3929602,,,Nodo 1771951156
1771951158,-24.7716908,-65.3927884,,,Nodo 1771951158
12254108794,-24.7716903,-65.3926865,,,Nodo 12254108794
12254108793,-24.7716982,-65.3925645,,,Nodo 12254108793
1771951157,-24.7717252,-65.392416,,,Nodo 1771951157
1771951162,-24.7719122,-65.3916395,,,Nodo 1771951162
1771951167,-24.7722337,-65.3902283,,,Nodo 1771951167
1771951170,-24.7724077,-65.3894303,,,Nodo 1771951170
4236758061,-24.7716398,-65.3979488,,,Nodo 4236758061
5639068460,-24.7716414,-65.3978691,,,Nodo 5639068460
1454272000,-24.7716385,-65.3978118,,,Nodo 1454272000
12889150650,-24.7716403,-65.3976797,,,Nodo 12889150650
1771951155,-24.7716509,-65.3968859,,,Nodo 1771951155
13713151587,-24.7714353,-65.3967033,,,Nodo 13713151587
1771951124,-24.7701451,-65.3956106,,,Nodo 1771951124
7681050206,-24.7697125,-65.3952521,,,Nodo 7681050206
1771951120,-24.7696727,-65.3952335,,,Nodo 1771951120
11280289088,-24.7696443,-65.3952244,,,Nodo 11280289088
1771951111,-24.7691831,-65.3952401,,,Nodo 1771951111
1771951087,-24.7679572,-65.3952718,,,Nodo 1771951087
2052322787,-24.767298,-65.3952944,,,Nodo 2052322787
1771951072,-24.7666599,-65.3953124,,,Nodo 1771951072
1771951062,-24.7655578,-65.3953403,,,Nodo 1771951062
1771951053,-24.7645205,-65.3953682,,,Nodo 1771951053
1771951043,-24.7634683,-65.3953938,,,Nodo 1771951043
8138806260,-24.7623138,-65.3954214,,,Nodo 8138806260
1771951032,-24.7622496,-65.3954228,,,Nodo 1771951032
1771951207,-24.7746803,-65.3990945,,,Nodo 1771951207
2117071023,-24.7753961,-65.3991582,,,Nodo 2117071023
1771951228,-24.7757706,-65.3991845,,,Nodo 1771951228
1771951192,-24.7736577,-65.3931584,,,Nodo 1771951192
1771951185,-24.7731414,-65.3927768,,,Nodo 1771951185
1771951175,-24.7726413,-65.3929823,,,Nodo 1771951175
6733310031,-24.7725882,-65.3929737,,,Nodo 6733310031
6733310032,-24.772528,-65.3929328,,,Nodo 6733310032
6733310033,-24.772446,-65.3928608,,,Nodo 6733310033
1771951195,-24.7737749,-65.3978247,,,Nodo 1771951195
3903206585,-24.77378,-65.3975988,,,Nodo 3903206585
1771951196,-24.7738086,-65.3973791,,,Nodo 1771951196
3903206586,-24.77385,-65.3971761,,,Nodo 3903206586
1771951201,-24.773955,-65.3968256,,,Nodo 1771951201
1771951232,-24.7758633,-65.3935988,,,Nodo 1771951232
3915265164,-24.7757724,-65.3936219,,,Nodo 3915265164
3915265163,-24.7756969,-65.3936527,,,Nodo 3915265163
1771951224,-24.7755554,-65.3937305,,,Nodo 1771951224
3915265162,-24.7754619,-65.393796,,,Nodo 3915265162
2952524404,-24.7753905,-65.3938776,,,Nodo 2952524404
12254108908,-24.7753247,-65.3939855,,,Nodo 12254108908
1771951222,-24.7752493,-65.3941395,,,Nodo 1771951222
1771951217,-24.7749966,-65.3946842,,,Nodo 1771951217
1771951208,-24.7747667,-65.3951147,,,Nodo 1771951208
1771951209,-24.7748043,-65.3973319,,,Nodo 1771951209
12254108901,-24.7748936,-65.3972865,,,Nodo 12254108901
12254108900,-24.7749348,-65.3972517,,,Nodo 12254108900
1771951223,-24.7754279,-65.3967049,,,Nodo 1771951223
3902947986,-24.7755426,-65.3965412,,,Nodo 3902947986
12254108906,-24.7755875,-65.3964553,,,Nodo 12254108906
1771951225,-24.7756324,-65.396334,,,Nodo 1771951225
3915265165,-24.7756324,-65.3961907,,,Nodo 3915265165
3915265166,-24.7756228,-65.3960491,,,Nodo 3915265166
1771951226,-24.7756023,-65.3958927,,,Nodo 1771951226
2952524399,-24.775308,-65.3952379,,,Nodo 2952524399
12254108907,-24.7752246,-65.3950245,,,Nodo 12254108907
12254108899,-24.7751316,-65.3947722,,,Nodo 12254108899
7681050196,-24.7751036,-65.3947329,,,Nodo 7681050196
7681050198,-24.775076,-65.3947102,,,Nodo 7681050198
1771951188,-24.7733244,-65.3938614,,,Nodo 1771951188
1771951179,-24.7726707,-65.393386,,,Nodo 1771951179
1771951176,-24.7726138,-65.3933343,,,Nodo 1771951176
12254108862,-24.7746302,-65.3998755,,,Nodo 12254108862
1771951212,-24.7749078,-65.3960645,,,Nodo 1771951212
1771951215,-24.7749802,-65.3952832,,,Nodo 1771951215
7681050197,-24.7749982,-65.3950364,,,Nodo 7681050197
1771986554,-24.771367,-65.4064098,,,Nodo 1771986554
1771986550,-24.7701312,-65.4062582,,,Nodo 1771986550
12253568162,-24.7696434,-65.4119769,,,Nodo 12253568162
12253568163,-24.7695599,-65.4119512,,,Nodo 12253568163
11280288964,-24.7695457,-65.4119468,,,Nodo 11280288964
12253568160,-24.769489,-65.4119358,,,Nodo 12253568160
1771986544,-24.7694089,-65.4119247,,,Nodo 1771986544
12253568158,-24.7693063,-65.4119194,,,Nodo 12253568158
1771986538,-24.7683774,-65.411966,,,Nodo 1771986538
1771986531,-24.7671271,-65.4120119,,,Nodo 1771986531
12253568156,-24.7662882,-65.412041,,,Nodo 12253568156
1771986527,-24.7658334,-65.4120421,,,Nodo 1771986527
1771986515,-24.7651496,-65.4120673,,,Nodo 1771986515
1771986543,-24.768878,-65.4056135,,,Nodo 1771986543
12253568328,-24.7688447,-65.4055915,,,Nodo 12253568328
1771986537,-24.7676668,-65.4051852,,,Nodo 1771986537
1771986529,-24.7664392,-65.4047523,,,Nodo 1771986529
5120795213,-24.7660634,-65.4046276,,,Nodo 5120795213
1771986520,-24.7655227,-65.4044512,,,Nodo 1771986520
12253568332,-24.7654639,-65.4044335,,,Nodo 12253568332
1775330108,-24.7654153,-65.4044142,,,Nodo 1775330108
1771986549,-24.7700043,-65.4076588,,,Nodo 1771986549
1643743934,-24.7698946,-65.4090511,,,Nodo 1643743934
1771986547,-24.7697676,-65.4104109,,,Nodo 1771986547
1771986546,-24.7696669,-65.4117602,,,Nodo 1771986546
12253568159,-24.7696573,-65.4118609,,,Nodo 12253568159
12253568161,-24.7696339,-65.4120562,,,Nodo 12253568161
1771986539,-24.7684088,-65.4116286,,,Nodo 1771986539
1771986540,-24.7685219,-65.4102735,,,Nodo 1771986540
1643743928,-24.7686336,-65.4089127,,,Nodo 1643743928
1771986541,-24.7687521,-65.4075314,,,Nodo 1771986541
1771986542,-24.7688555,-65.4061381,,,Nodo 1771986542
12253568327,-24.768894,-65.4056514,,,Nodo 12253568327
12253568329,-24.7671131,-65.4119243,,,Nodo 12253568329
1771986532,-24.7671479,-65.4114813,,,Nodo 1771986532
1392312369,-24.7672623,-65.4101393,,,Nodo 1392312369
1643743949,-24.7673709,-65.4087831,,,Nodo 1643743949
1771986534,-24.7674752,-65.4073969,,,Nodo 1771986534
1771986536,-24.7675962,-65.4060039,,,Nodo 1771986536
1365441813,-24.8065365,-65.41766,,,Nodo 1365441813
1392454696,-24.8038532,-65.4279502,,,Nodo 1392454696
5750550020,-24.8039715,-65.4279104,,,Nodo 5750550020
5750550019,-24.8040197,-65.4278858,,,Nodo 5750550019
11281803442,-24.8040534,-65.4278538,,,Nodo 11281803442
1392454698,-24.8040871,-65.4278077,,,Nodo 1392454698
1365467423,-24.8025474,-65.3975823,,,Nodo 1365467423
1365467419,-24.8023456,-65.3995593,,,Nodo 1365467419
1365467413,-24.8022158,-65.4009537,,,Nodo 1365467413
1170590888,-24.7955171,-65.4182754,,,Nodo 1170590888
1791111682,-24.7786265,-65.4169277,,,Nodo 1791111682
1167269873,-24.7829708,-65.4214997,,,Nodo 1167269873
1167270402,-24.7842055,-65.4216102,,,Nodo 1167270402
2052323060,-24.7847346,-65.4216665,,,Nodo 2052323060
1167270505,-24.7852848,-65.421719,,,Nodo 1167270505
1167270065,-24.7864724,-65.4218276,,,Nodo 1167270065
1387553579,-24.7709979,-65.412024,,,Nodo 1387553579
4990034990,-24.7709674,-65.4119738,,,Nodo 4990034990
4990034989,-24.7709531,-65.4119332,,,Nodo 4990034989
595505148,-24.7709509,-65.4118752,,,Nodo 595505148
1791167734,-24.7901178,-65.4042478,,,Nodo 1791167734
12882427112,-24.7902595,-65.4020542,,,Nodo 12882427112
1260437104,-24.7902651,-65.4019565,,,Nodo 1260437104
1167270239,-24.7797354,-65.4127771,,,Nodo 1167270239
1167270457,-24.7809711,-65.41287,,,Nodo 1167270457
12872347553,-24.7942217,-65.4001926,,,Nodo 12872347553
12259994725,-24.794217,-65.4004713,,,Nodo 12259994725
12872347567,-24.7942115,-65.4005181,,,Nodo 12872347567
1167270284,-24.7941985,-65.4005872,,,Nodo 1167270284
2134228915,-24.7954516,-65.4295605,,,Nodo 2134228915
1390858548,-24.7948152,-65.4295095,,,Nodo 1390858548
2133908591,-24.7941887,-65.4294596,,,Nodo 2133908591
1390858546,-24.7935557,-65.4293959,,,Nodo 1390858546
2133908587,-24.792928,-65.4293478,,,Nodo 2133908587
2445304786,-24.7922912,-65.4292868,,,Nodo 2445304786
2133908575,-24.7916621,-65.429238,,,Nodo 2133908575
1167270429,-24.791033,-65.429183,,,Nodo 1167270429
1167269845,-24.7897663,-65.4290786,,,Nodo 1167269845
2052323130,-24.7891911,-65.4290263,,,Nodo 2052323130
1167270472,-24.7885855,-65.4289813,,,Nodo 1167270472
1824867774,-24.7890223,-65.4225147,,,Nodo 1824867774
1824867777,-24.7902184,-65.4226169,,,Nodo 1824867777
2134228917,-24.7956372,-65.4267977,,,Nodo 2134228917
1390875787,-24.7950114,-65.4267426,,,Nodo 1390875787
2052323168,-24.7943736,-65.4266902,,,Nodo 2052323168
1390875782,-24.7937497,-65.4266348,,,Nodo 1390875782
1390875779,-24.7924922,-65.4265294,,,Nodo 1390875779
2118016427,-24.7917919,-65.4264671,,,Nodo 2118016427
1390875775,-24.7912281,-65.4264245,,,Nodo 1390875775
4240571034,-24.7905965,-65.4263606,,,Nodo 4240571034
1390875773,-24.7899617,-65.4263103,,,Nodo 1390875773
1393667380,-24.7883992,-65.4317531,,,Nodo 1393667380
2065925640,-24.7864481,-65.4316174,,,Nodo 2065925640
1824867763,-24.7858439,-65.4315787,,,Nodo 1824867763
1170591298,-24.7974924,-65.4279128,,,Nodo 1170591298
1824867771,-24.7882086,-65.4345247,,,Nodo 1824867771
2065925687,-24.7875318,-65.4344572,,,Nodo 2065925687
2134241676,-24.7863236,-65.4343528,,,Nodo 2134241676
1167270474,-24.785643,-65.4342688,,,Nodo 1167270474
2134241674,-24.784397,-65.4341447,,,Nodo 2134241674
2065925560,-24.7837878,-65.4340837,,,Nodo 2065925560
1824867781,-24.7908902,-65.4347705,,,Nodo 1824867781
2105952193,-24.7900009,-65.4346954,,,Nodo 2105952193
1824867776,-24.7893615,-65.4346413,,,Nodo 1824867776
3374876587,-24.7981695,-65.4173846,,,Nodo 3374876587
1824867791,-24.7979478,-65.4175006,,,Nodo 1824867791
1824867790,-24.7968408,-65.4177478,,,Nodo 1824867790
1824867786,-24.7955253,-65.4180549,,,Nodo 1824867786
1167270241,-24.7890049,-65.4227092,,,Nodo 1167270241
1170591297,-24.7953801,-65.4212128,,,Nodo 1170591297
1170590906,-24.7941161,-65.4211025,,,Nodo 1170590906
3220983677,-24.793545,-65.4210632,,,Nodo 3220983677
1167269876,-24.7928571,-65.4210026,,,Nodo 1167269876
2133908585,-24.7921734,-65.4209435,,,Nodo 2133908585
1167270503,-24.7915987,-65.420904,,,Nodo 1167270503
2133908570,-24.790982,-65.4208539,,,Nodo 2133908570
1167269805,-24.790336,-65.4207951,,,Nodo 1167269805
1390858526,-24.7860172,-65.4287626,,,Nodo 1390858526
1390858524,-24.7848189,-65.4286801,,,Nodo 1390858524
1167270334,-24.7837364,-65.4285626,,,Nodo 1167270334
1167270443,-24.7825352,-65.4284644,,,Nodo 1167270443
2134228911,-24.7818926,-65.42841,,,Nodo 2134228911
2052322995,-24.7809984,-65.4283348,,,Nodo 2052322995
2052322990,-24.7807672,-65.4283142,,,Nodo 2052322990
2052322986,-24.7805411,-65.4282985,,,Nodo 2052322986
2052322983,-24.7803088,-65.42828,,,Nodo 2052322983
12886803127,-24.7801265,-65.4282581,,,Nodo 12886803127
5912829455,-24.7800209,-65.4282454,,,Nodo 5912829455
1170591094,-24.7978482,-65.4224217,,,Nodo 1170591094
1211327737,-24.8001602,-65.421902,,,Nodo 1211327737
1211327773,-24.7976817,-65.4251762,,,Nodo 1211327773
1211327733,-24.8005877,-65.4245141,,,Nodo 1211327733
4240682115,-24.8012113,-65.4243653,,,Nodo 4240682115
1824867759,-24.7819347,-65.4325915,,,Nodo 1824867759
4240623477,-24.7821191,-65.4326078,,,Nodo 4240623477
4240623819,-24.7833579,-65.4327166,,,Nodo 4240623819
4240623825,-24.7837689,-65.4327524,,,Nodo 4240623825
2052323051,-24.7845613,-65.4328283,,,Nodo 2052323051
1824867761,-24.7857329,-65.4329403,,,Nodo 1824867761
2065925613,-24.7860617,-65.4329591,,,Nodo 2065925613
2065925635,-24.7863576,-65.4329885,,,Nodo 2065925635
1824867772,-24.7882988,-65.4331494,,,Nodo 1824867772
1824867789,-24.7963771,-65.415777,,,Nodo 1824867789
1824867788,-24.7962499,-65.4171919,,,Nodo 1824867788
1824867784,-24.7949959,-65.4170685,,,Nodo 1824867784
1824867785,-24.7951046,-65.4156495,,,Nodo 1824867785
1824867773,-24.7883486,-65.4324188,,,Nodo 1824867773
1167270103,-24.7902058,-65.4227975,,,Nodo 1167270103
1167269990,-24.7914826,-65.4228731,,,Nodo 1167269990
1365467563,-24.8058194,-65.4028356,,,Nodo 1365467563
1365467565,-24.8058344,-65.4026406,,,Nodo 1365467565
1365467571,-24.8059402,-65.401267,,,Nodo 1365467571
1365467578,-24.8060462,-65.3998908,,,Nodo 1365467578
1365467589,-24.806152,-65.3985167,,,Nodo 1365467589
12287227717,-24.8062686,-65.397196,,,Nodo 12287227717
1365467505,-24.8043659,-65.4052204,,,Nodo 1365467505
1170590761,-24.8040963,-65.4080316,,,Nodo 1170590761
8427252019,-24.8039695,-65.4093911,,,Nodo 8427252019
8427252018,-24.8039622,-65.409479,,,Nodo 8427252018
2471329355,-24.8037934,-65.4114241,,,Nodo 2471329355
1390785563,-24.8094341,-65.4013035,,,Nodo 1390785563
1365467715,-24.809446,-65.4001882,,,Nodo 1365467715
1390785562,-24.8094734,-65.3973929,,,Nodo 1390785562
1387614279,-24.80732,-65.4000028,,,Nodo 1387614279
1387614278,-24.8072075,-65.4013695,,,Nodo 1387614278
1387614277,-24.8071335,-65.4022689,,,Nodo 1387614277
1387614276,-24.8070961,-65.402766,,,Nodo 1387614276
1390785552,-24.806949,-65.4046327,,,Nodo 1390785552
1390785551,-24.8063015,-65.404593,,,Nodo 1390785551
1365467474,-24.8036201,-65.3996705,,,Nodo 1365467474
1365467289,-24.801045,-65.3994556,,,Nodo 1365467289
5919417234,-24.7987097,-65.3992586,,,Nodo 5919417234
1551413606,-24.7979826,-65.3991931,,,Nodo 1551413606
1871063311,-24.7990602,-65.4289579,,,Nodo 1871063311
1871063310,-24.7989809,-65.4289738,,,Nodo 1871063310
1170590739,-24.7973991,-65.4293352,,,Nodo 1170590739
1260445229,-24.7743939,-65.4009877,,,Nodo 1260445229
12872322274,-24.7944299,-65.3997124,,,Nodo 12872322274
12873507142,-24.7942785,-65.3998605,,,Nodo 12873507142
392350353,-24.7875891,-65.4080772,,,Nodo 392350353
13711224024,-24.7876224,-65.4072288,,,Nodo 13711224024
10760869020,-24.7876315,-65.4069954,,,Nodo 10760869020
1260437831,-24.7876969,-65.4065975,,,Nodo 1260437831
446390857,-24.7878513,-65.4054067,,,Nodo 446390857
1176386736,-24.7880097,-65.4040961,,,Nodo 1176386736
12882427189,-24.7882088,-65.4026708,,,Nodo 12882427189
392350349,-24.7866059,-65.4079793,,,Nodo 392350349
2068477174,-24.7874455,-65.4080644,,,Nodo 2068477174
392350370,-24.7887576,-65.4081943,,,Nodo 392350370
446376382,-24.789984,-65.4083104,,,Nodo 446376382
11303618804,-24.786545,-65.4085881,,,Nodo 11303618804
392350350,-24.7864696,-65.4093416,,,Nodo 392350350
2080106169,-24.7860823,-65.4127659,,,Nodo 2080106169
567058870,-24.7860157,-65.4133755,,,Nodo 567058870
1167269803,-24.7858319,-65.4147748,,,Nodo 1167269803
1167270203,-24.7856696,-65.4161466,,,Nodo 1167270203
1167270117,-24.7855715,-65.4175752,,,Nodo 1167270117
1167270410,-24.7851911,-65.4231046,,,Nodo 1167270410
2052323064,-24.7851372,-65.4238076,,,Nodo 2052323064
1167270442,-24.7850883,-65.4245019,,,Nodo 1167270442
1387608900,-24.7849688,-65.4263674,,,Nodo 1387608900
1167270374,-24.7848973,-65.4272431,,,Nodo 1167270374
446376402,-24.7808761,-65.4142481,,,Nodo 446376402
12884511870,-24.7808716,-65.4143238,,,Nodo 12884511870
12884511855,-24.7808013,-65.4155059,,,Nodo 12884511855
12884511964,-24.780796,-65.4155938,,,Nodo 12884511964
446376392,-24.7807917,-65.4156658,,,Nodo 446376392
12884511938,-24.7813309,-65.4074641,,,Nodo 12884511938
12884511952,-24.7813139,-65.407738,,,Nodo 12884511952
12884511951,-24.7812757,-65.4083559,,,Nodo 12884511951
12884511924,-24.7812536,-65.4087125,,,Nodo 12884511924
392350334,-24.7812498,-65.4087831,,,Nodo 392350334
5910349680,-24.7814451,-65.4074079,,,Nodo 5910349680
12884511867,-24.7808219,-65.4142433,,,Nodo 12884511867
1167270001,-24.7796292,-65.4141373,,,Nodo 1167270001
12259994547,-24.7843416,-65.4001871,,,Nodo 12259994547
12259994548,-24.784336,-65.4001577,,,Nodo 12259994548
12259994546,-24.7843123,-65.399966,,,Nodo 12259994546
2052323039,-24.784298,-65.3999214,,,Nodo 2052323039
3902947995,-24.7842763,-65.399891,,,Nodo 3902947995
7053285167,-24.7842225,-65.3998155,,,Nodo 7053285167
12259994549,-24.7842048,-65.3997777,,,Nodo 12259994549
2052323036,-24.7841736,-65.3996448,,,Nodo 2052323036
2052323038,-24.784172,-65.399627,,,Nodo 2052323038
12259994550,-24.7841847,-65.3996054,,,Nodo 12259994550
12259994551,-24.7842038,-65.3995851,,,Nodo 12259994551
12259994555,-24.7842234,-65.39957,,,Nodo 12259994555
7053285169,-24.7851059,-65.3990185,,,Nodo 7053285169
7053285170,-24.7851166,-65.3989948,,,Nodo 7053285170
2052323062,-24.7851166,-65.3989796,,,Nodo 2052323062
7053285171,-24.7851146,-65.3988675,,,Nodo 7053285171
5623359750,-24.7851028,-65.3988445,,,Nodo 5623359750
12259994557,-24.7850862,-65.3988391,,,Nodo 12259994557
7053285172,-24.7850553,-65.398836,,,Nodo 7053285172
12259994556,-24.7850192,-65.3988371,,,Nodo 12259994556
2052323061,-24.7850016,-65.3988428,,,Nodo 2052323061
6258381782,-24.7843186,-65.3993084,,,Nodo 6258381782
2052323042,-24.7842944,-65.3993248,,,Nodo 2052323042
2052323187,-24.7972436,-65.4314034,,,Nodo 2052323187
2052323236,-24.8024815,-65.3943171,,,Nodo 2052323236
12287197557,-24.8023253,-65.3929261,,,Nodo 12287197557
12287197560,-24.802332,-65.3928886,,,Nodo 12287197560
878834941,-24.7952019,-65.3958423,,,Nodo 878834941
2052323170,-24.7947312,-65.3957092,,,Nodo 2052323170
2052323182,-24.7968176,-65.4102598,,,Nodo 2052323182
2052323080,-24.786733,-65.4274071,,,Nodo 2052323080
2052323014,-24.7822107,-65.4031666,,,Nodo 2052323014
2076357326,-24.7822453,-65.4026035,,,Nodo 2076357326
2052323192,-24.7978119,-65.4230979,,,Nodo 2052323192
3242551364,-24.8002559,-65.422536,,,Nodo 3242551364
2052322936,-24.7767513,-65.4292654,,,Nodo 2052322936
3460650660,-24.776844,-65.4279169,,,Nodo 3460650660
2052322944,-24.7770163,-65.4250747,,,Nodo 2052322944
2052323050,-24.7844485,-65.4334137,,,Nodo 2052323050
2052323058,-24.7847179,-65.4334411,,,Nodo 2052323058
5982075008,-24.7852036,-65.4335064,,,Nodo 5982075008
2052323070,-24.785678,-65.4335702,,,Nodo 2052323070
2052323242,-24.8029491,-65.3942463,,,Nodo 2052323242
12287197561,-24.8028315,-65.3931162,,,Nodo 12287197561
2052323240,-24.8028375,-65.393054,,,Nodo 2052323240
2052323234,-24.8023773,-65.4274795,,,Nodo 2052323234
3242551367,-24.8011456,-65.4277843,,,Nodo 3242551367
2052323224,-24.8018464,-65.3976721,,,Nodo 2052323224
2052322932,-24.7760128,-65.395917,,,Nodo 2052322932
2081308265,-24.7758931,-65.3975112,,,Nodo 2081308265
2052322926,-24.775699,-65.3999472,,,Nodo 2052322926
2052323049,-24.784435,-65.425405,,,Nodo 2052323049
2052323052,-24.784523,-65.4244346,,,Nodo 2052323052
2105952201,-24.7894697,-65.4332337,,,Nodo 2105952201
2052323146,-24.7897552,-65.4332545,,,Nodo 2052323146
3904841065,-24.7822146,-65.4237461,,,Nodo 3904841065
2052323013,-24.7821819,-65.424199,,,Nodo 2052323013
2052323102,-24.7877935,-65.4289026,,,Nodo 2052323102
2052323099,-24.7877673,-65.4293259,,,Nodo 2052323099
2052322978,-24.7798545,-65.4303452,,,Nodo 2052322978
2052323015,-24.7822079,-65.4049623,,,Nodo 2052323015
2134208072,-24.7821162,-65.4061747,,,Nodo 2134208072
2052323009,-24.7820307,-65.4074862,,,Nodo 2052323009
2052323126,-24.7887668,-65.3987164,,,Nodo 2052323126
2052323123,-24.7886732,-65.39807,,,Nodo 2052323123
2052322930,-24.7758489,-65.3927806,,,Nodo 2052322930
8099065231,-24.7762774,-65.3927996,,,Nodo 8099065231
3705597399,-24.7765758,-65.3928128,,,Nodo 3705597399
2052322938,-24.7768526,-65.3928211,,,Nodo 2052322938
2052322984,-24.780444,-65.4296695,,,Nodo 2052322984
1167269980,-24.7846577,-65.4314465,,,Nodo 1167269980
11955937526,-24.7846958,-65.4315078,,,Nodo 11955937526
11955937528,-24.784707,-65.4315774,,,Nodo 11955937528
2052323056,-24.7846586,-65.4323205,,,Nodo 2052323056
11955937523,-24.7846375,-65.4326976,,,Nodo 11955937523
11955937521,-24.7846122,-65.4327662,,,Nodo 11955937521
2052322946,-24.7772991,-65.3936755,,,Nodo 2052322946
2052322948,-24.7774078,-65.3918742,,,Nodo 2052322948
2052323189,-24.7974422,-65.4286381,,,Nodo 2052323189
2052323231,-24.8022312,-65.3943553,,,Nodo 2052323231
2052323227,-24.8020762,-65.3929848,,,Nodo 2052323227
2052323211,-24.800472,-65.423845,,,Nodo 2052323211
2052323191,-24.7977283,-65.4244853,,,Nodo 2052323191
2052323174,-24.7949893,-65.3964259,,,Nodo 2052323174
2052323169,-24.7946668,-65.3961429,,,Nodo 2052323169
2052323160,-24.7928259,-65.4307323,,,Nodo 2052323160
2052323161,-24.7930827,-65.427098,,,Nodo 2052323161
2052323074,-24.7864652,-65.4280911,,,Nodo 2052323074
2052323193,-24.7984084,-65.3997475,,,Nodo 2052323193
2052323195,-24.7986718,-65.3997596,,,Nodo 2052323195
2052323201,-24.7990547,-65.3997741,,,Nodo 2052323201
2596530333,-24.8010507,-65.4196107,,,Nodo 2596530333
2052323204,-24.7998281,-65.4199034,,,Nodo 2052323204
12886803248,-24.7810219,-65.4249665,,,Nodo 12886803248
2052322993,-24.7809328,-65.425489,,,Nodo 2052322993
2052322989,-24.7807259,-65.4269037,,,Nodo 2052322989
2052322927,-24.7757588,-65.4054997,,,Nodo 2052322927
12887932742,-24.7759421,-65.4027935,,,Nodo 12887932742
3460650651,-24.7742283,-65.4289868,,,Nodo 3460650651
2052322904,-24.7743266,-65.4276062,,,Nodo 2052322904
2052323134,-24.7894808,-65.3986104,,,Nodo 2052323134
1260438014,-24.789444,-65.3991967,,,Nodo 1260438014
11955937522,-24.7845107,-65.4328971,,,Nodo 11955937522
11955937524,-24.7844813,-65.4329756,,,Nodo 11955937524
4240623821,-24.7844611,-65.4332338,,,Nodo 4240623821
4240623823,-24.7844295,-65.433683,,,Nodo 4240623823
2052323046,-24.7843756,-65.4344487,,,Nodo 2052323046
2052323002,-24.7815726,-65.4319174,,,Nodo 2052323002
6579921757,-24.7820225,-65.432788,,,Nodo 6579921757
1015252889,-24.7798109,-65.4310526,,,Nodo 1015252889
6936105057,-24.7794962,-65.431019,,,Nodo 6936105057
2052323243,-24.8029471,-65.4273589,,,Nodo 2052323243
2052323258,-24.8038584,-65.4271406,,,Nodo 2052323258
12254108910,-24.7763794,-65.3959369,,,Nodo 12254108910
12254108914,-24.7768718,-65.3959892,,,Nodo 12254108914
2123976420,-24.776903,-65.3959791,,,Nodo 2123976420
2052323055,-24.7846523,-65.423055,,,Nodo 2052323055
2052323128,-24.7890104,-65.4315898,,,Nodo 2052323128
2052322998,-24.7813816,-65.4067356,,,Nodo 2052322998
2080152229,-24.7801294,-65.4066,,,Nodo 2080152229
2052323247,-24.8032194,-65.39253,,,Nodo 2052323247
7686444112,-24.8032732,-65.3920144,,,Nodo 7686444112
12287197567,-24.8032789,-65.3919662,,,Nodo 12287197567
2052323251,-24.803297,-65.391893,,,Nodo 2052323251
1771951213,-24.7749335,-65.3926459,,,Nodo 1771951213
12254108897,-24.7750204,-65.3925954,,,Nodo 12254108897
2117071018,-24.7758359,-65.3924034,,,Nodo 2117071018
2052322939,-24.77689,-65.3921469,,,Nodo 2052322939
2134228910,-24.7806805,-65.4296859,,,Nodo 2134228910
2052323019,-24.7823534,-65.4012787,,,Nodo 2052323019
3705557426,-24.7825081,-65.4012328,,,Nodo 3705557426
2052323025,-24.7829453,-65.4010962,,,Nodo 2052323025
2052323029,-24.7833288,-65.4009979,,,Nodo 2052323029
2052323094,-24.7877171,-65.399653,,,Nodo 2052323094
2155874680,-24.7876618,-65.40107,,,Nodo 2155874680
2052323092,-24.7876211,-65.4022168,,,Nodo 2052323092
2052323140,-24.7897168,-65.4386024,,,Nodo 2052323140
2105952199,-24.7897994,-65.4374503,,,Nodo 2105952199
2105952198,-24.789907,-65.4360553,,,Nodo 2105952198
2052323147,-24.790078,-65.4336738,,,Nodo 2052323147
5982075007,-24.7900582,-65.4336063,,,Nodo 5982075007
7684408072,-24.789835,-65.4333004,,,Nodo 7684408072
2052322937,-24.7768069,-65.3936473,,,Nodo 2052322937
2052322941,-24.7769067,-65.3918446,,,Nodo 2052322941
2052322940,-24.7769189,-65.3915961,,,Nodo 2052322940
2052322942,-24.7769374,-65.3912899,,,Nodo 2052322942
2052323203,-24.7993277,-65.4288927,,,Nodo 2052323203
2052323222,-24.8018083,-65.3932314,,,Nodo 2052323222
12287197555,-24.801861,-65.3933135,,,Nodo 12287197555
12287197554,-24.8018744,-65.39335,,,Nodo 12287197554
2052323225,-24.801996,-65.3943913,,,Nodo 2052323225
2052323188,-24.7973504,-65.4300091,,,Nodo 2052323188
2052323198,-24.7987269,-65.4296834,,,Nodo 2052323198
3795863979,-24.7946205,-65.3969108,,,Nodo 3795863979
2052323167,-24.7943468,-65.3966742,,,Nodo 2052323167
2052323239,-24.8027123,-65.3942838,,,Nodo 2052323239
12287197562,-24.8025782,-65.3930342,,,Nodo 12287197562
2052323237,-24.8025855,-65.3929646,,,Nodo 2052323237
878834938,-24.7952245,-65.3950951,,,Nodo 878834938
2052323171,-24.7946511,-65.3951583,,,Nodo 2052323171
2052323185,-24.7970733,-65.4074512,,,Nodo 2052323185
2052322896,-24.7739103,-65.4240445,,,Nodo 2052322896
2052322865,-24.7713852,-65.4237607,,,Nodo 2052322865
2052322869,-24.7715348,-65.4216841,,,Nodo 2052322869
4890760995,-24.7713336,-65.4244621,,,Nodo 4890760995
2116945942,-24.7711515,-65.4272244,,,Nodo 2116945942
2079099540,-24.7710992,-65.4278954,,,Nodo 2079099540
1392330357,-24.7710593,-65.4285633,,,Nodo 1392330357
2052322862,-24.7709743,-65.4295229,,,Nodo 2052322862
6074176262,-24.8006796,-65.4250354,,,Nodo 6074176262
6074176261,-24.8006139,-65.4250532,,,Nodo 6074176261
6074176263,-24.8005749,-65.4250683,,,Nodo 6074176263
6074176258,-24.800502,-65.4251113,,,Nodo 6074176258
6074176264,-24.80047,-65.4251409,,,Nodo 6074176264
6074176259,-24.8004325,-65.4251794,,,Nodo 6074176259
6074176265,-24.8003963,-65.4252154,,,Nodo 6074176265
6074176260,-24.8003484,-65.4252454,,,Nodo 6074176260
2052323190,-24.7976342,-65.4258682,,,Nodo 2052323190
3460650654,-24.7754755,-65.429114,,,Nodo 3460650654
3460650655,-24.7755746,-65.4277634,,,Nodo 3460650655
2052322928,-24.7757511,-65.4249409,,,Nodo 2052322928
1176386793,-24.7900721,-65.3991005,,,Nodo 1176386793
12259994654,-24.7900749,-65.3990427,,,Nodo 12259994654
12259994645,-24.7900757,-65.3990097,,,Nodo 12259994645
2052323144,-24.7899921,-65.398501,,,Nodo 2052323144
12259994647,-24.7899031,-65.3976713,,,Nodo 12259994647
12259994650,-24.789899,-65.3976146,,,Nodo 12259994650
2052323142,-24.7899032,-65.3975105,,,Nodo 2052323142
2052323065,-24.7852679,-65.4323693,,,Nodo 2052323065
2052323057,-24.7846875,-65.4338973,,,Nodo 2052323057
2052323118,-24.7885391,-65.4296992,,,Nodo 2052323118
2052323091,-24.7876542,-65.4296484,,,Nodo 2052323091
2052323000,-24.7815125,-65.4007557,,,Nodo 2052323000
12259994527,-24.7819216,-65.4005886,,,Nodo 12259994527
12259994528,-24.7821899,-65.4004576,,,Nodo 12259994528
12259994529,-24.782268,-65.4004108,,,Nodo 12259994529
2052323020,-24.7823212,-65.4003708,,,Nodo 2052323020
2052323216,-24.8013582,-65.3974425,,,Nodo 2052323216
2052323214,-24.801038,-65.3946358,,,Nodo 2052323214
2052322919,-24.775294,-65.4001919,,,Nodo 2052322919
2081308253,-24.7755276,-65.3974923,,,Nodo 2081308253
2052323037,-24.7840619,-65.4236839,,,Nodo 2052323037
2052323116,-24.788461,-65.4308206,,,Nodo 2052323116
2052323131,-24.7891685,-65.4317964,,,Nodo 2052323131
2052323293,-24.8073707,-65.396613,,,Nodo 2052323293
2052323292,-24.807132,-65.3959658,,,Nodo 2052323292
2052322947,-24.7773749,-65.4014702,,,Nodo 2052322947
1260445205,-24.7772694,-65.4030927,,,Nodo 1260445205
2052323246,-24.8031059,-65.3931424,,,Nodo 2052323246
2052323098,-24.7877464,-65.4284235,,,Nodo 2052323098
2052323096,-24.7877091,-65.4288947,,,Nodo 2052323096
2052322991,-24.7808904,-65.4297005,,,Nodo 2052322991
2052323008,-24.7819559,-65.4074791,,,Nodo 2052323008
2052323006,-24.7818833,-65.4088685,,,Nodo 2052323006
2052322929,-24.7757838,-65.3915619,,,Nodo 2052322929
2052322982,-24.7802245,-65.4296546,,,Nodo 2052322982
2052323166,-24.7940908,-65.4308314,,,Nodo 2052323166
2052322987,-24.780734,-65.4325729,,,Nodo 2052322987
2052322994,-24.7809595,-65.4321781,,,Nodo 2052322994
3313256787,-24.770734,-65.4147905,,,Nodo 3313256787
4240297258,-24.7707566,-65.4149639,,,Nodo 4240297258
3313256790,-24.7707599,-65.4150314,,,Nodo 3313256790
6077476405,-24.7707383,-65.4152823,,,Nodo 6077476405
6077476392,-24.7707143,-65.4156402,,,Nodo 6077476392
12253568197,-24.7706735,-65.4162512,,,Nodo 12253568197
3460650627,-24.7705949,-65.4174273,,,Nodo 3460650627
9434472331,-24.7705887,-65.4175147,,,Nodo 9434472331
2082842190,-24.7705215,-65.418551,,,Nodo 2082842190
3313256782,-24.7703837,-65.4207923,,,Nodo 3313256782
7684408052,-24.770372,-65.4208951,,,Nodo 7684408052
12253568226,-24.7703573,-65.4209458,,,Nodo 12253568226
4240571021,-24.770339,-65.4209802,,,Nodo 4240571021
3903488892,-24.7702691,-65.421094,,,Nodo 3903488892
1551402685,-24.7967225,-65.3960657,,,Nodo 1551402685
12882427050,-24.7968017,-65.3960197,,,Nodo 12882427050
12882427051,-24.7968655,-65.3959991,,,Nodo 12882427051
6077476411,-24.7969445,-65.3959947,,,Nodo 6077476411
6077476428,-24.7979596,-65.3958402,,,Nodo 6077476428
2052323194,-24.7985041,-65.395772,,,Nodo 2052323194
2052323207,-24.8000884,-65.3955433,,,Nodo 2052323207
1551415519,-24.7899794,-65.3975608,,,Nodo 1551415519
1551415520,-24.7900268,-65.3975937,,,Nodo 1551415520
12259994653,-24.7901493,-65.39771,,,Nodo 12259994653
1551415502,-24.790491,-65.3980403,,,Nodo 1551415502
1551415514,-24.7907472,-65.3983001,,,Nodo 1551415514
5923385060,-24.7907918,-65.3983347,,,Nodo 5923385060
12259994661,-24.790836,-65.3983511,,,Nodo 12259994661
1551415489,-24.7909984,-65.3983747,,,Nodo 1551415489
1551415516,-24.7912314,-65.3983813,,,Nodo 1551415516
12259994676,-24.791839,-65.3983978,,,Nodo 12259994676
1551415505,-24.7920145,-65.3984045,,,Nodo 1551415505
1551415498,-24.7921187,-65.3984008,,,Nodo 1551415498
11280289114,-24.792187,-65.3983932,,,Nodo 11280289114
1551415494,-24.7925281,-65.3983506,,,Nodo 1551415494
12259994677,-24.7925981,-65.3983325,,,Nodo 12259994677
12259994678,-24.7926621,-65.3983048,,,Nodo 12259994678
12259994679,-24.7928229,-65.3982074,,,Nodo 12259994679
12259994680,-24.7929094,-65.398148,,,Nodo 12259994680
1551415496,-24.7932349,-65.3978631,,,Nodo 1551415496
12259994688,-24.7932716,-65.3978382,,,Nodo 12259994688
12259994687,-24.793301,-65.3978293,,,Nodo 12259994687
1551415511,-24.793333,-65.397833,,,Nodo 1551415511
11280289113,-24.7935737,-65.3978838,,,Nodo 11280289113
1551415507,-24.7936434,-65.3979127,,,Nodo 1551415507
5919417233,-24.7986897,-65.399322,,,Nodo 5919417233
7686443987,-24.7987312,-65.3991729,,,Nodo 7686443987
2052323199,-24.798805,-65.3980994,,,Nodo 2052323199
2052323097,-24.7877147,-65.4304485,,,Nodo 2052323097
2052323095,-24.7876898,-65.4309322,,,Nodo 2052323095
4236758055,-24.7753144,-65.4002203,,,Nodo 4236758055
4236758053,-24.7753422,-65.4002352,,,Nodo 4236758053
2052322921,-24.7753755,-65.4002258,,,Nodo 2052322921
4236758054,-24.7756307,-65.4000564,,,Nodo 4236758054
12254108909,-24.7756701,-65.400015,,,Nodo 12254108909
2052323267,-24.804701,-65.3934339,,,Nodo 2052323267
12287197579,-24.8046048,-65.3932079,,,Nodo 12287197579
7686444108,-24.8045898,-65.3931942,,,Nodo 7686444108
2052323265,-24.8045712,-65.3931867,,,Nodo 2052323265
2052323254,-24.8037982,-65.3931321,,,Nodo 2052323254
2052323137,-24.7895479,-65.432295,,,Nodo 2052323137
2052323141,-24.7897617,-65.4325884,,,Nodo 2052323141
2052323152,-24.7907791,-65.4326797,,,Nodo 2052323152
1553074549,-24.805087,-65.3934406,,,Nodo 1553074549
8138806560,-24.8049913,-65.3934188,,,Nodo 8138806560
12287197587,-24.8049381,-65.3934089,,,Nodo 12287197587
7686444136,-24.8048943,-65.393407,,,Nodo 7686444136
2052323255,-24.8038539,-65.3935516,,,Nodo 2052323255
2052323213,-24.8006783,-65.3947887,,,Nodo 2052323213
4236752124,-24.8013293,-65.3945156,,,Nodo 4236752124
12287197552,-24.8013934,-65.3944909,,,Nodo 12287197552
12287197553,-24.8014512,-65.3944763,,,Nodo 12287197553
4236752126,-24.8014967,-65.3944662,,,Nodo 4236752126
1553070295,-24.8021178,-65.3943723,,,Nodo 1553070295
2052323253,-24.8036961,-65.3925799,,,Nodo 2052323253
7686444587,-24.8037292,-65.3927194,,,Nodo 7686444587
7686444109,-24.8037555,-65.3928302,,,Nodo 7686444109
12287197597,-24.8038088,-65.3948643,,,Nodo 12287197597
2052323256,-24.8038388,-65.3948578,,,Nodo 2052323256
7686444123,-24.80387,-65.394832,,,Nodo 7686444123
2052323262,-24.8041812,-65.394386,,,Nodo 2052323262
4240571047,-24.7780229,-65.4312874,,,Nodo 4240571047
2052322961,-24.7781034,-65.4311597,,,Nodo 2052322961
4240571049,-24.7781941,-65.4310685,,,Nodo 4240571049
1392318144,-24.7783033,-65.4309739,,,Nodo 1392318144
4240571051,-24.7783834,-65.4308572,,,Nodo 4240571051
4240571052,-24.7784505,-65.4306344,,,Nodo 4240571052
4240571053,-24.7784673,-65.430448,,,Nodo 4240571053
4240571044,-24.7785597,-65.4299882,,,Nodo 4240571044
2052323106,-24.7880114,-65.3985787,,,Nodo 2052323106
12259994619,-24.7879608,-65.3986488,,,Nodo 12259994619
12259994614,-24.7879101,-65.3987414,,,Nodo 12259994614
12259994613,-24.7878745,-65.3988362,,,Nodo 12259994613
4236758007,-24.7878461,-65.3989274,,,Nodo 4236758007
12259994612,-24.7878238,-65.3990486,,,Nodo 12259994612
2052323103,-24.7878139,-65.3991426,,,Nodo 2052323103
11280289104,-24.7878112,-65.3992584,,,Nodo 11280289104
2052323100,-24.7878189,-65.399409,,,Nodo 2052323100
2052323104,-24.7878421,-65.3996139,,,Nodo 2052323104
2076357328,-24.7837882,-65.4028971,,,Nodo 2076357328
12884511748,-24.783776,-65.4028092,,,Nodo 12884511748
12884511704,-24.7837603,-65.4026966,,,Nodo 12884511704
1176386822,-24.7836334,-65.4017848,,,Nodo 1176386822
12259994543,-24.7836354,-65.4016965,,,Nodo 12259994543
2052323033,-24.783698,-65.4007214,,,Nodo 2052323033
12259994536,-24.7836966,-65.4006443,,,Nodo 12259994536
12259994537,-24.7836893,-65.4005504,,,Nodo 12259994537
12259994538,-24.7836725,-65.4004781,,,Nodo 12259994538
2052323217,-24.8012902,-65.429753,,,Nodo 2052323217
2052323111,-24.7883007,-65.39943,,,Nodo 2052323111
2052323112,-24.7882891,-65.3992821,,,Nodo 2052323112
12259994629,-24.7882886,-65.3991891,,,Nodo 12259994629
4236758005,-24.7882994,-65.3991129,,,Nodo 4236758005
12259994630,-24.7883279,-65.3990198,,,Nodo 12259994630
4236758006,-24.7883584,-65.3989515,,,Nodo 4236758006
12259994631,-24.7884034,-65.3988807,,,Nodo 12259994631
2052323115,-24.7884452,-65.3988314,,,Nodo 2052323115
7681388433,-24.788482,-65.3988026,,,Nodo 7681388433
12259994637,-24.7885322,-65.3987753,,,Nodo 12259994637
12259994638,-24.7885795,-65.3987537,,,Nodo 12259994638
2052323151,-24.7907985,-65.3975148,,,Nodo 2052323151
2052323150,-24.7907076,-65.3974146,,,Nodo 2052323150
4236758004,-24.7903188,-65.3971794,,,Nodo 4236758004
7681388435,-24.7902621,-65.3971653,,,Nodo 7681388435
2052323149,-24.7902052,-65.3971588,,,Nodo 2052323149
7681388437,-24.7901665,-65.3971605,,,Nodo 7681388437
12259994652,-24.7901138,-65.3971727,,,Nodo 12259994652
12259994651,-24.7898279,-65.3972802,,,Nodo 12259994651
2052323138,-24.7897544,-65.3973112,,,Nodo 2052323138
12259994640,-24.7897105,-65.3973401,,,Nodo 12259994640
7681388436,-24.7896892,-65.3973746,,,Nodo 7681388436
2052323139,-24.7896799,-65.3974116,,,Nodo 2052323139
5107779228,-24.781629,-65.4011554,,,Nodo 5107779228
12259994514,-24.7816066,-65.401045,,,Nodo 12259994514
2052322992,-24.7814758,-65.4007148,,,Nodo 2052322992
12259994511,-24.7814402,-65.4006921,,,Nodo 12259994511
4236758049,-24.7811248,-65.4005539,,,Nodo 4236758049
4236758050,-24.7810865,-65.4005343,,,Nodo 4236758050
12259994512,-24.781031,-65.4005246,,,Nodo 12259994512
12259994513,-24.7809898,-65.4005271,,,Nodo 12259994513
8138806474,-24.7809233,-65.400543,,,Nodo 8138806474
4236758048,-24.7807932,-65.4005849,,,Nodo 4236758048
2052322979,-24.7802334,-65.40078,,,Nodo 2052322979
8138806567,-24.8051358,-65.3932618,,,Nodo 8138806567
8138806566,-24.8052112,-65.3930297,,,Nodo 8138806566
7686444137,-24.8052355,-65.3929676,,,Nodo 7686444137
2052323287,-24.8052626,-65.392928,,,Nodo 2052323287
3905055323,-24.8052933,-65.392904,,,Nodo 3905055323
3905055324,-24.8053438,-65.3928875,,,Nodo 3905055324
3905055325,-24.8053901,-65.3928885,,,Nodo 3905055325
12287197594,-24.8054288,-65.3928949,,,Nodo 12287197594
12287227721,-24.806224,-65.3931717,,,Nodo 12287227721
12287227723,-24.8062518,-65.3931875,,,Nodo 12287227723
12287227722,-24.8062641,-65.3932124,,,Nodo 12287227722
2052323289,-24.8063103,-65.3933738,,,Nodo 2052323289
12259994635,-24.7885773,-65.3981015,,,Nodo 12259994635
12259994634,-24.7885081,-65.398133,,,Nodo 12259994634
12259994633,-24.7884166,-65.3981837,,,Nodo 12259994633
8138806473,-24.7883145,-65.398251,,,Nodo 8138806473
12259994632,-24.7882238,-65.3983167,,,Nodo 12259994632
4236758008,-24.7881519,-65.39839,,,Nodo 4236758008
2052323109,-24.788084,-65.3984748,,,Nodo 2052323109
12259994618,-24.7877779,-65.3986194,,,Nodo 12259994618
12259994617,-24.7876993,-65.3986281,,,Nodo 12259994617
2052323101,-24.7876164,-65.3986334,,,Nodo 2052323101
12259994616,-24.7875585,-65.3986333,,,Nodo 12259994616
7681388434,-24.7874166,-65.3986262,,,Nodo 7681388434
2052323088,-24.787302,-65.3986122,,,Nodo 2052323088
2052323090,-24.7875617,-65.3996905,,,Nodo 2052323090
12259994608,-24.7875105,-65.3991869,,,Nodo 12259994608
2052323089,-24.7874871,-65.3990487,,,Nodo 2052323089
12259994609,-24.7874591,-65.3989415,,,Nodo 12259994609
4236758009,-24.787429,-65.398849,,,Nodo 4236758009
12259994610,-24.7873849,-65.398742,,,Nodo 12259994610
12259994615,-24.7873475,-65.3986737,,,Nodo 12259994615
4236758010,-24.7872293,-65.3985623,,,Nodo 4236758010
2052323082,-24.7871038,-65.3984702,,,Nodo 2052323082
12259994611,-24.7870058,-65.3983934,,,Nodo 12259994611
12259994588,-24.786749,-65.3981576,,,Nodo 12259994588
12259994585,-24.7866986,-65.3981157,,,Nodo 12259994585
2052323021,-24.7828498,-65.4007385,,,Nodo 2052323021
12259994534,-24.7829546,-65.4011813,,,Nodo 12259994534
2052323023,-24.7829225,-65.4015493,,,Nodo 2052323023
4236758024,-24.7829155,-65.4016891,,,Nodo 4236758024
12259994532,-24.7829062,-65.4018821,,,Nodo 12259994532
1176386808,-24.7829126,-65.4019629,,,Nodo 1176386808
2052323024,-24.7829216,-65.4020046,,,Nodo 2052323024
12259994533,-24.7829335,-65.402074,,,Nodo 12259994533
4236758029,-24.7829453,-65.4021428,,,Nodo 4236758029
2076357304,-24.78299,-65.4024812,,,Nodo 2076357304
2052323028,-24.783068,-65.4030195,,,Nodo 2052323028
2052323068,-24.7855843,-65.3998577,,,Nodo 2052323068
2052323066,-24.7855402,-65.3993117,,,Nodo 2052323066
3916321191,-24.7855473,-65.3992421,,,Nodo 3916321191
2052323067,-24.7855613,-65.3991699,,,Nodo 2052323067
12259994574,-24.785587,-65.3990971,,,Nodo 12259994574
2052323069,-24.7856127,-65.399048,,,Nodo 2052323069
12259994575,-24.785645,-65.3989988,,,Nodo 12259994575
12259994576,-24.7856887,-65.3989436,,,Nodo 12259994576
12259994579,-24.7857434,-65.3988932,,,Nodo 12259994579
5938185382,-24.7858474,-65.3988044,,,Nodo 5938185382
12259994584,-24.7865465,-65.3982028,,,Nodo 12259994584
12259994593,-24.7865925,-65.3981611,,,Nodo 12259994593
3903181353,-24.7779723,-65.3944266,,,Nodo 3903181353
13712875718,-24.7778558,-65.3941883,,,Nodo 13712875718
13712875717,-24.7777949,-65.3941092,,,Nodo 13712875717
13712875719,-24.7777462,-65.3940234,,,Nodo 13712875719
13712875720,-24.7777462,-65.393841,,,Nodo 13712875720
13712875721,-24.7777511,-65.3934199,,,Nodo 13712875721
12254108915,-24.7777905,-65.3925403,,,Nodo 12254108915
11280289102,-24.7778148,-65.3919855,,,Nodo 11280289102
2052322955,-24.7778045,-65.3919161,,,Nodo 2052322955
2052323285,-24.8052568,-65.3947124,,,Nodo 2052323285
12287227712,-24.8052529,-65.3947426,,,Nodo 12287227712
12287227711,-24.8052668,-65.3949167,,,Nodo 12287227711
2052323286,-24.8052644,-65.3949396,,,Nodo 2052323286
7686444127,-24.8052575,-65.3949662,,,Nodo 7686444127
12287227710,-24.8051744,-65.3952329,,,Nodo 12287227710
7686444126,-24.8051692,-65.3952579,,,Nodo 7686444126
2052323280,-24.8051667,-65.3952865,,,Nodo 2052323280
12287227709,-24.8052022,-65.395635,,,Nodo 12287227709
2052323282,-24.8051997,-65.3956808,,,Nodo 2052323282
7686444125,-24.8051892,-65.3957232,,,Nodo 7686444125
7686444124,-24.8051189,-65.3959251,,,Nodo 7686444124
12287227707,-24.8051079,-65.3959639,,,Nodo 12287227707
3894362292,-24.8051092,-65.3959981,,,Nodo 3894362292
2109826776,-24.8051271,-65.3961663,,,Nodo 2109826776
12287227706,-24.805146,-65.3963684,,,Nodo 12287227706
12287227705,-24.8051455,-65.3963969,,,Nodo 12287227705
2052323281,-24.8051394,-65.3964282,,,Nodo 2052323281
12287227702,-24.8050649,-65.3966681,,,Nodo 12287227702
3905055322,-24.8050597,-65.3966975,,,Nodo 3905055322
2052323273,-24.8050595,-65.396735,,,Nodo 2052323273
2052323275,-24.8050706,-65.3969291,,,Nodo 2052323275
2078075954,-24.7797664,-65.4313811,,,Nodo 2078075954
2135274842,-24.8112516,-65.4124425,,,Nodo 2135274842
7799595931,-24.8113399,-65.4109517,,,Nodo 7799595931
2055464175,-24.8121063,-65.4122932,,,Nodo 2055464175
2055464189,-24.8128974,-65.412374,,,Nodo 2055464189
2065924414,-24.8072127,-65.4207833,,,Nodo 2065924414
2065924378,-24.8066811,-65.4220541,,,Nodo 2065924378
2537451810,-24.8021202,-65.4227945,,,Nodo 2537451810
2065924267,-24.8033285,-65.4225258,,,Nodo 2065924267
2065924376,-24.8066992,-65.4205267,,,Nodo 2065924376
2134281488,-24.806187,-65.4218073,,,Nodo 2134281488
2065924271,-24.8034671,-65.4218012,,,Nodo 2065924271
2065924387,-24.8068794,-65.4239071,,,Nodo 2065924387
2065924258,-24.8025438,-65.4247394,,,Nodo 2065924258
2065924416,-24.8072289,-65.4239578,,,Nodo 2065924416
2134281487,-24.8056449,-65.4215437,,,Nodo 2134281487
2065924277,-24.8038628,-65.4289202,,,Nodo 2065924277
7686443941,-24.8036095,-65.4282234,,,Nodo 7686443941
4240682127,-24.8035946,-65.4282611,,,Nodo 4240682127
2065924270,-24.8034678,-65.4288024,,,Nodo 2065924270
2065924307,-24.8052959,-65.4292048,,,Nodo 2065924307
7686443938,-24.8055422,-65.4277903,,,Nodo 7686443938
7686443939,-24.8055419,-65.4276953,,,Nodo 7686443939
2065924328,-24.8056233,-65.4271398,,,Nodo 2065924328
7686443905,-24.805637,-65.4269407,,,Nodo 7686443905
3242551368,-24.8023008,-65.4213903,,,Nodo 3242551368
1390825956,-24.8036123,-65.4210958,,,Nodo 1390825956
6074876885,-24.8037218,-65.4211469,,,Nodo 6074876885
13697932240,-24.8038319,-65.4211989,,,Nodo 13697932240
1392570782,-24.8044283,-65.4214803,,,Nodo 1392570782
3113163093,-24.8048792,-65.4216933,,,Nodo 3113163093
2065924317,-24.8054827,-65.4219712,,,Nodo 2065924317
2065924266,-24.803321,-65.4232121,,,Nodo 2065924266
4870242380,-24.806404,-65.4200816,,,Nodo 4870242380
11281803441,-24.8064089,-65.4201321,,,Nodo 11281803441
2065924431,-24.8081275,-65.4211786,,,Nodo 2065924431
4870242364,-24.8082488,-65.4211944,,,Nodo 4870242364
3953899679,-24.8084581,-65.4211426,,,Nodo 3953899679
2065924391,-24.8068002,-65.4296903,,,Nodo 2065924391
2065924359,-24.8063225,-65.4296388,,,Nodo 2065924359
4236848035,-24.8055483,-65.4294857,,,Nodo 4236848035
2065924293,-24.8047618,-65.4293556,,,Nodo 2065924293
2065924285,-24.8039906,-65.4292254,,,Nodo 2065924285
7686443943,-24.8030604,-65.4288898,,,Nodo 7686443943
7686443944,-24.8029984,-65.4288863,,,Nodo 7686443944
5750550016,-24.8029397,-65.4288863,,,Nodo 5750550016
2065925602,-24.7858735,-65.4354908,,,Nodo 2065925602
2065925607,-24.7859465,-65.4352011,,,Nodo 2065925607
4240623842,-24.7860057,-65.4351539,,,Nodo 4240623842
2065925624,-24.7861476,-65.4350867,,,Nodo 2065925624
4240623841,-24.7862112,-65.4350525,,,Nodo 4240623841
2065925632,-24.7862546,-65.4350286,,,Nodo 2065925632
7684408075,-24.7862869,-65.4349922,,,Nodo 7684408075
2065925638,-24.78635,-65.433711,,,Nodo 2065925638
4240623827,-24.7863277,-65.433623,,,Nodo 4240623827
2065925633,-24.7862718,-65.4335411,,,Nodo 2065925633
2065925623,-24.7861289,-65.4334143,,,Nodo 2065925623
2065925616,-24.7860372,-65.4333097,,,Nodo 2065925616
2445259627,-24.7876596,-65.4380621,,,Nodo 2445259627
2445259312,-24.7871268,-65.4378698,,,Nodo 2445259312
2065925660,-24.7869032,-65.4377688,,,Nodo 2065925660
2065925644,-24.786656,-65.4376512,,,Nodo 2065925644
7686432666,-24.7865047,-65.4375567,,,Nodo 7686432666
2065925621,-24.7860834,-65.4372514,,,Nodo 2065925621
2065925598,-24.7856107,-65.4368932,,,Nodo 2065925598
2065925585,-24.7848785,-65.4363022,,,Nodo 2065925585
2065925553,-24.7835269,-65.4351894,,,Nodo 2065925553
2065925512,-24.7819916,-65.4339339,,,Nodo 2065925512
4240623478,-24.7808784,-65.4330115,,,Nodo 4240623478
2065925445,-24.7804971,-65.4327444,,,Nodo 2065925445
2065925403,-24.780111,-65.4324973,,,Nodo 2065925403
4240623464,-24.7798854,-65.4323797,,,Nodo 4240623464
4240623466,-24.7797443,-65.4323165,,,Nodo 4240623466
11449410637,-24.7796462,-65.432276,,,Nodo 11449410637
11449410635,-24.7795746,-65.4322464,,,Nodo 11449410635
2065925495,-24.7817669,-65.433405,,,Nodo 2065925495
2065925511,-24.7820451,-65.432913,,,Nodo 2065925511
2065925939,-24.7940726,-65.4325893,,,Nodo 2065925939
2065925926,-24.793865,-65.4325801,,,Nodo 2065925926
2065925893,-24.7932473,-65.4325264,,,Nodo 2065925893
2065925596,-24.7856313,-65.4345898,,,Nodo 2065925596
2065925851,-24.7925453,-65.4339228,,,Nodo 2065925851
2065925844,-24.7924014,-65.4361553,,,Nodo 2065925844
2065925945,-24.7941475,-65.4341026,,,Nodo 2065925945
2065925961,-24.7945107,-65.4341317,,,Nodo 2065925961
2065925532,-24.7827543,-65.433374,,,Nodo 2065925532
2065925523,-24.7824224,-65.4339699,,,Nodo 2065925523
2065925839,-24.7921735,-65.4358409,,,Nodo 2065925839
2065925842,-24.7923114,-65.4338838,,,Nodo 2065925842
2065925686,-24.7874884,-65.4348374,,,Nodo 2065925686
2065925854,-24.7926197,-65.436451,,,Nodo 2065925854
2065925880,-24.792778,-65.4342262,,,Nodo 2065925880
2065925937,-24.7940508,-65.4329354,,,Nodo 2065925937
2134228913,-24.7940969,-65.4322098,,,Nodo 2134228913
2065925942,-24.7941354,-65.4315528,,,Nodo 2065925942
2065925552,-24.7835317,-65.4348857,,,Nodo 2065925552
6096472689,-24.7839438,-65.4341805,,,Nodo 6096472689
2065925474,-24.7812964,-65.433038,,,Nodo 2065925474
2065925487,-24.7815618,-65.4325828,,,Nodo 2065925487
2065925927,-24.7938966,-65.4329492,,,Nodo 2065925927
2065925417,-24.7802938,-65.4329818,,,Nodo 2065925417
4240719015,-24.7802095,-65.433597,,,Nodo 4240719015
7686720683,-24.7802054,-65.4337519,,,Nodo 7686720683
7684408074,-24.7909671,-65.4348372,,,Nodo 7684408074
7684408073,-24.7912011,-65.4351635,,,Nodo 7684408073
2065925819,-24.7912229,-65.435243,,,Nodo 2065925819
2105952195,-24.7911815,-65.4361572,,,Nodo 2105952195
2105952202,-24.791076,-65.4375461,,,Nodo 2105952202
2065925811,-24.7909578,-65.4389428,,,Nodo 2065925811
11623939971,-24.7848631,-65.4363349,,,Nodo 11623939971
2134241675,-24.785396,-65.4351532,,,Nodo 2134241675
7390730283,-24.7855779,-65.4347608,,,Nodo 7390730283
2065925885,-24.7929977,-65.4345279,,,Nodo 2065925885
2065925881,-24.7928481,-65.4367445,,,Nodo 2065925881
2065925906,-24.7934855,-65.4339568,,,Nodo 2065925906
2065925946,-24.7941218,-65.433768,,,Nodo 2065925946
7686443901,-24.7941523,-65.4337854,,,Nodo 7686443901
5923317797,-24.7941693,-65.4338177,,,Nodo 5923317797
13803302916,-24.7941065,-65.4347293,,,Nodo 13803302916
2065925941,-24.7940955,-65.4348968,,,Nodo 2065925941
2065925896,-24.7932591,-65.4330946,,,Nodo 2065925896
2065925963,-24.7945909,-65.4329406,,,Nodo 2065925963
2065925609,-24.7860046,-65.4338711,,,Nodo 2065925609
2065925683,-24.7873153,-65.4348163,,,Nodo 2065925683
2065925693,-24.7876898,-65.4348572,,,Nodo 2065925693
2065925910,-24.793565,-65.4352769,,,Nodo 2065925910
2065925913,-24.7936139,-65.4345019,,,Nodo 2065925913
7686443900,-24.7936075,-65.4344338,,,Nodo 7686443900
7686443902,-24.7932366,-65.4329167,,,Nodo 7686443902
2065925892,-24.7932303,-65.4327774,,,Nodo 2065925892
3217884133,-24.7932732,-65.4321444,,,Nodo 3217884133
2065925894,-24.7932845,-65.4318803,,,Nodo 2065925894
2067986612,-24.7745946,-65.4135952,,,Nodo 2067986612
13251088156,-24.7745901,-65.4136832,,,Nodo 13251088156
13523339848,-24.7745523,-65.4143693,,,Nodo 13523339848
595505255,-24.7745478,-65.4145009,,,Nodo 595505255
2067986628,-24.776435,-65.4138163,,,Nodo 2067986628
2117071014,-24.7758623,-65.4137193,,,Nodo 2117071014
2067986593,-24.7733318,-65.4134719,,,Nodo 2067986593
7681050333,-24.7868919,-65.4059463,,,Nodo 7681050333
1390703260,-24.7868605,-65.4060436,,,Nodo 1390703260
3898617082,-24.7868107,-65.4063435,,,Nodo 3898617082
392350348,-24.7867668,-65.4066662,,,Nodo 392350348
12872347582,-24.7941837,-65.4007905,,,Nodo 12872347582
12875844244,-24.7941766,-65.4010965,,,Nodo 12875844244
12873411257,-24.7941724,-65.4012761,,,Nodo 12873411257
12872347857,-24.794165,-65.4014939,,,Nodo 12872347857
2068540646,-24.7941623,-65.4015961,,,Nodo 2068540646
446390862,-24.7931165,-65.416866,,,Nodo 446390862
7439686385,-24.7985354,-65.4174263,,,Nodo 7439686385
3374876591,-24.799057,-65.41748,,,Nodo 3374876591
1390825926,-24.7994307,-65.4175349,,,Nodo 1390825926
6917297151,-24.7998638,-65.4175741,,,Nodo 6917297151
1390825928,-24.8007572,-65.4176551,,,Nodo 1390825928
1015252956,-24.7943234,-65.4169929,,,Nodo 1015252956
2068477199,-24.7948566,-65.4170552,,,Nodo 2068477199
1170591219,-24.7956052,-65.4171297,,,Nodo 1170591219
1170591138,-24.7968875,-65.4172589,,,Nodo 1170591138
1393667390,-24.7946406,-65.432251,,,Nodo 1393667390
13803302913,-24.7923754,-65.432074,,,Nodo 13803302913
1393667385,-24.7921176,-65.432057,,,Nodo 1393667385
1170591304,-24.7970164,-65.4158493,,,Nodo 1170591304
1170591107,-24.7957349,-65.4157073,,,Nodo 1170591107
1170591156,-24.7971303,-65.4144985,,,Nodo 1170591156
1260431112,-24.7942699,-65.4005739,,,Nodo 1260431112
12872347584,-24.7943464,-65.4005718,,,Nodo 12872347584
12875844238,-24.7946304,-65.4005642,,,Nodo 12875844238
12875844237,-24.7947692,-65.4005604,,,Nodo 12875844237
12872347533,-24.7948148,-65.4005592,,,Nodo 12872347533
12875844236,-24.7948642,-65.4005579,,,Nodo 12875844236
12875844254,-24.7949859,-65.4005546,,,Nodo 12875844254
12872322269,-24.7951635,-65.4005498,,,Nodo 12872322269
1260437109,-24.7882475,-65.4023098,,,Nodo 1260437109
12882427164,-24.7883552,-65.4022905,,,Nodo 12882427164
12882427146,-24.7891274,-65.4021521,,,Nodo 12882427146
12882427155,-24.789369,-65.402108,,,Nodo 12882427155
5941408755,-24.7896075,-65.4020639,,,Nodo 5941408755
5941408758,-24.7900593,-65.4019923,,,Nodo 5941408758
12882427111,-24.7901802,-65.4019713,,,Nodo 12882427111
1260437534,-24.7869351,-65.4023558,,,Nodo 1260437534
12882427214,-24.7869316,-65.4022693,,,Nodo 12882427214
12882427330,-24.7868945,-65.4013615,,,Nodo 12882427330
1260437555,-24.786888,-65.4012028,,,Nodo 1260437555
12882427334,-24.7868819,-65.4010685,,,Nodo 12882427334
12882427338,-24.7868347,-65.4000296,,,Nodo 12882427338
1260437556,-24.7868238,-65.399789,,,Nodo 1260437556
12873890029,-24.7959213,-65.4031322,,,Nodo 12873890029
2068540759,-24.7959159,-65.4030177,,,Nodo 2068540759
12872347602,-24.7958587,-65.4028404,,,Nodo 12872347602
12872347722,-24.7958415,-65.4027868,,,Nodo 12872347722
12872347605,-24.7955452,-65.4018605,,,Nodo 12872347605
12872347603,-24.7955232,-65.4017408,,,Nodo 12872347603
12873890083,-24.7955228,-65.4017281,,,Nodo 12873890083
2068540634,-24.7939554,-65.4100167,,,Nodo 2068540634
12874634506,-24.793964,-65.4099351,,,Nodo 12874634506
2068540637,-24.7940274,-65.4093351,,,Nodo 2068540637
2068540677,-24.7946717,-65.4072167,,,Nodo 2068540677
1167269921,-24.7940319,-65.4045555,,,Nodo 1167269921
12873890080,-24.7940273,-65.4046323,,,Nodo 12873890080
12875844269,-24.7940015,-65.4052078,,,Nodo 12875844269
12874282564,-24.7939766,-65.4057625,,,Nodo 12874282564
392350341,-24.7839014,-65.4076919,,,Nodo 392350341
5941408761,-24.7842544,-65.40773,,,Nodo 5941408761
2068477168,-24.7850311,-65.4078137,,,Nodo 2068477168
392350345,-24.7852213,-65.407834,,,Nodo 392350345
392350336,-24.7827409,-65.4062804,,,Nodo 392350336
1167270361,-24.7828178,-65.4050225,,,Nodo 1167270361
567058878,-24.7822956,-65.4130335,,,Nodo 567058878
2068445549,-24.7823657,-65.4119911,,,Nodo 2068445549
11624973502,-24.7823804,-65.4117516,,,Nodo 11624973502
12873890078,-24.7939568,-65.4045493,,,Nodo 12873890078
12873752319,-24.7928555,-65.4044584,,,Nodo 12873752319
1260431218,-24.7927818,-65.4044523,,,Nodo 1260431218
878835003,-24.7915305,-65.4043806,,,Nodo 878835003
1176386807,-24.7902438,-65.4042576,,,Nodo 1176386807
12884511872,-24.7810512,-65.4142663,,,Nodo 12884511872
5910349675,-24.7809896,-65.4142584,,,Nodo 5910349675
1167270523,-24.7844953,-65.4174728,,,Nodo 1167270523
1167270223,-24.7832527,-65.4173529,,,Nodo 1167270223
1167270282,-24.7820193,-65.4172392,,,Nodo 1167270282
12884511839,-24.780878,-65.4170893,,,Nodo 12884511839
5910349673,-24.7808083,-65.4170868,,,Nodo 5910349673
1167269894,-24.780692,-65.4170769,,,Nodo 1167269894
12884511848,-24.7806053,-65.4170719,,,Nodo 12884511848
1167270006,-24.7794756,-65.4170057,,,Nodo 1167270006
8415593438,-24.7913571,-65.4057127,,,Nodo 8415593438
8415593443,-24.7913527,-65.4057959,,,Nodo 8415593443
392350362,-24.7913434,-65.4070282,,,Nodo 392350362
392350363,-24.7913123,-65.4084173,,,Nodo 392350363
5909120207,-24.7913097,-65.4085002,,,Nodo 5909120207
392350364,-24.7911981,-65.4097793,,,Nodo 392350364
392350365,-24.7910587,-65.4111567,,,Nodo 392350365
392350361,-24.7909409,-65.412528,,,Nodo 392350361
1167270180,-24.7907274,-65.4151557,,,Nodo 1167270180
13701254477,-24.7906834,-65.4157153,,,Nodo 13701254477
11747705619,-24.7905684,-65.4172552,,,Nodo 11747705619
1167270243,-24.7905105,-65.4180886,,,Nodo 1167270243
4240571013,-24.7904319,-65.4192028,,,Nodo 4240571013
1167270461,-24.7901589,-65.42357,,,Nodo 1167270461
1393667383,-24.7895834,-65.4318339,,,Nodo 1393667383
1387511770,-24.7895255,-65.4325853,,,Nodo 1387511770
1824867775,-24.7892623,-65.4360067,,,Nodo 1824867775
2105952200,-24.7891613,-65.4373962,,,Nodo 2105952200
2052323129,-24.7891051,-65.4381694,,,Nodo 2052323129
1260432442,-24.7876673,-65.4105321,,,Nodo 1260432442
994612648,-24.7875948,-65.4101314,,,Nodo 994612648
1260432445,-24.787568,-65.4098823,,,Nodo 1260432445
392350354,-24.7875635,-65.4094554,,,Nodo 392350354
12884511840,-24.7806862,-65.4171558,,,Nodo 12884511840
12884511826,-24.780605,-65.4183782,,,Nodo 12884511826
12884511829,-24.7805937,-65.418571,,,Nodo 12884511829
12884511843,-24.7805353,-65.4195739,,,Nodo 12884511843
12884511820,-24.7805257,-65.4197387,,,Nodo 12884511820
1387507807,-24.7804923,-65.4202704,,,Nodo 1387507807
12886768063,-24.7804805,-65.42045,,,Nodo 12886768063
12886768058,-24.7804377,-65.4211014,,,Nodo 12886768058
12886768061,-24.78042,-65.42138,,,Nodo 12886768061
12886768069,-24.7803493,-65.4225416,,,Nodo 12886768069
12886768078,-24.7803485,-65.4225545,,,Nodo 12886768078
1167270384,-24.7803415,-65.4226688,,,Nodo 1167270384
392350335,-24.7811438,-65.4101656,,,Nodo 392350335
12884511909,-24.7811393,-65.4102334,,,Nodo 12884511909
12884511887,-24.7811184,-65.4105406,,,Nodo 12884511887
12884511891,-24.7811016,-65.410792,,,Nodo 12884511891
12884511889,-24.7810842,-65.4110517,,,Nodo 12884511889
12884511897,-24.7810619,-65.411441,,,Nodo 12884511897
392350311,-24.7810578,-65.4115135,,,Nodo 392350311
12874338406,-24.793961,-65.4059887,,,Nodo 12874338406
12874634276,-24.793918,-65.4070801,,,Nodo 12874634276
1167270403,-24.7939114,-65.4071657,,,Nodo 1167270403
4240571011,-24.7930293,-65.418597,,,Nodo 4240571011
4240571010,-24.7930228,-65.4187017,,,Nodo 4240571010
5910349678,-24.7812553,-65.4101743,,,Nodo 5910349678
1167270460,-24.7918297,-65.4182363,,,Nodo 1167270460
13701300152,-24.7900542,-65.4180283,,,Nodo 13701300152
567058867,-24.7945556,-65.4142311,,,Nodo 567058867
567058868,-24.7958436,-65.4143732,,,Nodo 567058868
12259994700,-24.7935716,-65.3983932,,,Nodo 12259994700
5486881981,-24.7934923,-65.3985032,,,Nodo 5486881981
1260438103,-24.7931448,-65.3989847,,,Nodo 1260438103
878834969,-24.7928934,-65.3993306,,,Nodo 878834969
1260428340,-24.792504,-65.3998633,,,Nodo 1260428340
11280289112,-24.792428,-65.3999881,,,Nodo 11280289112
878834971,-24.7923614,-65.4001239,,,Nodo 878834971
1260437097,-24.7922329,-65.4004499,,,Nodo 1260437097
1260443036,-24.7918117,-65.4015018,,,Nodo 1260443036
12259994681,-24.7917919,-65.4015575,,,Nodo 12259994681
1168544395,-24.7951269,-65.407278,,,Nodo 1168544395
11749456245,-24.7945972,-65.4137655,,,Nodo 11749456245
1170591049,-24.7946769,-65.4128732,,,Nodo 1170591049
1170590692,-24.794778,-65.4114673,,,Nodo 1170590692
567058877,-24.7948911,-65.4101036,,,Nodo 567058877
985377311,-24.7979409,-65.3982109,,,Nodo 985377311
985377313,-24.7979169,-65.3978962,,,Nodo 985377313
567058880,-24.784789,-65.4132621,,,Nodo 567058880
1188226907,-24.7848388,-65.4126489,,,Nodo 1188226907
392350346,-24.7851203,-65.4091942,,,Nodo 392350346
1365467488,-24.803841,-65.3973991,,,Nodo 1365467488
12872322263,-24.7951991,-65.4004574,,,Nodo 12872322263
12872322265,-24.7952167,-65.4003475,,,Nodo 12872322265
12875844239,-24.7952475,-65.4002525,,,Nodo 12875844239
1260431085,-24.7952512,-65.4002436,,,Nodo 1260431085
12875844240,-24.7953638,-65.3999445,,,Nodo 12875844240
1260431077,-24.7954432,-65.3997338,,,Nodo 1260431077
1260431078,-24.7956588,-65.3991581,,,Nodo 1260431078
446376372,-24.7957549,-65.3989244,,,Nodo 446376372
8138806565,-24.8051653,-65.3930297,,,Nodo 8138806565
12287197589,-24.805148,-65.3930286,,,Nodo 12287197589
8138806564,-24.8051225,-65.3930162,,,Nodo 8138806564
8138806563,-24.8050808,-65.3929826,,,Nodo 8138806563
2052323274,-24.805028,-65.39289,,,Nodo 2052323274
2052323272,-24.8049955,-65.3928459,,,Nodo 2052323272
8138806561,-24.804949,-65.3927968,,,Nodo 8138806561
2052323270,-24.8048778,-65.3927384,,,Nodo 2052323270
12287197590,-24.80482,-65.3927046,,,Nodo 12287197590
12287197591,-24.8047674,-65.3926775,,,Nodo 12287197591
2052323269,-24.804724,-65.3926583,,,Nodo 2052323269
12287197592,-24.8046617,-65.392645,,,Nodo 12287197592
2052323266,-24.8046067,-65.3926396,,,Nodo 2052323266
7686444115,-24.8041431,-65.3926175,,,Nodo 7686444115
3142332001,-24.803931,-65.3926016,,,Nodo 3142332001
12287197568,-24.8031343,-65.392531,,,Nodo 12287197568
2052323244,-24.8030782,-65.3925401,,,Nodo 2052323244
12287197566,-24.8030247,-65.3925516,,,Nodo 12287197566
7686444104,-24.8029589,-65.3925723,,,Nodo 7686444104
2052323241,-24.8028031,-65.392636,,,Nodo 2052323241
2052323235,-24.8024217,-65.392793,,,Nodo 2052323235
12287197559,-24.802287,-65.3928523,,,Nodo 12287197559
2052323232,-24.8022458,-65.3928691,,,Nodo 2052323232
12287197556,-24.8021848,-65.3928995,,,Nodo 12287197556
2052323229,-24.802131,-65.3929391,,,Nodo 2052323229
2052323218,-24.8015103,-65.3935204,,,Nodo 2052323218
7686444102,-24.8013244,-65.3937087,,,Nodo 7686444102
12287197551,-24.8012924,-65.3937402,,,Nodo 12287197551
12287197550,-24.8011922,-65.3938719,,,Nodo 12287197550
2052323215,-24.8011386,-65.3939554,,,Nodo 2052323215
12872347751,-24.7954669,-65.401565,,,Nodo 12872347751
12875844252,-24.7951599,-65.4015724,,,Nodo 12875844252
12875844249,-24.7950019,-65.4015762,,,Nodo 12875844249
12875844251,-24.794809,-65.4015808,,,Nodo 12875844251
12875844247,-24.794769,-65.4015818,,,Nodo 12875844247
12875844250,-24.7947274,-65.4015828,,,Nodo 12875844250
12875844248,-24.7946235,-65.4015853,,,Nodo 12875844248
12872347750,-24.7942583,-65.4015941,,,Nodo 12872347750
12872347724,-24.7959912,-65.4030182,,,Nodo 12872347724
8138806562,-24.8051252,-65.3933229,,,Nodo 8138806562
8138806568,-24.8051418,-65.393205,,,Nodo 8138806568
8138806570,-24.8051398,-65.3931274,,,Nodo 8138806570
8138806569,-24.8051276,-65.3930724,,,Nodo 8138806569
12287197588,-24.8051083,-65.3930298,,,Nodo 12287197588
1365467680,-24.8074177,-65.3986321,,,Nodo 1365467680
12125603264,-24.7864989,-65.4134269,,,Nodo 12125603264
567058871,-24.7870476,-65.4134854,,,Nodo 567058871
446424114,-24.8081274,-65.3968093,,,Nodo 446424114
12873411295,-24.7941589,-65.4017437,,,Nodo 12873411295
12872347853,-24.7941563,-65.401855,,,Nodo 12872347853
12872347754,-24.7941104,-65.4028786,,,Nodo 12872347754
1167270395,-24.794106,-65.4029506,,,Nodo 1167270395
2080352439,-24.7953305,-65.4045785,,,Nodo 2080352439
1168544260,-24.7953708,-65.4044303,,,Nodo 1168544260
2080352475,-24.7956154,-65.4038469,,,Nodo 2080352475
12873890039,-24.7957529,-65.4035173,,,Nodo 12873890039
12874338422,-24.7952532,-65.4058462,,,Nodo 12874338422
12875844275,-24.7953003,-65.4050275,,,Nodo 12875844275
12875844280,-24.795315,-65.4047726,,,Nodo 12875844280
12874338424,-24.7953199,-65.4046875,,,Nodo 12874338424
7800030781,-24.8081336,-65.4018473,,,Nodo 7800030781
7800030779,-24.8082314,-65.4018069,,,Nodo 7800030779
5977169197,-24.8084428,-65.4017215,,,Nodo 5977169197
5977169199,-24.8087017,-65.4016137,,,Nodo 5977169199
5977169201,-24.8089178,-65.401521,,,Nodo 5977169201
5977169203,-24.8091519,-65.4014208,,,Nodo 5977169203
1390751821,-24.8115767,-65.4003997,,,Nodo 1390751821
3242559802,-24.8113284,-65.4003702,,,Nodo 3242559802
1390788629,-24.8107187,-65.4003041,,,Nodo 1390788629
1365467704,-24.808131,-65.400075,,,Nodo 1365467704
12872347756,-24.7941029,-65.4030368,,,Nodo 12872347756
2068477196,-24.7940422,-65.4043273,,,Nodo 2068477196
12873890079,-24.7940365,-65.4044546,,,Nodo 12873890079
1260428345,-24.7916047,-65.4027726,,,Nodo 1260428345
5909120113,-24.7916697,-65.4027811,,,Nodo 5909120113
5909120114,-24.7922085,-65.4028512,,,Nodo 5909120114
1260438016,-24.7928623,-65.4028719,,,Nodo 1260438016
571784167,-24.7867758,-65.4162011,,,Nodo 571784167
12884511860,-24.7807853,-65.4157593,,,Nodo 12884511860
12884511837,-24.7806995,-65.4170057,,,Nodo 12884511837
12884511881,-24.7809662,-65.4129445,,,Nodo 12884511881
2068477158,-24.7809544,-65.4131247,,,Nodo 2068477158
12884511868,-24.7808814,-65.4141709,,,Nodo 12884511868
12874634275,-24.793899,-65.4072576,,,Nodo 12874634275
12874634379,-24.7938484,-65.4085726,,,Nodo 12874634379
12884512064,-24.7733576,-65.414953,,,Nodo 12884512064
12884512075,-24.7739225,-65.4150004,,,Nodo 12884512075
12884512039,-24.7739391,-65.4150018,,,Nodo 12884512039
4240241487,-24.8094453,-65.4029123,,,Nodo 4240241487
8416711854,-24.8094404,-65.4042587,,,Nodo 8416711854
1390785560,-24.8094401,-65.4043097,,,Nodo 1390785560
7799798724,-24.8082341,-65.408335,,,Nodo 7799798724
7799798725,-24.8081528,-65.408328,,,Nodo 7799798725
3366913211,-24.7750073,-65.4150283,,,Nodo 3366913211
2081378726,-24.7749993,-65.414986,,,Nodo 2081378726
2935192029,-24.7749706,-65.4148337,,,Nodo 2935192029
1025603509,-24.774876,-65.4146682,,,Nodo 1025603509
2935192030,-24.7747335,-65.4145515,,,Nodo 2935192030
4240297275,-24.7732535,-65.4148482,,,Nodo 4240297275
5910349676,-24.7810859,-65.4128775,,,Nodo 5910349676
12884512104,-24.7743493,-65.4164787,,,Nodo 12884512104
1392302076,-24.7756988,-65.4166282,,,Nodo 1392302076
12884512106,-24.7745026,-65.4164951,,,Nodo 12884512106
2077087071,-24.7763074,-65.4166949,,,Nodo 2077087071
5939416954,-24.775879,-65.4166479,,,Nodo 5939416954
1167269943,-24.7788674,-65.4169492,,,Nodo 1167269943
12884511992,-24.779571,-65.4154065,,,Nodo 12884511992
3366913213,-24.7795678,-65.4154754,,,Nodo 3366913213
1387612677,-24.7794317,-65.4177249,,,Nodo 1387612677
7684408044,-24.7794345,-65.4178639,,,Nodo 7684408044
1390716831,-24.7794573,-65.418025,,,Nodo 1390716831
7684408045,-24.7794755,-65.4181223,,,Nodo 7684408045
1167270388,-24.7729912,-65.419108,,,Nodo 1167270388
9170478073,-24.7728098,-65.421783,,,Nodo 9170478073
1392330815,-24.7728985,-65.4204435,,,Nodo 1392330815
2077087066,-24.7704766,-65.4211914,,,Nodo 2077087066
7684408051,-24.7705043,-65.4210251,,,Nodo 7684408051
3460650631,-24.7707099,-65.4181465,,,Nodo 3460650631
1410562256,-24.7707482,-65.4174428,,,Nodo 1410562256
11554795954,-24.7707744,-65.4170877,,,Nodo 11554795954
11554795945,-24.7708087,-65.4166217,,,Nodo 11554795945
9170478057,-24.7708206,-65.4164601,,,Nodo 9170478057
5919488310,-24.7708335,-65.4162587,,,Nodo 5919488310
5919488297,-24.7708462,-65.4161128,,,Nodo 5919488297
3313256789,-24.7709068,-65.4152893,,,Nodo 3313256789
4240297257,-24.7709195,-65.4151706,,,Nodo 4240297257
12253568196,-24.7709479,-65.4150585,,,Nodo 12253568196
3313256786,-24.7710153,-65.4148552,,,Nodo 3313256786
1188247542,-24.7703699,-65.4214679,,,Nodo 1188247542
3903488897,-24.7704064,-65.4214479,,,Nodo 3903488897
3903488898,-24.7704396,-65.4214241,,,Nodo 3903488898
2077087067,-24.7704817,-65.4213587,,,Nodo 2077087067
3903488895,-24.7704952,-65.4213032,,,Nodo 3903488895
3903488896,-24.7704935,-65.4212458,,,Nodo 3903488896
446390860,-24.7933401,-65.4127616,,,Nodo 446390860
11749456244,-24.7932848,-65.4136504,,,Nodo 11749456244
567058866,-24.7932565,-65.4141065,,,Nodo 567058866
2068477184,-24.793225,-65.4146251,,,Nodo 2068477184
571784152,-24.7931997,-65.4154181,,,Nodo 571784152
5909120090,-24.786673,-65.4162414,,,Nodo 5909120090
1168544102,-24.7783767,-65.4154668,,,Nodo 1168544102
12884512004,-24.778489,-65.4154768,,,Nodo 12884512004
5939416949,-24.779404,-65.4155586,,,Nodo 5939416949
12884511995,-24.7794553,-65.4155632,,,Nodo 12884511995
1167269843,-24.7795613,-65.4155728,,,Nodo 1167269843
1167269965,-24.7742329,-65.4192297,,,Nodo 1167269965
1392302075,-24.7755157,-65.4193496,,,Nodo 1392302075
2077087073,-24.77739,-65.4195502,,,Nodo 2077087073
2077087069,-24.7761287,-65.4194176,,,Nodo 2077087069
7684408054,-24.7763246,-65.4208182,,,Nodo 7684408054
1791162404,-24.7762672,-65.4208306,,,Nodo 1791162404
4240571023,-24.7762188,-65.4208598,,,Nodo 4240571023
4240571022,-24.7761639,-65.4209298,,,Nodo 4240571022
1791162406,-24.7760992,-65.4209494,,,Nodo 1791162406
1791162405,-24.7754061,-65.4208661,,,Nodo 1791162405
1365441857,-24.8072467,-65.413869,,,Nodo 1365441857
1365441878,-24.8076515,-65.416613,,,Nodo 1365441878
567058869,-24.7959564,-65.4129914,,,Nodo 567058869
12886803314,-24.7740603,-65.4233105,,,Nodo 12886803314
12337534555,-24.7751279,-65.423411,,,Nodo 12337534555
1392302074,-24.7752388,-65.4234241,,,Nodo 1392302074
12337534558,-24.7753531,-65.423439,,,Nodo 12337534558
12337534561,-24.7763852,-65.4235407,,,Nodo 12337534561
12337534564,-24.7765884,-65.4235635,,,Nodo 12337534564
12337534568,-24.7776495,-65.4236798,,,Nodo 12337534568
1390875719,-24.7777559,-65.4236878,,,Nodo 1390875719
12893847203,-24.7803282,-65.4239692,,,Nodo 12893847203
12886768095,-24.7803848,-65.4239766,,,Nodo 12886768095
4240571039,-24.7809702,-65.4240404,,,Nodo 4240571039
1167270521,-24.782787,-65.4242453,,,Nodo 1167270521
4240571038,-24.7832109,-65.4243126,,,Nodo 4240571038
1387608898,-24.783462,-65.4243255,,,Nodo 1387608898
1167270378,-24.7840143,-65.4243802,,,Nodo 1167270378
1170612556,-24.7737056,-65.427535,,,Nodo 1170612556
2091748229,-24.7730382,-65.4274641,,,Nodo 2091748229
4990034985,-24.7700321,-65.4270871,,,Nodo 4990034985
3460650625,-24.77056,-65.4215602,,,Nodo 3460650625
3903488890,-24.7701456,-65.4213188,,,Nodo 3903488890
12253568225,-24.7701645,-65.4213701,,,Nodo 12253568225
7684408056,-24.7701871,-65.4214071,,,Nodo 7684408056
3903488887,-24.7702285,-65.4214484,,,Nodo 3903488887
12253568224,-24.7702629,-65.4214655,,,Nodo 12253568224
3903488886,-24.7702973,-65.4214745,,,Nodo 3903488886
1390875714,-24.7776651,-65.4251362,,,Nodo 1390875714
1390712221,-24.7778379,-65.4223721,,,Nodo 1390712221
12337534567,-24.7777591,-65.4235018,,,Nodo 12337534567
1392316153,-24.777757,-65.4235872,,,Nodo 1392316153
1392302073,-24.7751269,-65.4248658,,,Nodo 1392302073
12886803273,-24.7752302,-65.4235357,,,Nodo 12886803273
1392316143,-24.7752382,-65.4233213,,,Nodo 1392316143
12337534553,-24.7752462,-65.4232171,,,Nodo 12337534553
1188247534,-24.7753131,-65.4220762,,,Nodo 1188247534
4240571026,-24.7753595,-65.4213922,,,Nodo 4240571026
13713571054,-24.7758275,-65.4144872,,,Nodo 13713571054
3366913210,-24.7757995,-65.4151068,,,Nodo 3366913210
1391039167,-24.7736155,-65.428899,,,Nodo 1391039167
2068477202,-24.7949263,-65.4156324,,,Nodo 2068477202
1015252985,-24.7944434,-65.4155708,,,Nodo 1015252985
1170591023,-24.7962118,-65.4102174,,,Nodo 1170591023
1170590624,-24.7960949,-65.4115778,,,Nodo 1170590624
13700512494,-24.7960343,-65.412218,,,Nodo 13700512494
1167269880,-24.7846993,-65.4146673,,,Nodo 1167269880
1167269897,-24.7841109,-65.4230052,,,Nodo 1167269897
4240242110,-24.8059283,-65.4140047,,,Nodo 4240242110
1365441788,-24.8058328,-65.4139672,,,Nodo 1365441788
7684408055,-24.770132,-65.4216633,,,Nodo 7684408055
3903488894,-24.7704512,-65.4211509,,,Nodo 3903488894
3460650620,-24.7704175,-65.4211187,,,Nodo 3460650620
3903488893,-24.7703775,-65.4210968,,,Nodo 3903488893
7684408053,-24.770326,-65.4210836,,,Nodo 7684408053
2067986595,-24.7745515,-65.4155521,,,Nodo 2067986595
2935192019,-24.7746695,-65.4155366,,,Nodo 2935192019
1025603459,-24.7748321,-65.4154375,,,Nodo 1025603459
2935192020,-24.7749488,-65.415278,,,Nodo 2935192020
2081378724,-24.7749948,-65.4151388,,,Nodo 2081378724
2077087065,-24.7702112,-65.4211266,,,Nodo 2077087065
3903488891,-24.7701678,-65.42118,,,Nodo 3903488891
3903488889,-24.7701449,-65.4212471,,,Nodo 3903488889
8984509847,-24.8094258,-65.3973888,,,Nodo 8984509847
1390788627,-24.8107526,-65.3974997,,,Nodo 1390788627
3242559804,-24.8113642,-65.3975529,,,Nodo 3242559804
4236727490,-24.81175,-65.3975865,,,Nodo 4236727490
1390751824,-24.8119588,-65.3976553,,,Nodo 1390751824
7800030773,-24.8125955,-65.4045906,,,Nodo 7800030773
7800030770,-24.8125324,-65.4045844,,,Nodo 7800030770
1390785592,-24.8119476,-65.4045332,,,Nodo 1390785592
7799471506,-24.8116181,-65.4045025,,,Nodo 7799471506
1390795681,-24.810925,-65.4044376,,,Nodo 1390795681
12884512105,-24.7744167,-65.4165436,,,Nodo 12884512105
4240571027,-24.7740872,-65.4212633,,,Nodo 4240571027
12886803312,-24.7739787,-65.4231654,,,Nodo 12886803312
12886803315,-24.7739628,-65.4233881,,,Nodo 12886803315
4890760997,-24.7738734,-65.4247342,,,Nodo 4890760997
1392459417,-24.8028548,-65.4267023,,,Nodo 1392459417
1390875899,-24.8037237,-65.4265009,,,Nodo 1390875899
1390825932,-24.8009262,-65.4189527,,,Nodo 1390825932
1390825931,-24.8009043,-65.4162176,,,Nodo 1390825931
1170591249,-24.7999389,-65.420578,,,Nodo 1170591249
4240682104,-24.7993108,-65.4207352,,,Nodo 4240682104
1170590911,-24.7979419,-65.4210307,,,Nodo 1170590911
5923380436,-24.7969938,-65.4212612,,,Nodo 5923380436
5923380433,-24.7969141,-65.4212846,,,Nodo 5923380433
5923380434,-24.7968465,-65.4213027,,,Nodo 5923380434
5923380435,-24.7967303,-65.4213141,,,Nodo 5923380435
1392454664,-24.8006689,-65.4327516,,,Nodo 1392454664
1394253734,-24.799668,-65.432674,,,Nodo 1394253734
1170591058,-24.7982976,-65.4159955,,,Nodo 1170591058
567058863,-24.799788,-65.4133529,,,Nodo 567058863
1170590765,-24.7997189,-65.419244,,,Nodo 1170590765
3242551366,-24.8009142,-65.4264786,,,Nodo 3242551366
3242551365,-24.8007023,-65.4251642,,,Nodo 3242551365
1392454651,-24.8001801,-65.4360526,,,Nodo 1392454651
1393656485,-24.8002151,-65.435408,,,Nodo 1393656485
1394251347,-24.8002273,-65.4350926,,,Nodo 1394251347
1392454655,-24.8002618,-65.4345615,,,Nodo 1392454655
7686443953,-24.8002996,-65.4343742,,,Nodo 7686443953
1392454660,-24.8005559,-65.4334371,,,Nodo 1392454660
2720968511,-24.8006322,-65.4330798,,,Nodo 2720968511
7686443898,-24.8007204,-65.4319974,,,Nodo 7686443898
1392454665,-24.8007441,-65.4316512,,,Nodo 1392454665
7686443897,-24.8008162,-65.4310629,,,Nodo 7686443897
4240682156,-24.8008729,-65.4308607,,,Nodo 4240682156
1392454669,-24.8009391,-65.4306473,,,Nodo 1392454669
2471320092,-24.8014519,-65.4294394,,,Nodo 2471320092
1170590703,-24.8020277,-65.4282703,,,Nodo 1170590703
2077106926,-24.8013865,-65.4291148,,,Nodo 2077106926
2445304785,-24.7947102,-65.4310447,,,Nodo 2445304785
2052323173,-24.79509,-65.4309404,,,Nodo 2052323173
2052323177,-24.7959823,-65.4310142,,,Nodo 2052323177
2052323180,-24.7967733,-65.4308196,,,Nodo 2052323180
3242549657,-24.7972976,-65.4306983,,,Nodo 3242549657
1260442986,-24.7778276,-65.4032996,,,Nodo 1260442986
12887932654,-24.7778214,-65.4033851,,,Nodo 12887932654
392350319,-24.7774787,-65.4084117,,,Nodo 392350319
392350320,-24.7773837,-65.4098166,,,Nodo 392350320
12887630877,-24.7773363,-65.4104061,,,Nodo 12887630877
1387569563,-24.7773247,-65.4105506,,,Nodo 1387569563
392350309,-24.7776393,-65.4056856,,,Nodo 392350309
3903206587,-24.7737443,-65.3980343,,,Nodo 3903206587
1454272016,-24.7737088,-65.3979736,,,Nodo 1454272016
12887932845,-24.7736847,-65.3979472,,,Nodo 12887932845
12254108811,-24.7736208,-65.397877,,,Nodo 12254108811
1454272008,-24.7735527,-65.3978093,,,Nodo 1454272008
1454272007,-24.7734756,-65.3977465,,,Nodo 1454272007
12254108810,-24.7733732,-65.3976891,,,Nodo 12254108810
3903206588,-24.7732867,-65.397658,,,Nodo 3903206588
3903206589,-24.7732144,-65.3976363,,,Nodo 3903206589
12887932869,-24.7731792,-65.3976327,,,Nodo 12887932869
1454272020,-24.7731391,-65.3976287,,,Nodo 1454272020
1454272022,-24.77304,-65.3976349,,,Nodo 1454272022
1454272003,-24.7729591,-65.3976575,,,Nodo 1454272003
12254108808,-24.7728744,-65.3976828,,,Nodo 12254108808
12254108802,-24.7726234,-65.3977679,,,Nodo 12254108802
1454272015,-24.7725019,-65.3977907,,,Nodo 1454272015
1454272012,-24.7723526,-65.3978051,,,Nodo 1454272012
11280289089,-24.7722108,-65.3978117,,,Nodo 11280289089
1454272001,-24.7720633,-65.3978153,,,Nodo 1454272001
12889150663,-24.7712536,-65.3978046,,,Nodo 12889150663
11902361875,-24.7710922,-65.3978016,,,Nodo 11902361875
1454272004,-24.7710403,-65.3978006,,,Nodo 1454272004
12889150668,-24.7708827,-65.397796,,,Nodo 12889150668
12889150695,-24.7708318,-65.3977948,,,Nodo 12889150695
1167270385,-24.7864105,-65.4232137,,,Nodo 1167270385
3897148700,-24.7867225,-65.4182137,,,Nodo 3897148700
1365441761,-24.80515,-65.4170496,,,Nodo 1365441761
2068477187,-24.7937876,-65.4098147,,,Nodo 2068477187
12874634465,-24.7937827,-65.4098978,,,Nodo 12874634465
1167270266,-24.7937767,-65.4100013,,,Nodo 1167270266
430557362,-24.7765876,-65.4028626,,,Nodo 430557362
12887932636,-24.776517,-65.4028155,,,Nodo 12887932636
1260445195,-24.7765022,-65.4028056,,,Nodo 1260445195
1260445206,-24.7764392,-65.4027587,,,Nodo 1260445206
1260445201,-24.7758189,-65.4022625,,,Nodo 1260445201
430557363,-24.7755584,-65.4020395,,,Nodo 430557363
12254108904,-24.7755057,-65.4019825,,,Nodo 12254108904
12259923367,-24.7754786,-65.4019387,,,Nodo 12259923367
1260445193,-24.7754488,-65.4018733,,,Nodo 1260445193
1260445194,-24.7753977,-65.4017482,,,Nodo 1260445194
1260445375,-24.7752307,-65.4012952,,,Nodo 1260445375
1390825944,-24.8024788,-65.4281513,,,Nodo 1390825944
1390858567,-24.8021677,-65.428233,,,Nodo 1390858567
392350331,-24.7799046,-65.410058,,,Nodo 392350331
12884511910,-24.7810904,-65.410161,,,Nodo 12884511910
1167270483,-24.7889626,-65.423453,,,Nodo 1167270483
13697041870,-24.7894838,-65.4156875,,,Nodo 13697041870
1824867769,-24.7881087,-65.4359235,,,Nodo 1824867769
4240571033,-24.7889198,-65.424194,,,Nodo 4240571033
1387511769,-24.7884384,-65.4310923,,,Nodo 1387511769
392350342,-24.7838073,-65.409049,,,Nodo 392350342
12884511928,-24.7814262,-65.4088011,,,Nodo 12884511928
5910349679,-24.7813542,-65.4087905,,,Nodo 5910349679
13711243741,-24.7925312,-65.4167853,,,Nodo 13711243741
1167270475,-24.7828826,-65.4228921,,,Nodo 1167270475
392350324,-24.7789254,-65.405787,,,Nodo 392350324
1167269919,-24.7789935,-65.404521,,,Nodo 1167269919
12887932607,-24.7790557,-65.4035157,,,Nodo 12887932607
1260443012,-24.779063,-65.4033985,,,Nodo 1260443012
12887932637,-24.7765942,-65.4027716,,,Nodo 12887932637
1260445192,-24.7766905,-65.4014536,,,Nodo 1260445192
1771508524,-24.7763266,-65.4069011,,,Nodo 1771508524
1176386821,-24.7764241,-65.4055601,,,Nodo 1176386821
12887932653,-24.776572,-65.4031598,,,Nodo 12887932653
1176386771,-24.7765799,-65.403054,,,Nodo 1176386771
1391039174,-24.7799158,-65.4296072,,,Nodo 1391039174
12886803147,-24.7800177,-65.4296228,,,Nodo 12886803147
2052323005,-24.7818083,-65.4297927,,,Nodo 2052323005
1167270480,-24.7824428,-65.4298404,,,Nodo 1167270480
1392318157,-24.7786184,-65.4294858,,,Nodo 1392318157
2091748233,-24.7792556,-65.4295479,,,Nodo 2091748233
12259700437,-24.7795519,-65.4295773,,,Nodo 12259700437
12259700439,-24.7797504,-65.4295924,,,Nodo 12259700439
12886803146,-24.7798418,-65.4296006,,,Nodo 12886803146
1167270405,-24.7920252,-65.4153103,,,Nodo 1167270405
2068477181,-24.7916926,-65.4152692,,,Nodo 2068477181
1167270446,-24.7838643,-65.4271556,,,Nodo 1167270446
2052323044,-24.7843191,-65.4271971,,,Nodo 2052323044
1194373402,-24.7856541,-65.4273072,,,Nodo 1194373402
392350366,-24.7860986,-65.4273659,,,Nodo 392350366
1167270440,-24.7839519,-65.425777,,,Nodo 1167270440
1387608899,-24.7839755,-65.4250138,,,Nodo 1387608899
392350344,-24.7853361,-65.40652,,,Nodo 392350344
1167270196,-24.7854324,-65.4052214,,,Nodo 1167270196
1167269929,-24.7855445,-65.4038979,,,Nodo 1167269929
2109826778,-24.7855961,-65.4032969,,,Nodo 2109826778
1260443039,-24.7856429,-65.4027823,,,Nodo 1260443039
11749456243,-24.7920846,-65.4144861,,,Nodo 11749456243
392350308,-24.7922252,-65.412655,,,Nodo 392350308
392350359,-24.7923441,-65.4112626,,,Nodo 392350359
392350358,-24.7924891,-65.409898,,,Nodo 392350358
392350357,-24.7925402,-65.4085278,,,Nodo 392350357
392350356,-24.7926231,-65.4071,,,Nodo 392350356
8415593470,-24.7926883,-65.405946,,,Nodo 8415593470
1260431217,-24.7926967,-65.4058033,,,Nodo 1260431217
8415593431,-24.792701,-65.4057287,,,Nodo 8415593431
12873752317,-24.7927859,-65.4043797,,,Nodo 12873752317
12873752387,-24.7928582,-65.4029534,,,Nodo 12873752387
1167270062,-24.7802452,-65.4047065,,,Nodo 1167270062
12884511960,-24.7814345,-65.4048758,,,Nodo 12884511960
446376410,-24.7814993,-65.404885,,,Nodo 446376410
1365441798,-24.8061224,-65.4147554,,,Nodo 1365441798
12889150699,-24.7708305,-65.3979301,,,Nodo 12889150699
12254108804,-24.7722182,-65.3979604,,,Nodo 12254108804
1454329886,-24.7723293,-65.3979736,,,Nodo 1454329886
12254108803,-24.7724171,-65.3979899,,,Nodo 12254108803
11280289090,-24.7725105,-65.3980124,,,Nodo 11280289090
1454329863,-24.7726159,-65.3980424,,,Nodo 1454329863
12254108834,-24.7729786,-65.3981673,,,Nodo 12254108834
1454329874,-24.7730868,-65.3982266,,,Nodo 1454329874
12254108836,-24.7732633,-65.3983369,,,Nodo 12254108836
11280289091,-24.7733207,-65.398376,,,Nodo 11280289091
12254108837,-24.7733941,-65.3984328,,,Nodo 12254108837
12254108845,-24.7735233,-65.3985471,,,Nodo 12254108845
12254108846,-24.7737222,-65.3987553,,,Nodo 12254108846
12254108847,-24.7738457,-65.3989178,,,Nodo 12254108847
12254108848,-24.7739513,-65.3990771,,,Nodo 12254108848
1454329887,-24.7739867,-65.3991376,,,Nodo 1454329887
12254108849,-24.7740346,-65.3992347,,,Nodo 12254108849
12254108856,-24.7742563,-65.3996523,,,Nodo 12254108856
12254108855,-24.7743322,-65.3997953,,,Nodo 12254108855
1260445207,-24.7743521,-65.3998443,,,Nodo 1260445207
12254108854,-24.7743682,-65.399902,,,Nodo 12254108854
1771508517,-24.7743951,-65.3999937,,,Nodo 1771508517
1260445222,-24.7744209,-65.4000877,,,Nodo 1260445222
1260445221,-24.7744341,-65.400155,,,Nodo 1260445221
2068445457,-24.7744431,-65.4002357,,,Nodo 2068445457
12887932655,-24.7778992,-65.4033053,,,Nodo 12887932655
12887932605,-24.7790001,-65.4033935,,,Nodo 12887932605
12254108865,-24.7747886,-65.4011096,,,Nodo 12254108865
1260445219,-24.7750039,-65.4012995,,,Nodo 1260445219
12259923364,-24.7750532,-65.4013668,,,Nodo 12259923364
1260445208,-24.7750845,-65.4014221,,,Nodo 1260445208
1260445214,-24.7751186,-65.4014873,,,Nodo 1260445214
12887932707,-24.7752222,-65.401787,,,Nodo 12887932707
1260445197,-24.7752614,-65.4018902,,,Nodo 1260445197
1260445210,-24.7753039,-65.4020031,,,Nodo 1260445210
12254108905,-24.7753325,-65.4020652,,,Nodo 12254108905
1260445215,-24.7754106,-65.4021561,,,Nodo 1260445215
1260445199,-24.7755606,-65.402273,,,Nodo 1260445199
1260445204,-24.7760179,-65.4026502,,,Nodo 1260445204
1260445203,-24.7761545,-65.4027632,,,Nodo 1260445203
12259923373,-24.7762575,-65.4028478,,,Nodo 12259923373
12259923375,-24.7763385,-65.4029048,,,Nodo 12259923375
12259923376,-24.7764532,-65.4029763,,,Nodo 12259923376
12887932639,-24.7764953,-65.4030021,,,Nodo 12887932639
2052322976,-24.7795838,-65.4322236,,,Nodo 2052322976
1015252886,-24.7796768,-65.431819,,,Nodo 1015252886
12886803148,-24.7799076,-65.4297063,,,Nodo 12886803148
12886803145,-24.7799189,-65.4295083,,,Nodo 12886803145
12259700442,-24.7799225,-65.4293954,,,Nodo 12259700442
12259700435,-24.7799421,-65.4291406,,,Nodo 12259700435
12259700417,-24.7799763,-65.4286969,,,Nodo 12259700417
5912829603,-24.7799988,-65.4284052,,,Nodo 5912829603
1771951199,-24.7739754,-65.3946419,,,Nodo 1771951199
1771508475,-24.7689448,-65.4051375,,,Nodo 1771508475
5116196083,-24.7690161,-65.4042347,,,Nodo 5116196083
8964090532,-24.7747112,-65.3931069,,,Nodo 8964090532
8964090530,-24.7746884,-65.393152,,,Nodo 8964090530
4240623820,-24.7832539,-65.4337135,,,Nodo 4240623820
4240623476,-24.7819854,-65.4328722,,,Nodo 4240623476
2052322999,-24.781454,-65.4325028,,,Nodo 2052322999
5912829602,-24.7798265,-65.4314209,,,Nodo 5912829602
1393656498,-24.8034427,-65.4312675,,,Nodo 1393656498
2445267871,-24.8032294,-65.4303139,,,Nodo 2445267871
2445267859,-24.8030554,-65.429498,,,Nodo 2445267859
1771508479,-24.769181,-65.400403,,,Nodo 1771508479
7681050244,-24.7671518,-65.4030442,,,Nodo 7681050244
1770948765,-24.7670606,-65.4031894,,,Nodo 1770948765
1771951168,-24.7723093,-65.3959951,,,Nodo 1771951168
1771951184,-24.7731819,-65.3941656,,,Nodo 1771951184
1771951214,-24.7749482,-65.393131,,,Nodo 1771951214
8964090531,-24.774946,-65.3930966,,,Nodo 8964090531
1771951210,-24.7748123,-65.3907366,,,Nodo 1771951210
1771951193,-24.7737548,-65.3970687,,,Nodo 1771951193
6143794181,-24.7736224,-65.3972156,,,Nodo 6143794181
1771951190,-24.7734661,-65.3973473,,,Nodo 1771951190
6143794182,-24.7731649,-65.3975448,,,Nodo 6143794182
1771951122,-24.7698863,-65.3965839,,,Nodo 1771951122
1771951125,-24.7702418,-65.3969138,,,Nodo 1771951125
1771951135,-24.7707104,-65.3973116,,,Nodo 1771951135
3903206596,-24.7707469,-65.3973595,,,Nodo 3903206596
1771951137,-24.7707469,-65.3975911,,,Nodo 1771951137
12889150692,-24.7707435,-65.3976852,,,Nodo 12889150692
12254108772,-24.7707432,-65.3976926,,,Nodo 12254108772
1392459413,-24.8024821,-65.4243365,,,Nodo 1392459413
12253944753,-24.7703432,-65.3988254,,,Nodo 12253944753
1770948769,-24.7701849,-65.3991201,,,Nodo 1770948769
1770948768,-24.7679309,-65.4033044,,,Nodo 1770948768
1770948766,-24.7671703,-65.403329,,,Nodo 1770948766
5107824278,-24.7671163,-65.403309,,,Nodo 5107824278
7681050242,-24.7670791,-65.4032557,,,Nodo 7681050242
2065925705,-24.7880189,-65.4370124,,,Nodo 2065925705
2052323108,-24.7879641,-65.4369274,,,Nodo 2052323108
2065925695,-24.7877374,-65.4367705,,,Nodo 2065925695
2052323093,-24.787589,-65.4366637,,,Nodo 2052323093
2065925678,-24.7873107,-65.436493,,,Nodo 2065925678
2065925642,-24.7865477,-65.4359459,,,Nodo 2065925642
1824867764,-24.7862614,-65.4357538,,,Nodo 1824867764
2065925595,-24.785598,-65.4352955,,,Nodo 2065925595
2065925580,-24.7846101,-65.4346237,,,Nodo 2065925580
6273351061,-24.8067107,-65.419602,,,Nodo 6273351061
5018689839,-24.8066667,-65.4195315,,,Nodo 5018689839
7686444000,-24.8066056,-65.419489,,,Nodo 7686444000
2537434136,-24.8065486,-65.4194692,,,Nodo 2537434136
5018689838,-24.8064878,-65.4194748,,,Nodo 5018689838
3953899673,-24.8064128,-65.4195138,,,Nodo 3953899673
7686444001,-24.8063748,-65.4195448,,,Nodo 7686444001
1791043062,-24.8063162,-65.4196557,,,Nodo 1791043062
10749357701,-24.7839414,-65.4145873,,,Nodo 10749357701
2068477165,-24.7838637,-65.4145845,,,Nodo 2068477165
10749357702,-24.783504,-65.4145414,,,Nodo 10749357702
10749357703,-24.7834703,-65.414538,,,Nodo 10749357703
1167270057,-24.7834464,-65.4145355,,,Nodo 1167270057
1260442999,-24.7815949,-65.4034619,,,Nodo 1260442999
11418618550,-24.7815964,-65.4035403,,,Nodo 11418618550
12884511958,-24.7815049,-65.4048069,,,Nodo 12884511958
1170590883,-24.7954461,-65.4198294,,,Nodo 1170590883
1170591208,-24.7980197,-65.4196612,,,Nodo 1170591208
4240682105,-24.7990662,-65.41941,,,Nodo 4240682105
1170591189,-24.7941585,-65.4197157,,,Nodo 1170591189
1393664777,-24.7934596,-65.4307802,,,Nodo 1393664777
13690652326,-24.7941353,-65.4204753,,,Nodo 13690652326
1775375176,-24.7510678,-65.4118482,,,Nodo 1775375176
4990034955,-24.7512905,-65.4118262,,,Nodo 4990034955
11278127975,-24.7515809,-65.4117892,,,Nodo 11278127975
4990034957,-24.7518451,-65.4117585,,,Nodo 4990034957
1771968812,-24.7520013,-65.411744,,,Nodo 1771968812
1771968813,-24.7521916,-65.4117371,,,Nodo 1771968813
11278127973,-24.7524482,-65.4117467,,,Nodo 11278127973
1771968823,-24.753119,-65.4117938,,,Nodo 1771968823
4990034959,-24.7543275,-65.41189,,,Nodo 4990034959
4990034961,-24.7552374,-65.411973,,,Nodo 4990034961
10701817553,-24.7564469,-65.4120625,,,Nodo 10701817553
4990034962,-24.7565809,-65.4120727,,,Nodo 4990034962
1771968827,-24.7568254,-65.4120929,,,Nodo 1771968827
1771984380,-24.7578576,-65.4121803,,,Nodo 1771984380
1771984391,-24.7581128,-65.4121965,,,Nodo 1771984391
4990034963,-24.7591092,-65.4122753,,,Nodo 4990034963
4990034964,-24.7599109,-65.412332,,,Nodo 4990034964
1775375181,-24.7607996,-65.4124041,,,Nodo 1775375181
12253568142,-24.7615901,-65.4124725,,,Nodo 12253568142
12253568146,-24.7617203,-65.4124758,,,Nodo 12253568146
9366172543,-24.7618431,-65.4124751,,,Nodo 9366172543
1771968833,-24.7619388,-65.4124739,,,Nodo 1771968833
12253568148,-24.762144,-65.412465,,,Nodo 12253568148
4990034967,-24.7641943,-65.4123464,,,Nodo 4990034967
11278127889,-24.7648926,-65.412311,,,Nodo 11278127889
1771986510,-24.7651977,-65.4122955,,,Nodo 1771986510
1771986525,-24.7658131,-65.4122784,,,Nodo 1771986525
11278127888,-24.7660781,-65.4122691,,,Nodo 11278127888
4990034968,-24.7696223,-65.4121445,,,Nodo 4990034968
11278127881,-24.7699721,-65.4121356,,,Nodo 11278127881
3242567065,-24.7700644,-65.4121428,,,Nodo 3242567065
11278127880,-24.7701652,-65.4121668,,,Nodo 11278127880
1771968846,-24.7702663,-65.4122001,,,Nodo 1771968846
3460650619,-24.7703713,-65.4122436,,,Nodo 3460650619
12253568164,-24.7704632,-65.4122897,,,Nodo 12253568164
12253568155,-24.7666199,-65.4121567,,,Nodo 12253568155
1771986526,-24.765825,-65.4121825,,,Nodo 1771986526
1771986511,-24.7651594,-65.4121967,,,Nodo 1771986511
1393664780,-24.7947281,-65.4308914,,,Nodo 1393664780
1170591262,-24.7947197,-65.4309542,,,Nodo 1170591262
5910349682,-24.7817105,-65.4034527,,,Nodo 5910349682
11418618541,-24.7817958,-65.4034363,,,Nodo 11418618541
12259994524,-24.7822347,-65.4033549,,,Nodo 12259994524
6096841896,-24.7830123,-65.4032215,,,Nodo 6096841896
12884508878,-24.7841196,-65.4030303,,,Nodo 12884508878
1771509763,-24.7759069,-65.4082741,,,Nodo 1771509763
4240297248,-24.7756808,-65.4082517,,,Nodo 4240297248
4240297253,-24.7756052,-65.4082427,,,Nodo 4240297253
1771509762,-24.7749556,-65.4081767,,,Nodo 1771509762
2935192008,-24.7743868,-65.4145182,,,Nodo 2935192008
1025603480,-24.7742291,-65.4146054,,,Nodo 1025603480
2935192004,-24.7741102,-65.414749,,,Nodo 2935192004
2081378696,-24.774045,-65.4149078,,,Nodo 2081378696
2065925966,-24.7946976,-65.431337,,,Nodo 2065925966
1393685685,-24.7944575,-65.4350184,,,Nodo 1393685685
2065925955,-24.7944216,-65.4355113,,,Nodo 2065925955
1393685683,-24.7943734,-65.4362711,,,Nodo 1393685683
1393656482,-24.7943071,-65.4373093,,,Nodo 1393656482
1387553595,-24.7711369,-65.4124019,,,Nodo 1387553595
11278127877,-24.7711668,-65.4123302,,,Nodo 11278127877
1387553593,-24.771172,-65.4122678,,,Nodo 1387553593
12253568185,-24.7711659,-65.4122191,,,Nodo 12253568185
1387553588,-24.7711535,-65.4121704,,,Nodo 1387553588
11278127878,-24.7711331,-65.4121205,,,Nodo 11278127878
12253568186,-24.7710962,-65.4120851,,,Nodo 12253568186
12253568187,-24.7710534,-65.4120557,,,Nodo 12253568187
1387553567,-24.7709271,-65.4119963,,,Nodo 1387553567
1771984399,-24.7708655,-65.4119813,,,Nodo 1771984399
11278127879,-24.7708089,-65.4119686,,,Nodo 11278127879
12253568190,-24.7707258,-65.4119599,,,Nodo 12253568190
1387553562,-24.770649,-65.4119581,,,Nodo 1387553562
1643743936,-24.7748545,-65.4095826,,,Nodo 1643743936
13694686562,-24.774725,-65.4116,,,Nodo 13694686562
1392302070,-24.7746854,-65.412254,,,Nodo 1392302070
1170591009,-24.798391,-65.4146455,,,Nodo 1170591009
1387566319,-24.7828377,-65.4234662,,,Nodo 1387566319
1167270532,-24.7827251,-65.4256356,,,Nodo 1167270532
1167270386,-24.7826478,-65.4270572,,,Nodo 1167270386
1167270488,-24.7823515,-65.431281,,,Nodo 1167270488
5485258838,-24.7837694,-65.4096968,,,Nodo 5485258838
11624973510,-24.7837196,-65.4103368,,,Nodo 11624973510
1551402673,-24.7979016,-65.3978221,,,Nodo 1551402673
12259994740,-24.797878,-65.3977696,,,Nodo 12259994740
12882417081,-24.7977604,-65.3975703,,,Nodo 12882417081
1551402681,-24.7977082,-65.3974819,,,Nodo 1551402681
1170590771,-24.797239,-65.4131092,,,Nodo 1170590771
1170590795,-24.7976716,-65.4075056,,,Nodo 1170590795
1365467332,-24.8012622,-65.4134551,,,Nodo 1365467332
2581630025,-24.8012236,-65.4134523,,,Nodo 2581630025
2123976453,-24.802475,-65.4119121,,,Nodo 2123976453
7799798748,-24.8081273,-65.4014476,,,Nodo 7799798748
7799798747,-24.8082352,-65.4014246,,,Nodo 7799798747
4240241483,-24.8093127,-65.4012089,,,Nodo 4240241483
12874634484,-24.7937729,-65.4100521,,,Nodo 12874634484
446390859,-24.7937381,-65.4105128,,,Nodo 446390859
2068540626,-24.793688,-65.4108244,,,Nodo 2068540626
12874634504,-24.7935638,-65.4112672,,,Nodo 12874634504
1000789479,-24.7935376,-65.4113605,,,Nodo 1000789479
5915084199,-24.7933761,-65.4124126,,,Nodo 5915084199
12999251877,-24.7906851,-65.4097436,,,Nodo 12999251877
446376380,-24.7898542,-65.4096859,,,Nodo 446376380
7805430544,-24.8027061,-65.4094036,,,Nodo 7805430544
8399446000,-24.8027213,-65.4092608,,,Nodo 8399446000
1170590792,-24.8028559,-65.4079296,,,Nodo 1170590792
1365467451,-24.8031185,-65.4051386,,,Nodo 1365467451
1365467456,-24.8032239,-65.4039172,,,Nodo 1365467456
13701395297,-24.787588,-65.4135358,,,Nodo 13701395297
3902992553,-24.7869985,-65.4141898,,,Nodo 3902992553
12882427173,-24.7882394,-65.402391,,,Nodo 12882427173
12882427167,-24.7882404,-65.4023812,,,Nodo 12882427167
12873412803,-24.7928835,-65.4024121,,,Nodo 12873412803
12873411252,-24.792924,-65.4015352,,,Nodo 12873411252
1260431219,-24.792929,-65.4014273,,,Nodo 1260431219
8415593469,-24.791554,-65.4027702,,,Nodo 8415593469
2052322916,-24.7752021,-65.3899372,,,Nodo 2052322916
1771951221,-24.7752679,-65.3900289,,,Nodo 1771951221
2952524400,-24.77542,-65.3902473,,,Nodo 2952524400
2952524396,-24.775674,-65.3907026,,,Nodo 2952524396
12254108898,-24.7757062,-65.3907782,,,Nodo 12254108898
1771951227,-24.775716,-65.3908414,,,Nodo 1771951227
1771951229,-24.7758239,-65.392036,,,Nodo 1771951229
8099065229,-24.7758393,-65.3924827,,,Nodo 8099065229
12884511997,-24.7795555,-65.4156705,,,Nodo 12884511997
12874634467,-24.7938719,-65.4100095,,,Nodo 12874634467
392350332,-24.7814293,-65.4060301,,,Nodo 392350332
12884511947,-24.7814243,-65.4061034,,,Nodo 12884511947
12884511934,-24.7813389,-65.4073226,,,Nodo 12884511934
1176386800,-24.7841527,-65.4037814,,,Nodo 1176386800
1167270037,-24.7840627,-65.4051096,,,Nodo 1167270037
392350340,-24.7839841,-65.406401,,,Nodo 392350340
5941408751,-24.7839223,-65.407366,,,Nodo 5941408751
12884511945,-24.7813672,-65.4060237,,,Nodo 12884511945
392350328,-24.7801869,-65.405902,,,Nodo 392350328
12884511949,-24.7815955,-65.4060609,,,Nodo 12884511949
5910349681,-24.7815328,-65.4060472,,,Nodo 5910349681
11303618808,-24.7875809,-65.408518,,,Nodo 11303618808
11303618794,-24.7859394,-65.4092837,,,Nodo 11303618794
1771509733,-24.7712547,-65.4077914,,,Nodo 1771509733
12887932592,-24.7778294,-65.4032172,,,Nodo 12887932592
6511026658,-24.777829,-65.4032278,,,Nodo 6511026658
2077087072,-24.7772943,-65.4208966,,,Nodo 2077087072
1167270254,-24.7790746,-65.4032386,,,Nodo 1167270254
12887932599,-24.7790789,-65.4031837,,,Nodo 12887932599
1260442995,-24.7792212,-65.4013757,,,Nodo 1260442995
2091748236,-24.7837161,-65.4004643,,,Nodo 2091748236
2052323032,-24.7836593,-65.3995801,,,Nodo 2052323032
2091748234,-24.77934,-65.4281729,,,Nodo 2091748234
2091748232,-24.7769263,-65.4069505,,,Nodo 2091748232
2091748231,-24.7768856,-65.4075981,,,Nodo 2091748231
12259994592,-24.786558,-65.3981202,,,Nodo 12259994592
2052323077,-24.7865159,-65.3980908,,,Nodo 2052323077
12259994578,-24.7858736,-65.3977033,,,Nodo 12259994578
12259994577,-24.7858425,-65.3976975,,,Nodo 12259994577
2052323073,-24.7858094,-65.3976971,,,Nodo 2052323073
2052323072,-24.7857804,-65.3977022,,,Nodo 2052323072
2052323071,-24.7857381,-65.3977167,,,Nodo 2052323071
12259994564,-24.7856984,-65.3977429,,,Nodo 12259994564
2052323063,-24.7849192,-65.3984249,,,Nodo 2052323063
12259994554,-24.7846145,-65.3986656,,,Nodo 12259994554
2052323045,-24.7843504,-65.3988643,,,Nodo 2052323045
12259994553,-24.7839945,-65.3991076,,,Nodo 12259994553
2052323035,-24.7838646,-65.3991842,,,Nodo 2052323035
12259994552,-24.7837274,-65.3992563,,,Nodo 12259994552
12259994540,-24.7834149,-65.3994041,,,Nodo 12259994540
2052323030,-24.7832706,-65.3994703,,,Nodo 2052323030
12259994539,-24.7831603,-65.3995131,,,Nodo 12259994539
7681388432,-24.7829443,-65.3995838,,,Nodo 7681388432
2052323026,-24.7827668,-65.399636,,,Nodo 2052323026
2052323011,-24.7821117,-65.3998099,,,Nodo 2052323011
12259994510,-24.7815956,-65.3999414,,,Nodo 12259994510
12259994509,-24.7811321,-65.400065,,,Nodo 12259994509
2052322996,-24.7809016,-65.400127,,,Nodo 2052322996
12259923397,-24.7803863,-65.4002987,,,Nodo 12259923397
2052322985,-24.7801361,-65.4003764,,,Nodo 2052322985
8122351856,-24.779879,-65.4004691,,,Nodo 8122351856
2052322974,-24.7793883,-65.4006551,,,Nodo 2052322974
2052322967,-24.7787001,-65.4009047,,,Nodo 2052322967
12259923396,-24.7782909,-65.4010593,,,Nodo 12259923396
12259923395,-24.7782014,-65.4011094,,,Nodo 12259923395
12259923394,-24.7781361,-65.4011481,,,Nodo 12259923394
2052322962,-24.7780679,-65.4011953,,,Nodo 2052322962
3902947994,-24.778034,-65.4012283,,,Nodo 3902947994
12259923393,-24.7780055,-65.4012669,,,Nodo 12259923393
2052322959,-24.7779789,-65.4013304,,,Nodo 2052322959
2052322957,-24.777966,-65.4013735,,,Nodo 2052322957
2109826779,-24.7868435,-65.403395,,,Nodo 2109826779
10701817536,-24.7869379,-65.4033981,,,Nodo 10701817536
5909157744,-24.786977,-65.4033972,,,Nodo 5909157744
4240571019,-24.7923066,-65.4189531,,,Nodo 4240571019
2118016405,-24.7919807,-65.4237099,,,Nodo 2118016405
1167270519,-24.7914287,-65.4236584,,,Nodo 1167270519
1390673959,-24.7860573,-65.4278518,,,Nodo 1390673959
1167270447,-24.7863022,-65.4246015,,,Nodo 1167270447
4240623472,-24.7920935,-65.4323243,,,Nodo 4240623472
12241737524,-24.7920596,-65.4328599,,,Nodo 12241737524
2065925836,-24.7919961,-65.4338625,,,Nodo 2065925836
1392384735,-24.7918938,-65.4354855,,,Nodo 1392384735
1387550353,-24.7918656,-65.4357833,,,Nodo 1387550353
1392384734,-24.7918427,-65.4361348,,,Nodo 1392384734
1824867782,-24.7918367,-65.4362272,,,Nodo 1824867782
2052323004,-24.7816927,-65.4312221,,,Nodo 2052323004
1393667384,-24.7908389,-65.4319361,,,Nodo 1393667384
1393667382,-24.7889419,-65.4317884,,,Nodo 1393667382
2123976563,-24.8057608,-65.4113536,,,Nodo 2123976563
4240242106,-24.8071384,-65.4114598,,,Nodo 4240242106
7686444038,-24.8071407,-65.4114007,,,Nodo 7686444038
7686444037,-24.807104,-65.4113674,,,Nodo 7686444037
4240242105,-24.8069226,-65.4113224,,,Nodo 4240242105
4240242104,-24.8065731,-65.4112546,,,Nodo 4240242104
2123976459,-24.8063842,-65.411247,,,Nodo 2123976459
2123976403,-24.8051274,-65.4114281,,,Nodo 2123976403
2134228914,-24.7953768,-65.4306494,,,Nodo 2134228914
2065925692,-24.7876638,-65.4352941,,,Nodo 2065925692
2065925676,-24.7872749,-65.4352523,,,Nodo 2065925676
2055464186,-24.8126505,-65.4136031,,,Nodo 2055464186
1824893807,-24.8120169,-65.4137118,,,Nodo 1824893807
4236827711,-24.7652646,-65.4086239,,,Nodo 4236827711
1643743946,-24.7661178,-65.4086452,,,Nodo 1643743946
1643743943,-24.771145,-65.4092053,,,Nodo 1643743943
1643743956,-24.7714312,-65.4092497,,,Nodo 1643743956
4240297288,-24.7714849,-65.409255,,,Nodo 4240297288
3954626663,-24.771525,-65.409259,,,Nodo 3954626663
1643743932,-24.7736844,-65.4094762,,,Nodo 1643743932
4240297252,-24.7755143,-65.4096322,,,Nodo 4240297252
9118967663,-24.7765765,-65.4097422,,,Nodo 9118967663
1170612603,-24.7766351,-65.4097509,,,Nodo 1170612603
9118967639,-24.7767001,-65.4097599,,,Nodo 9118967639
1365467381,-24.8019245,-65.4044869,,,Nodo 1365467381
1365467377,-24.8018682,-65.4050609,,,Nodo 1365467377
1170590881,-24.8015849,-65.4078242,,,Nodo 1170590881
1365467286,-24.8010332,-65.4134381,,,Nodo 1365467286
11875064307,-24.8008682,-65.4152947,,,Nodo 11875064307
2076357316,-24.8008419,-65.4154699,,,Nodo 2076357316
7686443992,-24.8007855,-65.4157048,,,Nodo 7686443992
2076357314,-24.8006931,-65.4159432,,,Nodo 2076357314
1365467203,-24.800543,-65.4162071,,,Nodo 1365467203
12097645655,-24.8009238,-65.4008944,,,Nodo 12097645655
1387614273,-24.8009293,-65.4008272,,,Nodo 1387614273
1196732258,-24.8011782,-65.3977714,,,Nodo 1196732258
1365467083,-24.7990148,-65.405765,,,Nodo 1365467083
1170591043,-24.7988867,-65.4076153,,,Nodo 1170591043
1170590828,-24.7984957,-65.4132304,,,Nodo 1170590828
1387614274,-24.8034916,-65.4010573,,,Nodo 1387614274
1392312370,-24.7710453,-65.4105303,,,Nodo 1392312370
2124600667,-24.7710525,-65.4104327,,,Nodo 2124600667
3954626662,-24.7710919,-65.4098997,,,Nodo 3954626662
7022454190,-24.7710988,-65.409816,,,Nodo 7022454190
12887630891,-24.7978444,-65.3991995,,,Nodo 12887630891
12887630892,-24.7976266,-65.3992509,,,Nodo 12887630892
13701263168,-24.7926399,-65.4242709,,,Nodo 13701263168
1390785557,-24.8081528,-65.4101324,,,Nodo 1390785557
1390785569,-24.8094705,-65.4110448,,,Nodo 1390785569
12287197598,-24.804204,-65.3962802,,,Nodo 12287197598
3894362291,-24.8042373,-65.3962826,,,Nodo 3894362291
1553070292,-24.8060818,-65.3960439,,,Nodo 1553070292
3894362293,-24.806347,-65.3960108,,,Nodo 3894362293
3894362295,-24.8063884,-65.3960063,,,Nodo 3894362295
3894362296,-24.8064188,-65.3960085,,,Nodo 3894362296
3894362297,-24.8067398,-65.3960599,,,Nodo 3894362297
3894362298,-24.8067874,-65.3960647,,,Nodo 3894362298
12287227724,-24.8068313,-65.3960616,,,Nodo 12287227724
3894362299,-24.8068803,-65.3960472,,,Nodo 3894362299
3894362300,-24.8070252,-65.3960077,,,Nodo 3894362300
3894362301,-24.8072255,-65.3959247,,,Nodo 3894362301
12287227727,-24.8079881,-65.3955545,,,Nodo 12287227727
1553074559,-24.8080159,-65.3955489,,,Nodo 1553074559
2470251142,-24.7994502,-65.4173866,,,Nodo 2470251142
2470251147,-24.7998299,-65.4171575,,,Nodo 2470251147
2470251151,-24.8000393,-65.4170234,,,Nodo 2470251151
2470251145,-24.8002657,-65.4168383,,,Nodo 2470251145
2470251149,-24.8004362,-65.4166667,,,Nodo 2470251149
2470251152,-24.8005997,-65.4164649,,,Nodo 2470251152
1365467238,-24.8007734,-65.4162109,,,Nodo 1365467238
2470253592,-24.8012806,-65.413345,,,Nodo 2470253592
2470253594,-24.8013959,-65.4130665,,,Nodo 2470253594
2470253576,-24.8016244,-65.41263,,,Nodo 2470253576
2470253583,-24.8018366,-65.412353,,,Nodo 2470253583
1365467265,-24.8009485,-65.4158742,,,Nodo 1365467265
2470253588,-24.8010376,-65.4154195,,,Nodo 2470253588
1365467299,-24.8011034,-65.4148956,,,Nodo 1365467299
6067663712,-24.8037232,-65.4159356,,,Nodo 6067663712
6067663713,-24.8036842,-65.4158431,,,Nodo 6067663713
2471309443,-24.8036838,-65.4157572,,,Nodo 2471309443
2471309444,-24.8037373,-65.4148471,,,Nodo 2471309444
6067663709,-24.8037554,-65.4147292,,,Nodo 6067663709
6067663708,-24.8037876,-65.4146363,,,Nodo 6067663708
2471309445,-24.8038429,-65.4145512,,,Nodo 2471309445
7686444024,-24.8039144,-65.4145009,,,Nodo 7686444024
2471309446,-24.8040362,-65.4144384,,,Nodo 2471309446
2471309447,-24.8047709,-65.4142121,,,Nodo 2471309447
7686444023,-24.8052191,-65.4140814,,,Nodo 7686444023
1170590653,-24.8012553,-65.4284445,,,Nodo 1170590653
2471322181,-24.8012456,-65.4283892,,,Nodo 2471322181
2471329353,-24.8025008,-65.4116446,,,Nodo 2471329353
2471329354,-24.802964,-65.4115287,,,Nodo 2471329354
2471335939,-24.8004995,-65.4162703,,,Nodo 2471335939
2471335940,-24.8002525,-65.4165845,,,Nodo 2471335940
2471335942,-24.7999775,-65.4168355,,,Nodo 2471335942
11875064306,-24.799779,-65.4169665,,,Nodo 11875064306
2471335943,-24.7995374,-65.4170843,,,Nodo 2471335943
8421009340,-24.8109342,-65.4100563,,,Nodo 8421009340
2471601163,-24.8109287,-65.4103934,,,Nodo 2471601163
7686444032,-24.8109535,-65.4104685,,,Nodo 7686444032
7799595930,-24.8114525,-65.4110925,,,Nodo 7799595930
2471601164,-24.8117343,-65.41145,,,Nodo 2471601164
7686444031,-24.8118067,-65.4114871,,,Nodo 7686444031
1824893809,-24.8121523,-65.4115158,,,Nodo 1824893809
2471601165,-24.812532,-65.4115482,,,Nodo 2471601165
1170591303,-24.8005843,-65.4050626,,,Nodo 1170591303
1365467531,-24.8051266,-65.4039544,,,Nodo 1365467531
2537435467,-24.7973673,-65.4348445,,,Nodo 2537435467
2537445516,-24.7906936,-65.4339237,,,Nodo 2537445516
4240623473,-24.7907439,-65.4332053,,,Nodo 4240623473
7686443888,-24.8031041,-65.4203227,,,Nodo 7686443888
5982074994,-24.8031684,-65.4202483,,,Nodo 5982074994
2537451776,-24.8032504,-65.420114,,,Nodo 2537451776
4240682102,-24.8033164,-65.4199934,,,Nodo 4240682102
7686432684,-24.8033672,-65.4198628,,,Nodo 7686432684
2537451778,-24.8033989,-65.4197345,,,Nodo 2537451778
2537451793,-24.8034258,-65.4195706,,,Nodo 2537451793
2537451795,-24.8035015,-65.418385,,,Nodo 2537451795
5982074993,-24.8035515,-65.4175209,,,Nodo 5982074993
5982074992,-24.8035801,-65.4170094,,,Nodo 5982074992
7686443886,-24.8030973,-65.4201028,,,Nodo 7686443886
2537451782,-24.803153,-65.4200375,,,Nodo 2537451782
4240682103,-24.8032108,-65.4199413,,,Nodo 4240682103
7686443885,-24.8032544,-65.4198258,,,Nodo 7686443885
2537451783,-24.8032832,-65.4196916,,,Nodo 2537451783
4240682098,-24.8032968,-65.4195265,,,Nodo 4240682098
4240682097,-24.8033522,-65.4188301,,,Nodo 4240682097
4240682101,-24.8033861,-65.4183505,,,Nodo 4240682101
4240682099,-24.802979,-65.4195121,,,Nodo 4240682099
7686432681,-24.803022,-65.4191834,,,Nodo 7686432681
2537451786,-24.8030337,-65.4190353,,,Nodo 2537451786
7686432680,-24.803041,-65.4188797,,,Nodo 7686432680
2537451787,-24.8030532,-65.4188065,,,Nodo 2537451787
2537451790,-24.8031667,-65.4184421,,,Nodo 2537451790
4240682100,-24.8031864,-65.4183141,,,Nodo 4240682100
4240242120,-24.8031405,-65.4176507,,,Nodo 4240242120
4240242113,-24.8030542,-65.4169308,,,Nodo 4240242113
7686443993,-24.8030473,-65.4167884,,,Nodo 7686443993
4240242114,-24.8030475,-65.4167624,,,Nodo 4240242114
7686443994,-24.8030491,-65.4164982,,,Nodo 7686443994
2537451794,-24.8037382,-65.4195993,,,Nodo 2537451794
2537451797,-24.8037925,-65.4184082,,,Nodo 2537451797
2537451798,-24.8026198,-65.4204587,,,Nodo 2537451798
2537451799,-24.8024786,-65.4205553,,,Nodo 2537451799
2537451800,-24.8023763,-65.420633,,,Nodo 2537451800
2537451803,-24.8028534,-65.4205327,,,Nodo 2537451803
7686443890,-24.8027825,-65.420545,,,Nodo 7686443890
7686443891,-24.8027117,-65.4205729,,,Nodo 7686443891
2537451804,-24.802527,-65.4207041,,,Nodo 2537451804
2537451805,-24.8024625,-65.4207855,,,Nodo 2537451805
7686443892,-24.8024152,-65.4208681,,,Nodo 7686443892
2537451807,-24.8023761,-65.4209702,,,Nodo 2537451807
2537451808,-24.8021572,-65.4223899,,,Nodo 2537451808
2537451809,-24.8021174,-65.4226775,,,Nodo 2537451809
6273351065,-24.8037155,-65.4180104,,,Nodo 6273351065
2537451814,-24.8043357,-65.4150161,,,Nodo 2537451814
9300936004,-24.8051341,-65.4113605,,,Nodo 9300936004
6067604756,-24.8034792,-65.4038096,,,Nodo 6067604756
8426969714,-24.8061896,-65.402676,,,Nodo 8426969714
4240242101,-24.806477,-65.4025457,,,Nodo 4240242101
7800030776,-24.8080449,-65.4018847,,,Nodo 7800030776
2537497916,-24.8075729,-65.3968875,,,Nodo 2537497916
2134228912,-24.7819775,-65.4270152,,,Nodo 2134228912
2052323012,-24.7820671,-65.4255825,,,Nodo 2052323012
2581630026,-24.8010918,-65.4134407,,,Nodo 2581630026
2581632554,-24.7990229,-65.4269028,,,Nodo 2581632554
2585486711,-24.7929205,-65.3975765,,,Nodo 2585486711
1551415513,-24.7939241,-65.3978864,,,Nodo 1551415513
2720968496,-24.796779,-65.4317298,,,Nodo 2720968496
2720968498,-24.7959383,-65.4316648,,,Nodo 2720968498
4240682157,-24.79249,-65.4339,,,Nodo 4240682157
5921895645,-24.7925945,-65.4339681,,,Nodo 5921895645
2065925890,-24.7932255,-65.4348168,,,Nodo 2065925890
2065925902,-24.7934453,-65.4351176,,,Nodo 2065925902
2065925918,-24.7936692,-65.4354202,,,Nodo 2065925918
2065925931,-24.7939444,-65.435783,,,Nodo 2065925931
12287197574,-24.8039416,-65.3941489,,,Nodo 12287197574
3894362289,-24.8039676,-65.3941831,,,Nodo 3894362289
7686444128,-24.8045919,-65.3947359,,,Nodo 7686444128
12287197583,-24.8046187,-65.3947589,,,Nodo 12287197583
12287197585,-24.8046858,-65.3947875,,,Nodo 12287197585
12287197584,-24.8047075,-65.3947887,,,Nodo 12287197584
8984509867,-24.8053098,-65.3947052,,,Nodo 8984509867
1553070297,-24.8059363,-65.3946247,,,Nodo 1553070297
4236848036,-24.804893,-65.429125,,,Nodo 4236848036
3113163097,-24.8055717,-65.425769,,,Nodo 3113163097
1392634604,-24.8057996,-65.4246575,,,Nodo 1392634604
2134281485,-24.8051653,-65.4245002,,,Nodo 2134281485
3242551370,-24.8048755,-65.4258965,,,Nodo 3242551370
4236848037,-24.8042621,-65.429009,,,Nodo 4236848037
3113163090,-24.8040038,-65.4256748,,,Nodo 3113163090
1392621862,-24.8035865,-65.4255401,,,Nodo 1392621862
1392621877,-24.8045003,-65.4258012,,,Nodo 1392621877
3113163096,-24.8051561,-65.4259609,,,Nodo 3113163096
4240682119,-24.8052264,-65.4259424,,,Nodo 4240682119
1553070350,-24.8061666,-65.3967753,,,Nodo 1553070350
8984509881,-24.8059987,-65.3952869,,,Nodo 8984509881
8984509866,-24.8059313,-65.3945894,,,Nodo 8984509866
12287227719,-24.8058177,-65.3937781,,,Nodo 12287227719
12287227720,-24.8058157,-65.3937412,,,Nodo 12287227720
3142331992,-24.8058221,-65.3936884,,,Nodo 3142331992
12287227716,-24.8057623,-65.3936729,,,Nodo 12287227716
12287227714,-24.8053877,-65.3942159,,,Nodo 12287227714
3142331995,-24.8054041,-65.3942297,,,Nodo 3142331995
12287227713,-24.805404,-65.3942573,,,Nodo 12287227713
3142331997,-24.8041584,-65.3920021,,,Nodo 3142331997
7686444138,-24.8042399,-65.3920218,,,Nodo 7686444138
12287197576,-24.8042625,-65.3920315,,,Nodo 12287197576
3142331999,-24.804285,-65.3920504,,,Nodo 3142331999
12287197577,-24.8043145,-65.3920957,,,Nodo 12287197577
4236752146,-24.8043357,-65.3921523,,,Nodo 4236752146
12287197578,-24.8043408,-65.3922145,,,Nodo 12287197578
3142332000,-24.8043335,-65.3922745,,,Nodo 3142332000
12287197563,-24.8031416,-65.3931394,,,Nodo 12287197563
7686444120,-24.8031876,-65.3931226,,,Nodo 7686444120
7686444110,-24.8036564,-65.3927736,,,Nodo 7686444110
12287197558,-24.8023708,-65.3929044,,,Nodo 12287197558
7686444119,-24.8030459,-65.3931304,,,Nodo 7686444119
12882427174,-24.7881813,-65.402132,,,Nodo 12882427174
12882427215,-24.7870286,-65.4023369,,,Nodo 12882427215
12882427104,-24.7902888,-65.4016927,,,Nodo 12882427104
1260437107,-24.7903586,-65.4006166,,,Nodo 1260437107
12882427109,-24.7904001,-65.4019318,,,Nodo 12882427109
12259994659,-24.7905395,-65.4019062,,,Nodo 12259994659
1260437093,-24.7906518,-65.4018942,,,Nodo 1260437093
6096841890,-24.7908343,-65.4018853,,,Nodo 6096841890
2068477177,-24.7911994,-65.401861,,,Nodo 2068477177
12882427090,-24.7916363,-65.4018335,,,Nodo 12882427090
12882427080,-24.7918987,-65.4018138,,,Nodo 12882427080
1260431093,-24.7919292,-65.4018113,,,Nodo 1260431093
1260431095,-24.7920405,-65.4017909,,,Nodo 1260431095
1260431101,-24.7921339,-65.4017651,,,Nodo 1260431101
12259994686,-24.792249,-65.4017311,,,Nodo 12259994686
5623359751,-24.7923453,-65.4016901,,,Nodo 5623359751
12259994711,-24.7930688,-65.4013246,,,Nodo 12259994711
3916353496,-24.7937448,-65.4007652,,,Nodo 3916353496
1260431104,-24.7938128,-65.4007146,,,Nodo 1260431104
1260431111,-24.7938723,-65.4006732,,,Nodo 1260431111
3147806507,-24.793943,-65.4006348,,,Nodo 3147806507
12259994709,-24.7940099,-65.400622,,,Nodo 12259994709
12875844235,-24.7940799,-65.4006168,,,Nodo 12875844235
5639067794,-24.7902756,-65.4018799,,,Nodo 5639067794
12882427095,-24.790277,-65.4018604,,,Nodo 12882427095
12253568195,-24.7707787,-65.4148482,,,Nodo 12253568195
12253568194,-24.7708185,-65.4148751,,,Nodo 12253568194
4240297256,-24.7708673,-65.4148941,,,Nodo 4240297256
3313256788,-24.7709117,-65.4148958,,,Nodo 3313256788
4240297255,-24.7709645,-65.4148875,,,Nodo 4240297255
4240297237,-24.7783508,-65.4153659,,,Nodo 4240297237
12884512007,-24.7781829,-65.4153511,,,Nodo 12884512007
4240297238,-24.7773175,-65.415255,,,Nodo 4240297238
12884512019,-24.777125,-65.4152377,,,Nodo 12884512019
12884512018,-24.776911,-65.4152173,,,Nodo 12884512018
13713571048,-24.7759701,-65.4151238,,,Nodo 13713571048
12884512113,-24.7758827,-65.4151151,,,Nodo 12884512113
12884512109,-24.7756641,-65.4150934,,,Nodo 12884512109
12884512099,-24.775114,-65.4150389,,,Nodo 12884512099
3374849375,-24.8022537,-65.4235416,,,Nodo 3374849375
3374876585,-24.7986726,-65.4175325,,,Nodo 3374876585
3374877493,-24.7987419,-65.4178658,,,Nodo 3374877493
5923385195,-24.7987963,-65.4181079,,,Nodo 5923385195
3374876592,-24.7990209,-65.417872,,,Nodo 3374876592
1392271434,-24.7737832,-65.4080655,,,Nodo 1392271434
3460650648,-24.7738512,-65.4073131,,,Nodo 3460650648
12253568178,-24.7707362,-65.4124737,,,Nodo 12253568178
11278127874,-24.770778,-65.4125283,,,Nodo 11278127874
11278127873,-24.7708144,-65.4125864,,,Nodo 11278127873
12253568184,-24.770833,-65.4126365,,,Nodo 12253568184
1387553565,-24.7708453,-65.4126795,,,Nodo 1387553565
12253568183,-24.7708526,-65.4127396,,,Nodo 12253568183
595505135,-24.7708514,-65.4127903,,,Nodo 595505135
13711126405,-24.7707765,-65.4140047,,,Nodo 13711126405
12253568193,-24.7707493,-65.4144449,,,Nodo 12253568193
11278127875,-24.7707508,-65.4145037,,,Nodo 11278127875
595505136,-24.7707563,-65.4146201,,,Nodo 595505136
11278127823,-24.7704423,-65.4215164,,,Nodo 11278127823
12253568227,-24.7704603,-65.4215437,,,Nodo 12253568227
3460650621,-24.7704783,-65.4215507,,,Nodo 3460650621
3460650623,-24.7705179,-65.4215146,,,Nodo 3460650623
11278127824,-24.7704946,-65.4214557,,,Nodo 11278127824
12253568188,-24.7711749,-65.41206,,,Nodo 12253568188
3460650640,-24.7711954,-65.4120056,,,Nodo 3460650640
4990034991,-24.7712266,-65.4119577,,,Nodo 4990034991
12253568189,-24.7712458,-65.4119379,,,Nodo 12253568189
3460650641,-24.7712819,-65.4119157,,,Nodo 3460650641
4240297267,-24.7708983,-65.4145536,,,Nodo 4240297267
3313256784,-24.7708452,-65.4145585,,,Nodo 3313256784
4240297260,-24.7707963,-65.4145814,,,Nodo 4240297260
9170478070,-24.7718475,-65.4175629,,,Nodo 9170478070
9170478071,-24.7721241,-65.4175932,,,Nodo 9170478071
5919488296,-24.7724785,-65.4176319,,,Nodo 5919488296
3534053839,-24.7781885,-65.4306275,,,Nodo 3534053839
4240571045,-24.778103,-65.4308008,,,Nodo 4240571045
1392318135,-24.7781043,-65.4308661,,,Nodo 1392318135
4240571046,-24.7781232,-65.4309145,,,Nodo 4240571046
5912829461,-24.7781706,-65.4309627,,,Nodo 5912829461
1392318141,-24.7782459,-65.4309731,,,Nodo 1392318141
3534053838,-24.7784413,-65.4309483,,,Nodo 3534053838
1392318146,-24.7785303,-65.4309497,,,Nodo 1392318146
3534053837,-24.7785804,-65.4309473,,,Nodo 3534053837
4240571018,-24.7917569,-65.4190848,,,Nodo 4240571018
1167269815,-24.7917638,-65.4189903,,,Nodo 1167269815
4240571012,-24.7917697,-65.4189024,,,Nodo 4240571012
2537445515,-24.7906605,-65.4343947,,,Nodo 2537445515
1392312379,-24.7735789,-65.4107844,,,Nodo 1392312379
4240297789,-24.7708091,-65.4105063,,,Nodo 4240297789
3954626661,-24.7707837,-65.4105037,,,Nodo 3954626661
1392312367,-24.7660038,-65.4100067,,,Nodo 1392312367
12253568339,-24.7656711,-65.4099852,,,Nodo 12253568339
11280288968,-24.7655571,-65.4099804,,,Nodo 11280288968
12253568340,-24.7650712,-65.4099957,,,Nodo 12253568340
1392312363,-24.7649955,-65.4100094,,,Nodo 1392312363
12253568343,-24.7647226,-65.4100477,,,Nodo 12253568343
11280288967,-24.7643483,-65.4101155,,,Nodo 11280288967
5073843004,-24.7641999,-65.4101485,,,Nodo 5073843004
1771986503,-24.7639872,-65.4102072,,,Nodo 1771986503
1392312361,-24.7627904,-65.4106076,,,Nodo 1392312361
1775310933,-24.7615734,-65.4110074,,,Nodo 1775310933
1392312355,-24.7603552,-65.4113988,,,Nodo 1392312355
1775310855,-24.759147,-65.4118114,,,Nodo 1775310855
13251088155,-24.7746719,-65.4136028,,,Nodo 13251088155
1365441869,-24.8070984,-65.4204639,,,Nodo 1365441869
7686444003,-24.8073673,-65.4206205,,,Nodo 7686444003
3953899676,-24.8076116,-65.42075,,,Nodo 3953899676
1365441903,-24.8081184,-65.4209904,,,Nodo 1365441903
12259994773,-24.7949476,-65.3912057,,,Nodo 12259994773
3795768587,-24.7949027,-65.3912363,,,Nodo 3795768587
3917170718,-24.7948627,-65.3912782,,,Nodo 3917170718
3917170717,-24.7947921,-65.3913942,,,Nodo 3917170717
3898506279,-24.7942283,-65.3924212,,,Nodo 3898506279
3898506278,-24.7942196,-65.3924525,,,Nodo 3898506278
3795842738,-24.7942237,-65.3925038,,,Nodo 3795842738
4236758002,-24.7943937,-65.3928748,,,Nodo 4236758002
3898506276,-24.7944636,-65.3929805,,,Nodo 3898506276
3795851457,-24.7954433,-65.3923825,,,Nodo 3795851457
13241688493,-24.7954109,-65.3925363,,,Nodo 13241688493
13241688516,-24.7950957,-65.3930197,,,Nodo 13241688516
3795851458,-24.7948144,-65.3934514,,,Nodo 3795851458
12259994768,-24.7954795,-65.3914561,,,Nodo 12259994768
12259994767,-24.7954519,-65.3914861,,,Nodo 12259994767
878834951,-24.7951331,-65.3962375,,,Nodo 878834951
11280378926,-24.7951697,-65.3961769,,,Nodo 11280378926
7681388441,-24.7951851,-65.3961228,,,Nodo 7681388441
12259994753,-24.7952244,-65.3952117,,,Nodo 12259994753
1551412287,-24.7952151,-65.3947011,,,Nodo 1551412287
12259994754,-24.7952212,-65.394138,,,Nodo 12259994754
12259994755,-24.7952214,-65.394061,,,Nodo 12259994755
3795842739,-24.7952045,-65.3940059,,,Nodo 3795842739
3795890259,-24.7963745,-65.3912139,,,Nodo 3795890259
7686444100,-24.7962603,-65.3912427,,,Nodo 7686444100
12287197520,-24.7962302,-65.3912561,,,Nodo 12287197520
7029815949,-24.7961832,-65.3912906,,,Nodo 7029815949
7029815950,-24.7958104,-65.3917536,,,Nodo 7029815950
7686444101,-24.7957522,-65.3918186,,,Nodo 7686444101
12287197519,-24.7957269,-65.3918637,,,Nodo 12287197519
11280378929,-24.7957038,-65.3919275,,,Nodo 11280378929
4236752129,-24.7956923,-65.3919818,,,Nodo 4236752129
7029422236,-24.7955944,-65.3925964,,,Nodo 7029422236
4236752127,-24.8002206,-65.3955234,,,Nodo 4236752127
11280378919,-24.8002746,-65.3955078,,,Nodo 11280378919
2052323208,-24.8003113,-65.3954814,,,Nodo 2052323208
12287197547,-24.8003393,-65.3954444,,,Nodo 12287197547
2052323212,-24.8006043,-65.394933,,,Nodo 2052323212
4236752128,-24.8001232,-65.3959363,,,Nodo 4236752128
3795906717,-24.800321,-65.3975845,,,Nodo 3795906717
1392454735,-24.8062062,-65.4201516,,,Nodo 1392454735
11281803438,-24.8062659,-65.4200734,,,Nodo 11281803438
1551402683,-24.7972087,-65.3965735,,,Nodo 1551402683
12882427363,-24.7857783,-65.3998315,,,Nodo 12882427363
12259994573,-24.7854453,-65.3998758,,,Nodo 12259994573
12259994563,-24.7854068,-65.3998848,,,Nodo 12259994563
12259994526,-24.7823633,-65.40089,,,Nodo 12259994526
12259994535,-24.7822305,-65.4009397,,,Nodo 12259994535
12884511767,-24.7819273,-65.4010665,,,Nodo 12884511767
3898171956,-24.7818526,-65.4010978,,,Nodo 3898171956
12884511760,-24.7818052,-65.4011132,,,Nodo 12884511760
1176386783,-24.7815105,-65.4011726,,,Nodo 1176386783
12259923382,-24.7762948,-65.4014427,,,Nodo 12259923382
12259923381,-24.7762279,-65.4014376,,,Nodo 12259923381
12259923380,-24.776161,-65.4014266,,,Nodo 12259923380
4236758051,-24.7756683,-65.4013193,,,Nodo 4236758051
3904649604,-24.7754434,-65.4012751,,,Nodo 3904649604
12254108902,-24.7753165,-65.4012522,,,Nodo 12254108902
12259923372,-24.7752837,-65.4012413,,,Nodo 12259923372
6067596624,-24.775249,-65.4012179,,,Nodo 6067596624
12259923371,-24.7752236,-65.401197,,,Nodo 12259923371
1176386798,-24.7904506,-65.3993321,,,Nodo 1176386798
12259994644,-24.7901217,-65.3991268,,,Nodo 12259994644
12259994646,-24.7900174,-65.3990998,,,Nodo 12259994646
11280289111,-24.7899751,-65.3991035,,,Nodo 11280289111
5486881995,-24.7919874,-65.4003037,,,Nodo 5486881995
1260437100,-24.7913615,-65.3998989,,,Nodo 1260437100
5486881988,-24.7911462,-65.3997637,,,Nodo 5486881988
5486881987,-24.7906406,-65.3994559,,,Nodo 5486881987
3954626666,-24.7823794,-65.4228456,,,Nodo 3954626666
12287227900,-24.7991945,-65.3887831,,,Nodo 12287227900
12287227899,-24.7993177,-65.3888092,,,Nodo 12287227899
4236752130,-24.8000637,-65.3888781,,,Nodo 4236752130
11280378942,-24.8000958,-65.3889,,,Nodo 11280378942
4236752131,-24.8001176,-65.3889296,,,Nodo 4236752131
4236752132,-24.8001213,-65.3889621,,,Nodo 4236752132
4236752133,-24.8001087,-65.3890096,,,Nodo 4236752133
4236752134,-24.8000686,-65.3890307,,,Nodo 4236752134
4236752135,-24.7999052,-65.3890236,,,Nodo 4236752135
11280378941,-24.7998286,-65.3890282,,,Nodo 11280378941
4236752136,-24.7997816,-65.3890469,,,Nodo 4236752136
4236752137,-24.7990361,-65.38957,,,Nodo 4236752137
4236752138,-24.798998,-65.389612,,,Nodo 4236752138
11280378944,-24.7989938,-65.3896512,,,Nodo 11280378944
4236752139,-24.798998,-65.389682,,,Nodo 4236752139
11280378943,-24.7990197,-65.3897105,,,Nodo 11280378943
4236752140,-24.7990488,-65.3897241,,,Nodo 4236752140
4236752141,-24.7991082,-65.3897287,,,Nodo 4236752141
4236752142,-24.7997139,-65.3896071,,,Nodo 4236752142
4359560771,-24.7997353,-65.3894347,,,Nodo 4359560771
5952729629,-24.799758,-65.3894032,,,Nodo 5952729629
5952729628,-24.8000344,-65.3893965,,,Nodo 5952729628
5952729627,-24.800077,-65.3894408,,,Nodo 5952729627
11280378940,-24.8000895,-65.3894841,,,Nodo 11280378940
5952729626,-24.8000892,-65.3895414,,,Nodo 5952729626
5952729625,-24.800049,-65.3896071,,,Nodo 5952729625
11280378939,-24.8000136,-65.3896225,,,Nodo 11280378939
5952729624,-24.7999613,-65.3896285,,,Nodo 5952729624
7686444111,-24.8033252,-65.3918014,,,Nodo 7686444111
4236752143,-24.8033429,-65.3917509,,,Nodo 4236752143
12287197569,-24.8033692,-65.3916072,,,Nodo 12287197569
12287197570,-24.8033859,-65.3915869,,,Nodo 12287197570
12287197571,-24.8034053,-65.3915774,,,Nodo 12287197571
4236752144,-24.8034885,-65.3915444,,,Nodo 4236752144
12287197572,-24.8035518,-65.3915292,,,Nodo 12287197572
12287197573,-24.8035992,-65.3915233,,,Nodo 12287197573
4236752145,-24.8042147,-65.3915832,,,Nodo 4236752145
7686444105,-24.8042866,-65.3915937,,,Nodo 7686444105
12287197575,-24.8043303,-65.3916133,,,Nodo 12287197575
7686444106,-24.8044838,-65.3917005,,,Nodo 7686444106
12259994764,-24.7943707,-65.3929607,,,Nodo 12259994764
12259994763,-24.7943704,-65.3930216,,,Nodo 12259994763
4236758003,-24.7944185,-65.394688,,,Nodo 4236758003
12259994765,-24.7944053,-65.3947824,,,Nodo 12259994765
5952729936,-24.7943635,-65.3948924,,,Nodo 5952729936
1551412297,-24.7943345,-65.3949497,,,Nodo 1551412297
1176386819,-24.7834308,-65.4018215,,,Nodo 1176386819
2542979811,-24.7839254,-65.401727,,,Nodo 2542979811
3903147422,-24.786513,-65.4012796,,,Nodo 3903147422
12882427317,-24.7866726,-65.4012507,,,Nodo 12882427317
12259994598,-24.7866814,-65.4012491,,,Nodo 12259994598
1167270055,-24.7867623,-65.4012289,,,Nodo 1167270055
12882427324,-24.7869835,-65.4011864,,,Nodo 12882427324
1260437096,-24.789321,-65.4007767,,,Nodo 1260437096
4236827694,-24.7699423,-65.4007068,,,Nodo 4236827694
4236827698,-24.7712065,-65.4008572,,,Nodo 4236827698
4236827700,-24.7709651,-65.4036014,,,Nodo 4236827700
4236848031,-24.8069591,-65.4294714,,,Nodo 4236848031
2065924333,-24.8059743,-65.4293189,,,Nodo 2065924333
2065924327,-24.8056613,-65.429274,,,Nodo 2065924327
4236848033,-24.8051982,-65.4291699,,,Nodo 4236848033
7686443940,-24.8040673,-65.4289734,,,Nodo 7686443940
10885474853,-24.8034234,-65.4287892,,,Nodo 10885474853
8398987678,-24.8084584,-65.4028404,,,Nodo 8398987678
7799798740,-24.8086427,-65.4028521,,,Nodo 7799798740
5977169198,-24.8086919,-65.4028548,,,Nodo 5977169198
5977169200,-24.8089181,-65.4028695,,,Nodo 5977169200
5977169202,-24.8091585,-65.4028878,,,Nodo 5977169202
4240242100,-24.8064641,-65.4027032,,,Nodo 4240242100
4240242112,-24.805133,-65.4142004,,,Nodo 4240242112
4240242119,-24.8034255,-65.4176726,,,Nodo 4240242119
4240242121,-24.8048075,-65.4178418,,,Nodo 4240242121
4240242122,-24.807111,-65.4188328,,,Nodo 4240242122
4240242123,-24.809212,-65.4202697,,,Nodo 4240242123
4240242124,-24.8088055,-65.4205158,,,Nodo 4240242124
4240242125,-24.8086244,-65.4206607,,,Nodo 4240242125
4240242127,-24.8084769,-65.4208138,,,Nodo 4240242127
7686444004,-24.8084302,-65.42083,,,Nodo 7686444004
4240242129,-24.8083506,-65.4208191,,,Nodo 4240242129
4240242130,-24.8074355,-65.4203829,,,Nodo 4240242130
11281803439,-24.8073768,-65.4203507,,,Nodo 11281803439
4240242131,-24.8073127,-65.420257,,,Nodo 4240242131
4240242132,-24.8071384,-65.4199434,,,Nodo 4240242132
4240242134,-24.807004,-65.4197285,,,Nodo 4240242134
7686443999,-24.8069652,-65.4196997,,,Nodo 7686443999
4240242135,-24.8068977,-65.4196755,,,Nodo 4240242135
11281803440,-24.8069358,-65.4199979,,,Nodo 11281803440
4240242137,-24.8069599,-65.4199448,,,Nodo 4240242137
4240242138,-24.8070055,-65.4199057,,,Nodo 4240242138
4240242139,-24.8070592,-65.4199004,,,Nodo 4240242139
4240297247,-24.7761119,-65.4100633,,,Nodo 4240297247
4240297250,-24.7761281,-65.4088866,,,Nodo 4240297250
4240297249,-24.7757924,-65.4083973,,,Nodo 4240297249
12884512040,-24.7739316,-65.414902,,,Nodo 12884512040
12884512062,-24.773365,-65.4148571,,,Nodo 12884512062
8138806557,-24.7726356,-65.4077673,,,Nodo 8138806557
4240297282,-24.7727747,-65.4076447,,,Nodo 4240297282
4240297283,-24.7730209,-65.4074599,,,Nodo 4240297283
4240297284,-24.7732531,-65.4073459,,,Nodo 4240297284
4240297285,-24.7734405,-65.407275,,,Nodo 4240297285
4240297286,-24.7736083,-65.4072257,,,Nodo 4240297286
4240571024,-24.7822237,-65.4214387,,,Nodo 4240571024
4240571036,-24.7833267,-65.4257035,,,Nodo 4240571036
4240571037,-24.7834089,-65.424558,,,Nodo 4240571037
4240571042,-24.7853586,-65.4292227,,,Nodo 4240571042
1392330421,-24.778238,-65.4304176,,,Nodo 1392330421
1392330419,-24.7781368,-65.4303947,,,Nodo 1392330419
1392330414,-24.7766605,-65.4304786,,,Nodo 1392330414
4240571058,-24.7765018,-65.4305155,,,Nodo 4240571058
4240571057,-24.7762734,-65.4306155,,,Nodo 4240571057
1392316144,-24.7760076,-65.4307454,,,Nodo 1392316144
2052322920,-24.7753202,-65.4312599,,,Nodo 2052322920
4240623400,-24.7749669,-65.4315294,,,Nodo 4240623400
4240623432,-24.7749005,-65.4315687,,,Nodo 4240623432
1392318150,-24.7785934,-65.4297871,,,Nodo 1392318150
1392318159,-24.7787164,-65.4281179,,,Nodo 1392318159
1392318169,-24.7789021,-65.4252734,,,Nodo 1392318169
12886803303,-24.7789961,-65.4239033,,,Nodo 12886803303
1392318173,-24.7790017,-65.4238229,,,Nodo 1392318173
4240571048,-24.7779659,-65.4313575,,,Nodo 4240571048
2052322956,-24.7778865,-65.4313844,,,Nodo 2052322956
2134281447,-24.7759924,-65.431272,,,Nodo 2134281447
4240571054,-24.7780732,-65.4308987,,,Nodo 4240571054
4240571055,-24.778052,-65.4310159,,,Nodo 4240571055
4240571056,-24.7783689,-65.4314518,,,Nodo 4240571056
4393716695,-24.7844,-65.4258791,,,Nodo 4393716695
7684408071,-24.7843872,-65.425843,,,Nodo 7684408071
4393716696,-24.784343,-65.4258166,,,Nodo 4393716696
4240571040,-24.7808152,-65.4254742,,,Nodo 4240571040
12886803103,-24.7803115,-65.4254078,,,Nodo 12886803103
5912829453,-24.7802402,-65.4253985,,,Nodo 5912829453
4240297261,-24.7710528,-65.4147541,,,Nodo 4240297261
4240297262,-24.7710493,-65.414697,,,Nodo 4240297262
4240297278,-24.7710301,-65.4146439,,,Nodo 4240297278
12253568192,-24.7707422,-65.4146712,,,Nodo 12253568192
4240297259,-24.7707317,-65.4147277,,,Nodo 4240297259
1392312377,-24.7734303,-65.4121444,,,Nodo 1392312377
1392302089,-24.7759143,-65.4124112,,,Nodo 1392302089
2052322840,-24.7699737,-65.4242818,,,Nodo 2052322840
3460650612,-24.7698231,-65.4266364,,,Nodo 3460650612
4990034975,-24.7698147,-65.4266982,,,Nodo 4990034975
12253568228,-24.7698045,-65.4267487,,,Nodo 12253568228
4990034973,-24.7697458,-65.4269301,,,Nodo 4990034973
3460650616,-24.769917,-65.4269534,,,Nodo 3460650616
4990034980,-24.7699142,-65.426775,,,Nodo 4990034980
1194373363,-24.770088,-65.4243396,,,Nodo 1194373363
3460650617,-24.7702722,-65.4217588,,,Nodo 3460650617
3903488899,-24.7702811,-65.4217018,,,Nodo 3903488899
11278127822,-24.7702928,-65.4216531,,,Nodo 11278127822
12259923365,-24.7754076,-65.4016962,,,Nodo 12259923365
12254108903,-24.7754146,-65.4016401,,,Nodo 12254108903
4236758047,-24.7834098,-65.4017964,,,Nodo 4236758047
12259994542,-24.7833282,-65.4017478,,,Nodo 12259994542
12259994541,-24.7832683,-65.4017312,,,Nodo 12259994541
4236758021,-24.7831655,-65.4017202,,,Nodo 4236758021
4236758022,-24.7830066,-65.4016987,,,Nodo 4236758022
12886768059,-24.7805114,-65.421109,,,Nodo 12886768059
12886768064,-24.7805485,-65.4204546,,,Nodo 12886768064
5910349669,-24.7805538,-65.4203618,,,Nodo 5910349669
12884511821,-24.7806177,-65.4197434,,,Nodo 12884511821
12884511842,-24.7806279,-65.4195794,,,Nodo 12884511842
12884511830,-24.7806903,-65.418579,,,Nodo 12884511830
12884511827,-24.7807031,-65.4183863,,,Nodo 12884511827
12884511841,-24.780799,-65.4171641,,,Nodo 12884511841
1771986528,-24.7663422,-65.4058634,,,Nodo 1771986528
1771986514,-24.7651751,-65.4058225,,,Nodo 1771986514
4236827719,-24.76461,-65.4058699,,,Nodo 4236827719
1771986504,-24.7640372,-65.4059324,,,Nodo 1771986504
12253568355,-24.7639635,-65.40594,,,Nodo 12253568355
1771986501,-24.7634676,-65.4060462,,,Nodo 1771986501
11280288972,-24.763355,-65.4060802,,,Nodo 11280288972
1771986497,-24.7629096,-65.4062182,,,Nodo 1771986497
1771986493,-24.761709,-65.406603,,,Nodo 1771986493
1775310909,-24.7604872,-65.4070115,,,Nodo 1775310909
1392454700,-24.804098,-65.4271705,,,Nodo 1392454700
4240682126,-24.804107,-65.4277388,,,Nodo 4240682126
1392454702,-24.8041282,-65.4276632,,,Nodo 1392454702
6511026662,-24.7815942,-65.4033886,,,Nodo 6511026662
1260437536,-24.7870115,-65.4040248,,,Nodo 1260437536
1176386742,-24.7868707,-65.4040159,,,Nodo 1176386742
12882427240,-24.7868071,-65.4040102,,,Nodo 12882427240
5941408754,-24.7842543,-65.4037899,,,Nodo 5941408754
5909157743,-24.7868939,-65.4046521,,,Nodo 5909157743
5909157742,-24.7870357,-65.4046474,,,Nodo 5909157742
1260443011,-24.7817219,-65.4032776,,,Nodo 1260443011
11418618544,-24.7817303,-65.4031485,,,Nodo 11418618544
12884511744,-24.7817415,-65.4030087,,,Nodo 12884511744
12884511754,-24.7817511,-65.4028881,,,Nodo 12884511754
12884511756,-24.7817701,-65.4026496,,,Nodo 12884511756
12884511751,-24.7817918,-65.4023783,,,Nodo 12884511751
12884511765,-24.7818308,-65.4017778,,,Nodo 12884511765
12884511762,-24.7818427,-65.401545,,,Nodo 12884511762
12259994517,-24.7818549,-65.4013041,,,Nodo 12259994517
1194373332,-24.780881,-65.424741,,,Nodo 1194373332
5912829604,-24.7802825,-65.4246867,,,Nodo 5912829604
2065924404,-24.8070022,-65.4266009,,,Nodo 2065924404
7686443906,-24.8070225,-65.4264941,,,Nodo 7686443906
2065924420,-24.8073388,-65.4251653,,,Nodo 2065924420
4240682108,-24.8075945,-65.4239197,,,Nodo 4240682108
8958417898,-24.8074403,-65.4113223,,,Nodo 8958417898
7799471549,-24.8071884,-65.4117142,,,Nodo 7799471549
7799471509,-24.8067452,-65.4123953,,,Nodo 7799471509
8958417899,-24.8066778,-65.412429,,,Nodo 8958417899
1365467600,-24.8062453,-65.4131065,,,Nodo 1365467600
7806148080,-24.8103034,-65.4123749,,,Nodo 7806148080
1365442097,-24.8107919,-65.4130527,,,Nodo 1365442097
1365442195,-24.8115975,-65.4170181,,,Nodo 1365442195
1390825963,-24.8048131,-65.4145372,,,Nodo 1390825963
1390825957,-24.8036856,-65.4206789,,,Nodo 1390825957
2537451791,-24.8037368,-65.4203374,,,Nodo 2537451791
4240242115,-24.8034473,-65.4167882,,,Nodo 4240242115
4240242116,-24.8034717,-65.4168136,,,Nodo 4240242116
5982075009,-24.7851785,-65.4339212,,,Nodo 5982075009
5909157723,-24.7847368,-65.4258612,,,Nodo 5909157723
4236827697,-24.7701442,-65.4060094,,,Nodo 4236827697
6096841886,-24.7772028,-65.403084,,,Nodo 6096841886
12259923383,-24.7771741,-65.4031068,,,Nodo 12259923383
6096841583,-24.7771529,-65.4031318,,,Nodo 6096841583
12887932626,-24.7771454,-65.4031545,,,Nodo 12887932626
6096841584,-24.7771413,-65.4031669,,,Nodo 6096841584
12259923391,-24.7771459,-65.4031912,,,Nodo 12259923391
12259923392,-24.7771595,-65.4032158,,,Nodo 12259923392
1260445202,-24.7771883,-65.4032383,,,Nodo 1260445202
1260442988,-24.7797508,-65.4032882,,,Nodo 1260442988
12259923398,-24.7797299,-65.4033102,,,Nodo 12259923398
1260442989,-24.7797147,-65.4033363,,,Nodo 1260442989
6096841887,-24.7797052,-65.4033719,,,Nodo 6096841887
5639068423,-24.7797055,-65.4033951,,,Nodo 5639068423
1260442994,-24.7797063,-65.4034093,,,Nodo 1260442994
12259923399,-24.7797149,-65.4034326,,,Nodo 12259923399
1260442993,-24.7797368,-65.403456,,,Nodo 1260442993
12259994658,-24.7907829,-65.4017391,,,Nodo 12259994658
6096841893,-24.7907677,-65.4017708,,,Nodo 6096841893
12882427087,-24.7907658,-65.4017999,,,Nodo 12882427087
6096841889,-24.7907671,-65.4018187,,,Nodo 6096841889
6096841892,-24.7907768,-65.4018461,,,Nodo 6096841892
12259994657,-24.7907975,-65.4018647,,,Nodo 12259994657
6096841901,-24.7830011,-65.403033,,,Nodo 6096841901
6096841895,-24.7829679,-65.4030892,,,Nodo 6096841895
6096841900,-24.7829546,-65.4031355,,,Nodo 6096841900
5639067810,-24.782955,-65.4031526,,,Nodo 5639067810
6096841897,-24.7829553,-65.4031637,,,Nodo 6096841897
6096841899,-24.7829689,-65.4031924,,,Nodo 6096841899
4236827723,-24.7623154,-65.4122446,,,Nodo 4236827723
12253568149,-24.7623661,-65.4121809,,,Nodo 12253568149
1392312356,-24.7624058,-65.4121476,,,Nodo 1392312356
1771986498,-24.7631327,-65.4119146,,,Nodo 1771986498
1771986505,-24.7643436,-65.4115067,,,Nodo 1771986505
11280288973,-24.7644782,-65.4114702,,,Nodo 11280288973
12253568342,-24.7646255,-65.4114367,,,Nodo 12253568342
11280288966,-24.7649923,-65.4113714,,,Nodo 11280288966
1392312365,-24.7651044,-65.4113547,,,Nodo 1392312365
12253568341,-24.7652909,-65.4113418,,,Nodo 12253568341
11280288965,-24.7654107,-65.4113381,,,Nodo 11280288965
1392312366,-24.7659013,-65.4113679,,,Nodo 1392312366
3954626664,-24.7724785,-65.4079163,,,Nodo 3954626664
1771509704,-24.7662232,-65.4072828,,,Nodo 1771509704
1771509698,-24.7656481,-65.4072423,,,Nodo 1771509698
12253568337,-24.7655766,-65.407238,,,Nodo 12253568337
1771986516,-24.7652385,-65.407241,,,Nodo 1771986516
1771509692,-24.7649622,-65.4072455,,,Nodo 1771509692
4236827718,-24.7647156,-65.4072573,,,Nodo 4236827718
1771535270,-24.7642363,-65.4073346,,,Nodo 1771535270
1771509688,-24.7639139,-65.4073878,,,Nodo 1771509688
4236827720,-24.7637578,-65.4074246,,,Nodo 4236827720
1771986500,-24.7632918,-65.4075707,,,Nodo 1771986500
3896874314,-24.762971,-65.4076644,,,Nodo 3896874314
1771986495,-24.7620622,-65.4079536,,,Nodo 1771986495
1170612398,-24.7751236,-65.4054364,,,Nodo 1170612398
4240682138,-24.7960269,-65.4304016,,,Nodo 4240682138
4240682137,-24.7960377,-65.4302513,,,Nodo 4240682137
12337534566,-24.7778503,-65.4236981,,,Nodo 12337534566
12337534551,-24.7789088,-65.4238174,,,Nodo 12337534551
12337534549,-24.7791021,-65.4238346,,,Nodo 12337534549
12886768092,-24.7801919,-65.4239563,,,Nodo 12886768092
1167270003,-24.780264,-65.4239629,,,Nodo 1167270003
7686443896,-24.803911,-65.4272746,,,Nodo 7686443896
5912829454,-24.7801243,-65.4268494,,,Nodo 5912829454
11955937527,-24.7846186,-65.4313283,,,Nodo 11955937527
11955937525,-24.7846227,-65.4313828,,,Nodo 11955937525
1390858538,-24.7867496,-65.4288005,,,Nodo 1390858538
12886803126,-24.7798357,-65.4282283,,,Nodo 12886803126
1392316142,-24.7749458,-65.4276901,,,Nodo 1392316142
1167269967,-24.7866963,-65.3997924,,,Nodo 1167269967
12882427337,-24.7867075,-65.4000354,,,Nodo 12882427337
12882427333,-24.7867558,-65.4010879,,,Nodo 12882427333
12882427328,-24.786768,-65.4013764,,,Nodo 12882427328
12882427213,-24.7868027,-65.4022794,,,Nodo 12882427213
1260437543,-24.7869461,-65.4025572,,,Nodo 1260437543
6728705696,-24.7869415,-65.4024519,,,Nodo 6728705696
11449421351,-24.7800819,-65.4325487,,,Nodo 11449421351
11449421352,-24.7808384,-65.4330714,,,Nodo 11449421352
11449421353,-24.7815528,-65.4336318,,,Nodo 11449421353
11449421354,-24.7822439,-65.4341945,,,Nodo 11449421354
11449421355,-24.7827824,-65.4346405,,,Nodo 11449421355
12451802580,-24.7831844,-65.4349807,,,Nodo 12451802580
11449421356,-24.7833039,-65.4350818,,,Nodo 11449421356
11449421357,-24.7837491,-65.4354438,,,Nodo 11449421357
11449421358,-24.7845759,-65.4361046,,,Nodo 11449421358
11449421359,-24.7850604,-65.436493,,,Nodo 11449421359
11449421360,-24.7859845,-65.4372272,,,Nodo 11449421360
11449421361,-24.786322,-65.4374693,,,Nodo 11449421361
11449421362,-24.786623,-65.4376683,,,Nodo 11449421362
11449421363,-24.7868442,-65.4377762,,,Nodo 11449421363
11449421364,-24.7869661,-65.4378364,,,Nodo 11449421364
11449421365,-24.7874589,-65.4380276,,,Nodo 11449421365
11620062648,-24.7876493,-65.438097,,,Nodo 11620062648
11449421366,-24.7878398,-65.4381664,,,Nodo 11449421366
11449421367,-24.78844,-65.4383916,,,Nodo 11449421367
11449421368,-24.7890923,-65.4386105,,,Nodo 11449421368
11449422769,-24.7892707,-65.4386807,,,Nodo 11449422769
11449422770,-24.7893972,-65.4387509,,,Nodo 11449422770
11449422771,-24.7897449,-65.4389503,,,Nodo 11449422771
11449422772,-24.7901379,-65.4392045,,,Nodo 11449422772
11449422773,-24.7904498,-65.439414,,,Nodo 11449422773
11449422774,-24.7908442,-65.4397329,,,Nodo 11449422774
13161174581,-24.7915228,-65.4402539,,,Nodo 13161174581
13161174579,-24.7915286,-65.4402584,,,Nodo 13161174579
13161174582,-24.7915291,-65.4402587,,,Nodo 13161174582
7686444121,-24.803036,-65.3942308,,,Nodo 7686444121
1771951233,-24.7775736,-65.3936938,,,Nodo 1771951233
12279645914,-24.7766639,-65.3936418,,,Nodo 12279645914
6275545209,-24.8060541,-65.4198163,,,Nodo 6275545209
6275545210,-24.8061247,-65.4199209,,,Nodo 6275545210
6275545211,-24.8061271,-65.4199933,,,Nodo 6275545211
12254108896,-24.7731135,-65.3964189,,,Nodo 12254108896
11280289093,-24.7730806,-65.3964698,,,Nodo 11280289093
1771951182,-24.7730129,-65.3965402,,,Nodo 1771951182
12254108870,-24.7729433,-65.3965802,,,Nodo 12254108870
11280289092,-24.7728834,-65.3966041,,,Nodo 11280289092
1260352117,-24.7960571,-65.3909953,,,Nodo 1260352117
6848773139,-24.7959663,-65.3909708,,,Nodo 6848773139
12259994780,-24.7958058,-65.3909717,,,Nodo 12259994780
12287197521,-24.7957488,-65.3909741,,,Nodo 12287197521
12259994781,-24.7956049,-65.3910046,,,Nodo 12259994781
12259994782,-24.7954809,-65.3910454,,,Nodo 12259994782
12259994783,-24.7953042,-65.3910972,,,Nodo 12259994783
6914290921,-24.7760507,-65.3991954,,,Nodo 6914290921
11280289103,-24.7777656,-65.3918973,,,Nodo 11280289103
1775330093,-24.7644168,-65.4036723,,,Nodo 1775330093
1775330097,-24.7651413,-65.4038934,,,Nodo 1775330097
1775330113,-24.7655215,-65.4040027,,,Nodo 1775330113
1775330115,-24.7656611,-65.4040452,,,Nodo 1775330115
1775330118,-24.7662789,-65.4042363,,,Nodo 1775330118
1775330121,-24.7669119,-65.4044553,,,Nodo 1775330121
1775330129,-24.7690088,-65.4051585,,,Nodo 1775330129
1771508493,-24.7714029,-65.4059694,,,Nodo 1771508493
1771508494,-24.7713979,-65.4060381,,,Nodo 1771508494
1390666513,-24.7713846,-65.4062495,,,Nodo 1390666513
1771508503,-24.7726394,-65.4064683,,,Nodo 1771508503
1771508510,-24.7729011,-65.4065408,,,Nodo 1771508510
1170612593,-24.7750351,-65.4067794,,,Nodo 1170612593
6914400110,-24.8045647,-65.3922921,,,Nodo 6914400110
7686444107,-24.8042967,-65.3923232,,,Nodo 7686444107
7686444118,-24.8041045,-65.3924735,,,Nodo 7686444118
6914400111,-24.8061406,-65.3936199,,,Nodo 6914400111
6914400112,-24.8062204,-65.3952998,,,Nodo 6914400112
12287197525,-24.7975966,-65.3914618,,,Nodo 12287197525
11280378932,-24.7975783,-65.3914238,,,Nodo 11280378932
12877511803,-24.7973484,-65.391147,,,Nodo 12877511803
12877511821,-24.7973056,-65.3910955,,,Nodo 12877511821
1260437552,-24.7871821,-65.4058158,,,Nodo 1260437552
1260437540,-24.7871216,-65.4057208,,,Nodo 1260437540
1260437538,-24.7870893,-65.4056132,,,Nodo 1260437538
1260437558,-24.7870687,-65.4055223,,,Nodo 1260437558
12882427233,-24.7870652,-65.4053864,,,Nodo 12882427233
7590861870,-24.7870639,-65.4053336,,,Nodo 7590861870
2105952197,-24.7887046,-65.4359686,,,Nodo 2105952197
2052323127,-24.7887782,-65.434592,,,Nodo 2052323127
7799798745,-24.8080369,-65.4014409,,,Nodo 7799798745
1771986551,-24.7702964,-65.411809,,,Nodo 1771986551
7431746986,-24.775938,-65.4124521,,,Nodo 7431746986
7431746985,-24.7759459,-65.4125085,,,Nodo 7431746985
1167270134,-24.781755,-65.4214197,,,Nodo 1167270134
2123976455,-24.802815,-65.4117876,,,Nodo 2123976455
2123976590,-24.8039678,-65.4116084,,,Nodo 2123976590
1390785571,-24.8097252,-65.4112899,,,Nodo 1390785571
1390785559,-24.8092654,-65.4110059,,,Nodo 1390785559
1390785558,-24.8086073,-65.4107281,,,Nodo 1390785558
4240242094,-24.8084147,-65.4106595,,,Nodo 4240242094
7799471504,-24.8116178,-65.4058072,,,Nodo 7799471504
1489824356,-24.8012675,-65.4209357,,,Nodo 1489824356
8416711853,-24.8094407,-65.4043816,,,Nodo 8416711853
8703274241,-24.8094505,-65.4055008,,,Nodo 8703274241
1390785566,-24.8094513,-65.4055607,,,Nodo 1390785566
8398987624,-24.808053,-65.402861,,,Nodo 8398987624
1365467711,-24.808155,-65.4028711,,,Nodo 1365467711
12882427231,-24.7871108,-65.405338,,,Nodo 12882427231
1000789496,-24.788958,-65.4054916,,,Nodo 1000789496
446376414,-24.7901615,-65.4055937,,,Nodo 446376414
12882427229,-24.7870592,-65.4052222,,,Nodo 12882427229
12882427243,-24.7870144,-65.4041014,,,Nodo 12882427243
12882427239,-24.7870049,-65.4039047,,,Nodo 12882427239
12882427220,-24.7869496,-65.4026531,,,Nodo 12882427220
7684408047,-24.7793311,-65.4184567,,,Nodo 7684408047
1167270105,-24.7793448,-65.4185687,,,Nodo 1167270105
7686444116,-24.8041151,-65.3925836,,,Nodo 7686444116
7686444117,-24.8041049,-65.3925495,,,Nodo 7686444117
12287197593,-24.8041036,-65.3925217,,,Nodo 12287197593
12287197564,-24.8031006,-65.3942596,,,Nodo 12287197564
7686444122,-24.8031384,-65.3942804,,,Nodo 7686444122
8493342718,-24.8109396,-65.4071451,,,Nodo 8493342718
7799471503,-24.8109896,-65.4073678,,,Nodo 7799471503
8493342726,-24.8110942,-65.4075131,,,Nodo 8493342726
8421864268,-24.8114593,-65.407989,,,Nodo 8421864268
3813949820,-24.812031,-65.4065473,,,Nodo 3813949820
8421944960,-24.8111028,-65.4074181,,,Nodo 8421944960
1390788615,-24.8100666,-65.4011307,,,Nodo 1390788615
5750545170,-24.8138984,-65.4009324,,,Nodo 5750545170
1390825993,-24.8132171,-65.4009752,,,Nodo 1390825993
7800038250,-24.8119665,-65.4010408,,,Nodo 7800038250
8411951051,-24.8113093,-65.4010742,,,Nodo 8411951051
1390788624,-24.8107173,-65.4011034,,,Nodo 1390788624
1390788626,-24.8107194,-65.4007612,,,Nodo 1390788626
2068540663,-24.7945237,-65.4072036,,,Nodo 2068540663
12875844265,-24.7945579,-65.4066485,,,Nodo 12875844265
7835507663,-24.7945607,-65.4066023,,,Nodo 7835507663
7835507661,-24.7948454,-65.4066217,,,Nodo 7835507661
12874338416,-24.7947282,-65.4059904,,,Nodo 12874338416
8421009342,-24.8094709,-65.4099364,,,Nodo 8421009342
8421009370,-24.8094717,-65.4098664,,,Nodo 8421009370
8421009374,-24.809472,-65.4097961,,,Nodo 8421009374
8421009351,-24.8094665,-65.4085195,,,Nodo 8421009351
8398987548,-24.8081609,-65.4038423,,,Nodo 8398987548
7799798714,-24.8081623,-65.4041091,,,Nodo 7799798714
7799798737,-24.808163,-65.4042078,,,Nodo 7799798737
7799798746,-24.8081286,-65.4015411,,,Nodo 7799798746
7800030778,-24.8081312,-65.4017368,,,Nodo 7800030778
7799798712,-24.8081628,-65.4043053,,,Nodo 7799798712
8398987592,-24.8081533,-65.4053715,,,Nodo 8398987592
1365467688,-24.8081524,-65.4054694,,,Nodo 1365467688
7799798719,-24.8082666,-65.4068994,,,Nodo 7799798719
8964419981,-24.8093956,-65.4069753,,,Nodo 8964419981
1390785564,-24.809459,-65.4069795,,,Nodo 1390785564
8964419979,-24.8095183,-65.4069836,,,Nodo 8964419979
8703210212,-24.8101931,-65.4070299,,,Nodo 8703210212
1390785576,-24.8102527,-65.4070339,,,Nodo 1390785576
7799798718,-24.8081602,-65.4069961,,,Nodo 7799798718
7799798722,-24.8081534,-65.4082669,,,Nodo 7799798722
7799798721,-24.8080808,-65.4083222,,,Nodo 7799798721
1170590659,-24.8066499,-65.4082151,,,Nodo 1170590659
7023739226,-24.8056589,-65.4081445,,,Nodo 7023739226
1170590847,-24.800336,-65.4077333,,,Nodo 1170590847
12874634511,-24.794754,-65.4072278,,,Nodo 12874634511
12874634384,-24.7947338,-65.4072251,,,Nodo 12874634384
12872347845,-24.7944681,-65.4071979,,,Nodo 12872347845
12875844263,-24.7942719,-65.4071867,,,Nodo 12875844263
12874634277,-24.7939941,-65.4071709,,,Nodo 12874634277
7799798723,-24.8081533,-65.4083865,,,Nodo 7799798723
7799798727,-24.8081573,-65.4096734,,,Nodo 7799798727
7799798729,-24.8082798,-65.4097725,,,Nodo 7799798729
8421009327,-24.8094078,-65.4098612,,,Nodo 8421009327
8421864294,-24.8116076,-65.4101236,,,Nodo 8421864294
8421864288,-24.8121124,-65.4107789,,,Nodo 8421864288
1390785599,-24.812189,-65.4108772,,,Nodo 1390785599
8421009362,-24.8095254,-65.4098706,,,Nodo 8421009362
8493342721,-24.8102602,-65.408324,,,Nodo 8493342721
8493342720,-24.8102529,-65.4071001,,,Nodo 8493342720
8493342717,-24.8103108,-65.4070384,,,Nodo 8493342717
8493342731,-24.8108707,-65.4070816,,,Nodo 8493342731
7799798713,-24.8082699,-65.4042167,,,Nodo 7799798713
8398987703,-24.8082546,-65.4028313,,,Nodo 8398987703
8398987553,-24.8081554,-65.4029698,,,Nodo 8398987553
8398987611,-24.8081587,-65.4036823,,,Nodo 8398987611
7800030777,-24.8081351,-65.4019503,,,Nodo 7800030777
8398987613,-24.8081535,-65.402763,,,Nodo 8398987613
7799798744,-24.8081268,-65.401334,,,Nodo 7799798744
8421944937,-24.8119128,-65.4085588,,,Nodo 8421944937
8421944923,-24.8114596,-65.4080837,,,Nodo 8421944923
1390825975,-24.8103998,-65.4090827,,,Nodo 1390825975
8415593472,-24.8103554,-65.4098022,,,Nodo 8415593472
8415593471,-24.8103526,-65.4098555,,,Nodo 8415593471
8415593468,-24.8109396,-65.4098977,,,Nodo 8415593468
7799471505,-24.8116179,-65.4056904,,,Nodo 7799471505
8416711850,-24.8109259,-65.4045086,,,Nodo 8416711850
8416711851,-24.8109245,-65.4043834,,,Nodo 8416711851
2471605701,-24.8109143,-65.403734,,,Nodo 2471605701
8703252295,-24.8103126,-65.4056131,,,Nodo 8703252295
8703252293,-24.8102477,-65.4056813,,,Nodo 8703252293
8703210211,-24.8102529,-65.406975,,,Nodo 8703210211
8703252292,-24.8101895,-65.4056056,,,Nodo 8703252292
8703274243,-24.809519,-65.4055649,,,Nodo 8703274243
8703274242,-24.8094517,-65.4056294,,,Nodo 8703274242
8964419978,-24.8094587,-65.406913,,,Nodo 8964419978
8964419980,-24.8094594,-65.407039,,,Nodo 8964419980
8703274240,-24.8094033,-65.4055574,,,Nodo 8703274240
8398987523,-24.8082617,-65.4054782,,,Nodo 8398987523
8398987600,-24.8081524,-65.4055744,,,Nodo 8398987600
7799798716,-24.8081587,-65.4067834,,,Nodo 7799798716
8398987534,-24.8080454,-65.4054614,,,Nodo 8398987534
1365467634,-24.806886,-65.4053794,,,Nodo 1365467634
8419484924,-24.8065257,-65.4095855,,,Nodo 8419484924
8419484923,-24.8065159,-65.4096874,,,Nodo 8419484923
4240682136,-24.7973542,-65.4296878,,,Nodo 4240682136
4240682139,-24.7973471,-65.4298076,,,Nodo 4240682139
5982075006,-24.7972047,-65.4318721,,,Nodo 5982075006
8427351002,-24.8104169,-65.4033926,,,Nodo 8427351002
8427358086,-24.8099501,-65.4033897,,,Nodo 8427358086
8816526760,-24.8022136,-65.4234703,,,Nodo 8816526760
4240242102,-24.8051465,-65.411235,,,Nodo 4240242102
12884511857,-24.7806764,-65.4155871,,,Nodo 12884511857
3366913212,-24.7806194,-65.4155824,,,Nodo 3366913212
12884511994,-24.7796685,-65.4154856,,,Nodo 12884511994
12253568191,-24.7709962,-65.4146082,,,Nodo 12253568191
12882427216,-24.7866986,-65.4023952,,,Nodo 12882427216
4525347917,-24.7862253,-65.4024719,,,Nodo 4525347917
12884508875,-24.7843085,-65.4028047,,,Nodo 12884508875
12882427219,-24.786816,-65.4026611,,,Nodo 12882427219
12882427292,-24.7868216,-65.40281,,,Nodo 12882427292
12882427238,-24.7868658,-65.4039034,,,Nodo 12882427238
12882427242,-24.7868735,-65.4040975,,,Nodo 12882427242
12882427228,-24.786909,-65.4052118,,,Nodo 12882427228
1176386839,-24.786912,-65.405318,,,Nodo 1176386839
12882427232,-24.786914,-65.4053864,,,Nodo 12882427232
12887932668,-24.7750803,-65.4009476,,,Nodo 12887932668
11449422785,-24.7789242,-65.4321555,,,Nodo 11449422785
11449410633,-24.7795482,-65.4323115,,,Nodo 11449410633
1015252878,-24.7788891,-65.4335834,,,Nodo 1015252878
1015252879,-24.7789597,-65.4334896,,,Nodo 1015252879
1392340212,-24.779044,-65.4333748,,,Nodo 1392340212
2134256594,-24.779361,-65.4328185,,,Nodo 2134256594
1015252883,-24.7794472,-65.4325914,,,Nodo 1015252883
11449410632,-24.7795216,-65.4323826,,,Nodo 11449410632
11449410636,-24.7796242,-65.4323336,,,Nodo 11449410636
11449410634,-24.7796562,-65.432343,,,Nodo 11449410634
11449422782,-24.7794988,-65.4322151,,,Nodo 11449422782
11449422783,-24.7791701,-65.4321405,,,Nodo 11449422783
11449422784,-24.778811,-65.4320946,,,Nodo 11449422784
11280289099,-24.7720586,-65.3916783,,,Nodo 11280289099
12254108876,-24.7721897,-65.3916963,,,Nodo 12254108876
1771951172,-24.7722782,-65.3916995,,,Nodo 1771951172
1771951178,-24.7726461,-65.3916938,,,Nodo 1771951178
1771951189,-24.7734104,-65.3916432,,,Nodo 1771951189
3903181351,-24.773657,-65.3916412,,,Nodo 3903181351
7681050200,-24.7738044,-65.3916422,,,Nodo 7681050200
12254108880,-24.7738891,-65.3916467,,,Nodo 12254108880
1771951197,-24.7739674,-65.3916689,,,Nodo 1771951197
1771951202,-24.7742873,-65.3918288,,,Nodo 1771951202
446376384,-24.7900668,-65.4069425,,,Nodo 446376384
13691431990,-24.7932617,-65.4085931,,,Nodo 13691431990
8415593439,-24.7914204,-65.4057176,,,Nodo 8415593439
12259994682,-24.7916963,-65.4019517,,,Nodo 12259994682
8415593442,-24.7916116,-65.4027005,,,Nodo 8415593442
8415593463,-24.7915968,-65.4028591,,,Nodo 8415593463
8415593447,-24.7913625,-65.4056344,,,Nodo 8415593447
8415593445,-24.7912646,-65.4057044,,,Nodo 8415593445
12872347838,-24.7952355,-65.4045972,,,Nodo 12872347838
12875844261,-24.7950927,-65.4045942,,,Nodo 12875844261
12875844256,-24.7946115,-65.4045842,,,Nodo 12875844256
12875844255,-24.7945531,-65.404583,,,Nodo 12875844255
12875844257,-24.7945153,-65.4045822,,,Nodo 12875844257
12873890081,-24.7941363,-65.4045743,,,Nodo 12873890081
5912829452,-24.7803339,-65.423868,,,Nodo 5912829452
1392316154,-24.7802697,-65.4238627,,,Nodo 1392316154
12886768091,-24.7801988,-65.4238559,,,Nodo 12886768091
12337534548,-24.7791087,-65.4237258,,,Nodo 12337534548
1392318184,-24.779009,-65.4237186,,,Nodo 1392318184
12337534550,-24.778915,-65.4237157,,,Nodo 12337534550
12337534565,-24.7778579,-65.4235988,,,Nodo 12337534565
12337534569,-24.7776572,-65.4235774,,,Nodo 12337534569
12337534563,-24.7765958,-65.4234589,,,Nodo 12337534563
12337534560,-24.7763926,-65.423436,,,Nodo 12337534560
12337534557,-24.7753609,-65.423337,,,Nodo 12337534557
12337534554,-24.7751336,-65.4233159,,,Nodo 12337534554
12886803306,-24.7740655,-65.4232169,,,Nodo 12886803306
12886803307,-24.7740081,-65.4232406,,,Nodo 12886803307
12886768081,-24.7803357,-65.4227565,,,Nodo 12886768081
12886768072,-24.7803342,-65.4227795,,,Nodo 12886768072
12886768089,-24.7802742,-65.4237875,,,Nodo 12886768089
12886768093,-24.7802584,-65.4240322,,,Nodo 12886768093
12886803101,-24.7801756,-65.4252797,,,Nodo 12886803101
1167269963,-24.7801686,-65.4253929,,,Nodo 1167269963
12886768090,-24.7803406,-65.423793,,,Nodo 12886768090
12886768073,-24.7804023,-65.4227846,,,Nodo 12886768073
5912829451,-24.7804092,-65.4226747,,,Nodo 5912829451
12884511838,-24.7808102,-65.4170142,,,Nodo 12884511838
12884511861,-24.7808845,-65.415766,,,Nodo 12884511861
12884511869,-24.7809944,-65.4141819,,,Nodo 12884511869
13701394983,-24.78102,-65.4138176,,,Nodo 13701394983
12884511883,-24.7810805,-65.4129543,,,Nodo 12884511883
12884511882,-24.7811541,-65.4128863,,,Nodo 12884511882
12884511880,-24.7810897,-65.4128104,,,Nodo 12884511880
12884511902,-24.7811637,-65.4116005,,,Nodo 12884511902
12884511900,-24.7811729,-65.4114541,,,Nodo 12884511900
12884511888,-24.7811982,-65.4110603,,,Nodo 12884511888
12884511890,-24.781215,-65.4108006,,,Nodo 12884511890
12884511886,-24.7812311,-65.4105506,,,Nodo 12884511886
12884511911,-24.7812509,-65.4102419,,,Nodo 12884511911
12884511901,-24.781053,-65.4115873,,,Nodo 12884511901
12884511879,-24.7809752,-65.412802,,,Nodo 12884511879
12884511912,-24.7813319,-65.4101829,,,Nodo 12884511912
11624973506,-24.7823758,-65.4103004,,,Nodo 11624973506
12884511908,-24.7812607,-65.4100987,,,Nodo 12884511908
12884511919,-24.7812694,-65.4099765,,,Nodo 12884511919
12884511914,-24.7812941,-65.4096308,,,Nodo 12884511914
12884511916,-24.7813231,-65.4092257,,,Nodo 12884511916
12884511929,-24.7813497,-65.4088533,,,Nodo 12884511929
12884511925,-24.7813586,-65.4087226,,,Nodo 12884511925
12884511950,-24.7813823,-65.4083635,,,Nodo 12884511950
12884511953,-24.7814231,-65.4077431,,,Nodo 12884511953
12884511939,-24.7814406,-65.407476,,,Nodo 12884511939
12884511926,-24.7812452,-65.4088432,,,Nodo 12884511926
2068477162,-24.7812346,-65.4089815,,,Nodo 2068477162
12884511917,-24.7812164,-65.4092194,,,Nodo 12884511917
12884511915,-24.7811854,-65.4096229,,,Nodo 12884511915
12884511918,-24.7811588,-65.4099708,,,Nodo 12884511918
12884511907,-24.7811496,-65.4100902,,,Nodo 12884511907
12884511927,-24.7811696,-65.4087777,,,Nodo 12884511927
392350330,-24.7799909,-65.4086983,,,Nodo 392350330
12884511937,-24.7815018,-65.4074158,,,Nodo 12884511937
12884511935,-24.7814495,-65.4073346,,,Nodo 12884511935
12884511948,-24.7815283,-65.4061177,,,Nodo 12884511948
12884511946,-24.7815377,-65.4059808,,,Nodo 12884511946
12884511963,-24.7816118,-65.4049598,,,Nodo 12884511963
1260443014,-24.7816161,-65.4049003,,,Nodo 1260443014
12884511962,-24.7816719,-65.4049061,,,Nodo 12884511962
12882427230,-24.7868611,-65.4053147,,,Nodo 12882427230
12884511959,-24.7816215,-65.4048182,,,Nodo 12884511959
11418618549,-24.7817064,-65.4035307,,,Nodo 11418618549
6511026661,-24.7817154,-65.4033821,,,Nodo 6511026661
12884511961,-24.7814954,-65.4049486,,,Nodo 12884511961
12884511944,-24.7814332,-65.4059664,,,Nodo 12884511944
12887932566,-24.7802559,-65.4033211,,,Nodo 12887932566
11418685880,-24.7802014,-65.4033166,,,Nodo 11418685880
12887932571,-24.7803255,-65.4035786,,,Nodo 12887932571
392350312,-24.7798168,-65.4114278,,,Nodo 392350312
11418685888,-24.7804157,-65.4035143,,,Nodo 11418685888
1260443003,-24.7806995,-65.4035575,,,Nodo 1260443003
1260443002,-24.7809709,-65.4035576,,,Nodo 1260443002
11418618548,-24.781506,-65.4034774,,,Nodo 11418618548
11418685878,-24.7800639,-65.4033081,,,Nodo 11418685878
12887932600,-24.7791543,-65.4032444,,,Nodo 12887932600
6511026659,-24.7790696,-65.403335,,,Nodo 6511026659
12887932574,-24.7790701,-65.4033244,,,Nodo 12887932574
12887932606,-24.7791464,-65.4034056,,,Nodo 12887932606
12887932569,-24.7802455,-65.4034989,,,Nodo 12887932569
12887932598,-24.7790078,-65.4032333,,,Nodo 12887932598
12887932614,-24.7779097,-65.4031458,,,Nodo 12887932614
12887932612,-24.7777699,-65.4031344,,,Nodo 12887932612
12259923386,-24.7770274,-65.403049,,,Nodo 12259923386
1260445191,-24.7769162,-65.403014,,,Nodo 1260445191
12259923385,-24.776824,-65.4029764,,,Nodo 12259923385
12259923384,-24.7767409,-65.4029403,,,Nodo 12259923384
12887932638,-24.7766775,-65.4029098,,,Nodo 12887932638
1260445200,-24.7766676,-65.402905,,,Nodo 1260445200
1260445198,-24.7766775,-65.4031045,,,Nodo 1260445198
1260445196,-24.776778,-65.4031488,,,Nodo 1260445196
12259923389,-24.7768638,-65.4031772,,,Nodo 12259923389
12259923390,-24.7769548,-65.4032023,,,Nodo 12259923390
12887932618,-24.7777594,-65.4032931,,,Nodo 12887932618
5639068424,-24.7765859,-65.402977,,,Nodo 5639068424
12887932689,-24.7745966,-65.4010587,,,Nodo 12887932689
12889150694,-24.7706504,-65.3977926,,,Nodo 12889150694
1454272014,-24.7691933,-65.3977904,,,Nodo 1454272014
12889150711,-24.7684237,-65.3977878,,,Nodo 12889150711
1454272021,-24.7683208,-65.3977874,,,Nodo 1454272021
1454329857,-24.768313,-65.3979286,,,Nodo 1454329857
12889150714,-24.7684213,-65.3979285,,,Nodo 12889150714
12889150698,-24.7705758,-65.3979268,,,Nodo 12889150698
12121223132,-24.7733235,-65.4136126,,,Nodo 12121223132
12884512060,-24.7731571,-65.4148397,,,Nodo 12884512060
4240297273,-24.7718663,-65.414725,,,Nodo 4240297273
4240297277,-24.7711052,-65.4146475,,,Nodo 4240297277
12884512153,-24.7710949,-65.414647,,,Nodo 12884512153
12884512063,-24.7732396,-65.4150457,,,Nodo 12884512063
12254108857,-24.7742522,-65.3996971,,,Nodo 12254108857
12254108858,-24.7742312,-65.3997541,,,Nodo 12254108858
12254108859,-24.7741851,-65.3997957,,,Nodo 12254108859
12254108850,-24.774142,-65.3998287,,,Nodo 12254108850
12254108853,-24.7742168,-65.3998712,,,Nodo 12254108853
4236758015,-24.78304,-65.4020554,,,Nodo 4236758015
4236758032,-24.7830512,-65.4020524,,,Nodo 4236758032
4236758018,-24.7830893,-65.4020387,,,Nodo 4236758018
4236758019,-24.7833189,-65.4019012,,,Nodo 4236758019
4236758028,-24.7834126,-65.4018448,,,Nodo 4236758028
12882427147,-24.7892207,-65.4022209,,,Nodo 12882427147
12882427151,-24.7892383,-65.4018603,,,Nodo 12882427151
12882427105,-24.7901676,-65.4017853,,,Nodo 12882427105
12882427152,-24.7893508,-65.4019355,,,Nodo 12882427152
2124608309,-24.8088851,-65.4163979,,,Nodo 2124608309
12811523339,-24.774973,-65.4076542,,,Nodo 12811523339
12871242909,-24.7894036,-65.392266,,,Nodo 12871242909
1553059544,-24.7896204,-65.3922298,,,Nodo 1553059544
1553059581,-24.7898185,-65.3922021,,,Nodo 1553059581
1553059403,-24.7898821,-65.3922111,,,Nodo 1553059403
12871234193,-24.7899157,-65.3922178,,,Nodo 12871234193
6067604752,-24.7899389,-65.3922225,,,Nodo 6067604752
1553059641,-24.7900277,-65.3922649,,,Nodo 1553059641
11280289117,-24.7901088,-65.3923014,,,Nodo 11280289117
1553059311,-24.7901932,-65.392394,,,Nodo 1553059311
4278690865,-24.7902535,-65.3924945,,,Nodo 4278690865
1553059457,-24.7903114,-65.3925907,,,Nodo 1553059457
1553059676,-24.7903465,-65.3926943,,,Nodo 1553059676
1553059343,-24.7903603,-65.3928247,,,Nodo 1553059343
11280289116,-24.7903758,-65.3929592,,,Nodo 11280289116
1553059582,-24.7903655,-65.3930441,,,Nodo 1553059582
1553059506,-24.7903288,-65.393108,,,Nodo 1553059506
3397746108,-24.7902872,-65.3931452,,,Nodo 3397746108
1553059660,-24.7902273,-65.3931697,,,Nodo 1553059660
1553059585,-24.7901529,-65.3931974,,,Nodo 1553059585
1553059485,-24.7900756,-65.3932346,,,Nodo 1553059485
3397746107,-24.790007,-65.393257,,,Nodo 3397746107
1553059655,-24.7899509,-65.3932815,,,Nodo 1553059655
1553059614,-24.7899041,-65.3932943,,,Nodo 1553059614
3397746106,-24.7898468,-65.3933064,,,Nodo 3397746106
1553059627,-24.7897611,-65.3933089,,,Nodo 1553059627
1553059704,-24.7896446,-65.3933029,,,Nodo 1553059704
1553059529,-24.7895633,-65.3933185,,,Nodo 1553059529
12871234178,-24.789501,-65.3933496,,,Nodo 12871234178
1553059363,-24.7894417,-65.3933943,,,Nodo 1553059363
1553059657,-24.7893943,-65.3934241,,,Nodo 1553059657
12873507143,-24.7942602,-65.3998946,,,Nodo 12873507143
12873507144,-24.7942345,-65.399964,,,Nodo 12873507144
6143794172,-24.7968129,-65.3961858,,,Nodo 6143794172
12287197513,-24.7968409,-65.3962283,,,Nodo 12287197513
6143794173,-24.7968582,-65.3962475,,,Nodo 6143794173
1551402682,-24.7970008,-65.3963874,,,Nodo 1551402682
5938185380,-24.7871271,-65.3997763,,,Nodo 5938185380
12882427323,-24.7871019,-65.399779,,,Nodo 12882427323
12882427316,-24.7864465,-65.3997999,,,Nodo 12882427316
12882427364,-24.7860122,-65.3998122,,,Nodo 12882427364
6511026664,-24.7856492,-65.40267,,,Nodo 6511026664
1260443041,-24.7861422,-65.4026877,,,Nodo 1260443041
12882427290,-24.7864194,-65.4026433,,,Nodo 12882427290
12882427218,-24.7867127,-65.4025963,,,Nodo 12882427218
12884508874,-24.7841319,-65.4028373,,,Nodo 12884508874
12884511706,-24.7839938,-65.4028613,,,Nodo 12884511706
11418618543,-24.7817836,-65.4032647,,,Nodo 11418618543
11418618546,-24.7815045,-65.4032898,,,Nodo 11418618546
11418685896,-24.7812772,-65.4033369,,,Nodo 11418685896
1260443010,-24.7811358,-65.4033481,,,Nodo 1260443010
1260443008,-24.7809533,-65.4033614,,,Nodo 1260443008
11974100108,-24.7807911,-65.4033643,,,Nodo 11974100108
11974100107,-24.780739,-65.4033625,,,Nodo 11974100107
11418685887,-24.7804255,-65.4033357,,,Nodo 11418685887
12884508881,-24.7842119,-65.4031194,,,Nodo 12884508881
12884508880,-24.7843016,-65.4029997,,,Nodo 12884508880
12884511856,-24.7809006,-65.4155155,,,Nodo 12884511856
12884511871,-24.7809842,-65.4143348,,,Nodo 12884511871
12884511993,-24.7794629,-65.4154659,,,Nodo 12884511993
12884512003,-24.7784991,-65.4153792,,,Nodo 12884512003
12884511996,-24.779661,-65.4155823,,,Nodo 12884511996
5910349667,-24.7806124,-65.4156732,,,Nodo 5910349667
12884511858,-24.7806682,-65.4156741,,,Nodo 12884511858
12886768070,-24.7804177,-65.4225467,,,Nodo 12886768070
12886768062,-24.7804943,-65.4213884,,,Nodo 12886768062
12886768100,-24.7802468,-65.4252867,,,Nodo 12886768100
12886768094,-24.7803245,-65.4240377,,,Nodo 12886768094
12886803104,-24.7801581,-65.4255153,,,Nodo 12886803104
12886803113,-24.7800683,-65.4267076,,,Nodo 12886803113
12886803102,-24.7800945,-65.4253859,,,Nodo 12886803102
12886803117,-24.7800497,-65.4269911,,,Nodo 12886803117
5912829457,-24.7799915,-65.4278701,,,Nodo 5912829457
12886803124,-24.7799499,-65.42811,,,Nodo 12886803124
12886803116,-24.7802281,-65.4268631,,,Nodo 12886803116
12886803114,-24.7801352,-65.4267132,,,Nodo 12886803114
12886803105,-24.7802302,-65.4255223,,,Nodo 12886803105
12886803125,-24.7800306,-65.4281147,,,Nodo 12886803125
12886803118,-24.7801134,-65.4269966,,,Nodo 12886803118
1176386765,-24.7890599,-65.4041774,,,Nodo 1176386765
12884511898,-24.7809754,-65.4115078,,,Nodo 12884511898
12259994649,-24.7897978,-65.3974479,,,Nodo 12259994649
12259994648,-24.7897592,-65.3974305,,,Nodo 12259994648
12259994641,-24.7895557,-65.3974116,,,Nodo 12259994641
1551415517,-24.7894746,-65.3974183,,,Nodo 1551415517
2052323132,-24.789006,-65.3974981,,,Nodo 2052323132
2052323125,-24.7887762,-65.3975357,,,Nodo 2052323125
12259994639,-24.788707,-65.397545,,,Nodo 12259994639
2052323119,-24.7886008,-65.3975633,,,Nodo 2052323119
12259994636,-24.7881224,-65.3976854,,,Nodo 12259994636
12259994622,-24.7880063,-65.3977281,,,Nodo 12259994622
2052323105,-24.7879405,-65.3977542,,,Nodo 2052323105
12259994621,-24.7878649,-65.3977914,,,Nodo 12259994621
12259994620,-24.7877839,-65.397833,,,Nodo 12259994620
4236758011,-24.7877298,-65.397861,,,Nodo 4236758011
2052323085,-24.7872319,-65.3981393,,,Nodo 2052323085
4236758012,-24.7871726,-65.3981592,,,Nodo 4236758012
12259994594,-24.7871338,-65.3981652,,,Nodo 12259994594
12259994595,-24.7870918,-65.3981671,,,Nodo 12259994595
12259994587,-24.786823,-65.3981283,,,Nodo 12259994587
12259994596,-24.7867643,-65.3981191,,,Nodo 12259994596
12259994591,-24.7866534,-65.3981247,,,Nodo 12259994591
12259994589,-24.7866074,-65.3981475,,,Nodo 12259994589
13006267813,-24.7738479,-65.397118,,,Nodo 13006267813
13006267812,-24.7738394,-65.3970844,,,Nodo 13006267812
13006267811,-24.7738193,-65.3970657,,,Nodo 13006267811
13006267809,-24.773798,-65.3970603,,,Nodo 13006267809
13006267810,-24.7737748,-65.3970603,,,Nodo 13006267810
1771509747,-24.7726192,-65.4068488,,,Nodo 1771509747
12811523338,-24.7749932,-65.4073537,,,Nodo 12811523338
4240571028,-24.7812748,-65.4227482,,,Nodo 4240571028
12886768071,-24.7804806,-65.422681,,,Nodo 12886768071
4240571030,-24.7817049,-65.4221943,,,Nodo 4240571030
13154791119,-24.7782917,-65.3953859,,,Nodo 13154791119
13154791118,-24.7782528,-65.3948441,,,Nodo 13154791118
13154791117,-24.7783234,-65.3945678,,,Nodo 13154791117
2123976409,-24.7783989,-65.3943238,,,Nodo 2123976409
13154791116,-24.7784184,-65.3941789,,,Nodo 13154791116
13154791115,-24.7783136,-65.3938463,,,Nodo 13154791115
13154791114,-24.7782479,-65.393444,,,Nodo 13154791114
13154791113,-24.7782844,-65.3929746,,,Nodo 13154791113
13154791112,-24.7782942,-65.3927815,,,Nodo 13154791112
12254108916,-24.778185,-65.3925687,,,Nodo 12254108916
985377344,-24.7954573,-65.3928491,,,Nodo 985377344
1771951154,-24.7712865,-65.3952094,,,Nodo 1771951154
1771951147,-24.7711195,-65.3950806,,,Nodo 1771951147
12254108779,-24.7710503,-65.3950161,,,Nodo 12254108779
12254108780,-24.7709988,-65.3949484,,,Nodo 12254108780
1771951138,-24.7709502,-65.3948746,,,Nodo 1771951138
12287197600,-24.8038009,-65.3961376,,,Nodo 12287197600
3894362288,-24.8038302,-65.3961316,,,Nodo 3894362288
12287197599,-24.8038639,-65.3961376,,,Nodo 12287197599
3894362290,-24.8041013,-65.3962307,,,Nodo 3894362290
12882427144,-24.7891106,-65.4019777,,,Nodo 12882427144
12882427161,-24.788346,-65.4021058,,,Nodo 12882427161
6728705697,-24.7882545,-65.4022167,,,Nodo 6728705697
12882427217,-24.787033,-65.4025408,,,Nodo 12882427217
12882427171,-24.7880686,-65.4023439,,,Nodo 12882427171
3904709297,-24.7736832,-65.3931061,,,Nodo 3904709297
13726772468,-24.7752768,-65.4116428,,,Nodo 13726772468
13694686561,-24.7757882,-65.4116804,,,Nodo 13694686561
13712871029,-24.7889068,-65.4061597,,,Nodo 13712871029
13712871028,-24.7881492,-65.4060667,,,Nodo 13712871028
